Centro;Descripcion Centro;Capitulo;Descripcion Capitulo;Economico;Descripcion Economico;PREV.INICIAL;MODIFICACIONES;PREV.DEFINITIV;D. RECON.NETOS;RECAUDADO
001;AYUNTAMIENTO DE MADRID;1;IMPUESTOS DIRECTOS;10000;I.R.P.F.;257552521;0;257552521;92282144,34;92282144,34
001;AYUNTAMIENTO DE MADRID;1;IMPUESTOS DIRECTOS;11200;IBI DE NATURALEZA RÚSTICA;834169;0;834169;10680,31;9773,4
001;AYUNTAMIENTO DE MADRID;1;IMPUESTOS DIRECTOS;11300;IBI DE NATURALEZA URBANA;1480895274;0;1480895274;161877172,9;151382376,9
001;AYUNTAMIENTO DE MADRID;1;IMPUESTOS DIRECTOS;11400;IBI CARACT. ESPECIALES;51441790;0;51441790;0;0
001;AYUNTAMIENTO DE MADRID;1;IMPUESTOS DIRECTOS;11500;IMPUESTO SOBRE VEHÍCULOS DE TRACCIÓN MECÁNICA;138478422;0;138478422;144637281,4;57419447,65
001;AYUNTAMIENTO DE MADRID;1;IMPUESTOS DIRECTOS;11600;IMPUESTO IVTNU;435535109;0;435535109;201879976,7;190446317,3
001;AYUNTAMIENTO DE MADRID;1;IMPUESTOS DIRECTOS;13000;ACTIVIDADES EMPRESARIALES;148964525;0;148964525;26785292,59;22344590,14
001;AYUNTAMIENTO DE MADRID;1;IMPUESTOS DIRECTOS;13001;ACTIVIDADES PROFESIONALES Y ARTÍSTICAS;3069;0;3069;417,66;0
001;AYUNTAMIENTO DE MADRID;2;IMPUESTOS INDIRECTOS;21000;IMPUESTO SOBRE EL VALOR AÑADIDO;106843825;0;106843825;44903130,84;44903130,84
001;AYUNTAMIENTO DE MADRID;2;IMPUESTOS INDIRECTOS;22000;IMPUESTO SOBRE EL ALCOHOL Y BEBIDAS DERIVADAS;288199;0;288199;512502,42;512502,42
001;AYUNTAMIENTO DE MADRID;2;IMPUESTOS INDIRECTOS;22001;IMPUESTO SOBRE LA CERVEZA;372276;0;372276;164772,24;164772,24
001;AYUNTAMIENTO DE MADRID;2;IMPUESTOS INDIRECTOS;22003;IMPUESTO SOBRE LABORES DE TABACO;6795798;0;6795798;2807445,18;2807445,18
001;AYUNTAMIENTO DE MADRID;2;IMPUESTOS INDIRECTOS;22004;IMPUESTO SOBRE HIDROCARBUROS;6057323;0;6057323;4099150,56;4099150,56
001;AYUNTAMIENTO DE MADRID;2;IMPUESTOS INDIRECTOS;22006;IMPUESTO SOBRE PRODUCTOS INTERMEDIOS;3947;0;3947;14144,82;14144,82
001;AYUNTAMIENTO DE MADRID;2;IMPUESTOS INDIRECTOS;29000;IMPUESTO S/CONSTRUCCIONES, INSTALAC. Y OBRAS;126000000;0;126000000;70125405,17;66286697,53
001;AYUNTAMIENTO DE MADRID;2;IMPUESTOS INDIRECTOS;29100;IMPUESTO COTOS DE CAZA Y PESCA;360;0;360;0;0
001;AYUNTAMIENTO DE MADRID;3;TASAS, PRECIOS PÚBLICOS Y OTROS INGRESOS;30200;RETIRADA CONTENEDORES DE LA VÍA PÚBLICA;115000;0;115000;53449,86;41848,34
001;AYUNTAMIENTO DE MADRID;3;TASAS, PRECIOS PÚBLICOS Y OTROS INGRESOS;30300;TASA POR GESTIÓN DE RESIDUOS;293080765;0;293080765;-64862,59;-64862,59
001;AYUNTAMIENTO DE MADRID;3;TASAS, PRECIOS PÚBLICOS Y OTROS INGRESOS;30301;VERTEDERO;2923857;0;2923857;1026732,09;567819,68
001;AYUNTAMIENTO DE MADRID;3;TASAS, PRECIOS PÚBLICOS Y OTROS INGRESOS;30302;RECOGIDA DE DESECHOS E INCINERACIÓN;61545;0;61545;22991,74;17097,64
001;AYUNTAMIENTO DE MADRID;3;TASAS, PRECIOS PÚBLICOS Y OTROS INGRESOS;30500;SERVICIOS DE HIGIENE Y SALUD PÚBLICA;83691;0;83691;37469,86;28602
001;AYUNTAMIENTO DE MADRID;3;TASAS, PRECIOS PÚBLICOS Y OTROS INGRESOS;30600;MANTENIMIENTO DEL SERVICIO DE BOMBEROS;21353493;0;21353493;21816563,5;21816563,5
001;AYUNTAMIENTO DE MADRID;3;TASAS, PRECIOS PÚBLICOS Y OTROS INGRESOS;30900;BOLETIN AYUNTAMIENTO DE MADRID;1000;0;1000;666,02;666,02
001;AYUNTAMIENTO DE MADRID;3;TASAS, PRECIOS PÚBLICOS Y OTROS INGRESOS;30901;CENTRO MUNICIPAL DE ACÚSTICA;2000;0;2000;620;620
001;AYUNTAMIENTO DE MADRID;3;TASAS, PRECIOS PÚBLICOS Y OTROS INGRESOS;30902;TRANSPORTES ESPECIALES;25000;0;25000;31722,6;31722,6
001;AYUNTAMIENTO DE MADRID;3;TASAS, PRECIOS PÚBLICOS Y OTROS INGRESOS;30903;COPIAS, FOTOCOPIAS Y FOTOGRAFÍAS;51827;0;51827;17849,48;17849,48
001;AYUNTAMIENTO DE MADRID;3;TASAS, PRECIOS PÚBLICOS Y OTROS INGRESOS;30904;GALERIAS MUNICIPALES DE SERVICIOS;6198351;0;6198351;2581126,66;1328646,54
001;AYUNTAMIENTO DE MADRID;3;TASAS, PRECIOS PÚBLICOS Y OTROS INGRESOS;30905;DERECHOS DE EXAMEN;236000;0;236000;276999,38;276999,38
001;AYUNTAMIENTO DE MADRID;3;TASAS, PRECIOS PÚBLICOS Y OTROS INGRESOS;30998;TASAS EXTINGUIDAS SERV. PÚBLICOS BÁSICOS;0;0;0;2787808,63;1886502,51
001;AYUNTAMIENTO DE MADRID;3;TASAS, PRECIOS PÚBLICOS Y OTROS INGRESOS;31100;SERVICIOS SANITARIOS;1100000;0;1100000;819467,02;517153,02
001;AYUNTAMIENTO DE MADRID;3;TASAS, PRECIOS PÚBLICOS Y OTROS INGRESOS;31600;PLANETARIO DE MADRID;360000;0;360000;228082,61;228082,61
001;AYUNTAMIENTO DE MADRID;3;TASAS, PRECIOS PÚBLICOS Y OTROS INGRESOS;31900;MATRIMONIOS CIVILES;150607;0;150607;110280;110280
001;AYUNTAMIENTO DE MADRID;3;TASAS, PRECIOS PÚBLICOS Y OTROS INGRESOS;32100;LICENCIAS URBANÍSTICAS;11374089;0;11374089;4836882;3500484,21
001;AYUNTAMIENTO DE MADRID;3;TASAS, PRECIOS PÚBLICOS Y OTROS INGRESOS;32102;DECLARACIONES RESPONSABLES;5467354;0;5467354;2992955,46;2938483,78
001;AYUNTAMIENTO DE MADRID;3;TASAS, PRECIOS PÚBLICOS Y OTROS INGRESOS;32199;OTRAS PRESTACIONES URBANÍSTICAS;2559792;0;2559792;1181404,33;779176,45
001;AYUNTAMIENTO DE MADRID;3;TASAS, PRECIOS PÚBLICOS Y OTROS INGRESOS;32200;LICENCIAS DE PRIMERA OCUPACIÓN;1482211;0;1482211;690801,61;639602,75
001;AYUNTAMIENTO DE MADRID;3;TASAS, PRECIOS PÚBLICOS Y OTROS INGRESOS;32500;EXPEDICIÓN DOCUMENTOS ADMINISTRATIVOS;1415021;0;1415021;824807,14;824701,23
001;AYUNTAMIENTO DE MADRID;3;TASAS, PRECIOS PÚBLICOS Y OTROS INGRESOS;32600;RETIRADA DE VEHÍCULOS DE LA VÍA PÚBLICA;9018568;0;9018568;4295553,59;2682406,39
001;AYUNTAMIENTO DE MADRID;3;TASAS, PRECIOS PÚBLICOS Y OTROS INGRESOS;32900;AUTOTAXIS;1014300;0;1014300;631010,56;631010,56
001;AYUNTAMIENTO DE MADRID;3;TASAS, PRECIOS PÚBLICOS Y OTROS INGRESOS;32998;TASAS EXTING. REAL. ACTIV;245417;0;245417;110515,09;110515,09
001;AYUNTAMIENTO DE MADRID;3;TASAS, PRECIOS PÚBLICOS Y OTROS INGRESOS;32999;OTRAS TASAS POR REALIZACIÓN DE ACTIVIDADES;89907;0;89907;4523,34;4523,34
001;AYUNTAMIENTO DE MADRID;3;TASAS, PRECIOS PÚBLICOS Y OTROS INGRESOS;33000;ESTACIONAMIENTO DE VEHÍCULOS DE RESIDENTES;7390598;0;7390598;885103,77;885103,77
001;AYUNTAMIENTO DE MADRID;3;TASAS, PRECIOS PÚBLICOS Y OTROS INGRESOS;33001;VEHÍCULOS COM. E IND.;7700544;0;7700544;2134890,31;2134890,31
001;AYUNTAMIENTO DE MADRID;3;TASAS, PRECIOS PÚBLICOS Y OTROS INGRESOS;33003;TALLERES DE REPARACIÓN;25096;0;25096;17640;17640
001;AYUNTAMIENTO DE MADRID;3;TASAS, PRECIOS PÚBLICOS Y OTROS INGRESOS;33011;ESTACIONAMIENTO DE VEHÍCULOS LOTE 1;15212596;0;15212596;6842575,5;6562196,4
001;AYUNTAMIENTO DE MADRID;3;TASAS, PRECIOS PÚBLICOS Y OTROS INGRESOS;33012;ESTACIONAMIENTO DE VEHÍCULOS LOTE 2;22317694;0;22317694;10844770,85;10399281,4
001;AYUNTAMIENTO DE MADRID;3;TASAS, PRECIOS PÚBLICOS Y OTROS INGRESOS;33013;ESTACIONAMIENTO DE VEHÍCULOS LOTE 3;13678212;0;13678212;6241099,79;5976288,04
001;AYUNTAMIENTO DE MADRID;3;TASAS, PRECIOS PÚBLICOS Y OTROS INGRESOS;33017;ESTACIONAMIENTO DE VEHÍCULOS LOTE 4;18979015;0;18979015;8623714,54;8262267,19
001;AYUNTAMIENTO DE MADRID;3;TASAS, PRECIOS PÚBLICOS Y OTROS INGRESOS;33100;ENTRADA DE VEHÍCULOS;27851344;0;27851344;27977900,59;5821359,76
001;AYUNTAMIENTO DE MADRID;3;TASAS, PRECIOS PÚBLICOS Y OTROS INGRESOS;33200;EMPRESAS EXPLOTADORAS SERV. DE SUMINISTROS;50000000;0;50000000;24536062,08;15428232,42
001;AYUNTAMIENTO DE MADRID;3;TASAS, PRECIOS PÚBLICOS Y OTROS INGRESOS;33300;EMPRESAS TELECOMUNICAC. MÓVILE;262399;0;262399;-144877,46;-144877,46
001;AYUNTAMIENTO DE MADRID;3;TASAS, PRECIOS PÚBLICOS Y OTROS INGRESOS;33400;TASA POR APERTURA DE CALAS Y ZANJAS;307850;0;307850;204849,59;204609,11
001;AYUNTAMIENTO DE MADRID;3;TASAS, PRECIOS PÚBLICOS Y OTROS INGRESOS;33500;TERRAZAS;13660251;0;13660251;262454,19;75371,57
001;AYUNTAMIENTO DE MADRID;3;TASAS, PRECIOS PÚBLICOS Y OTROS INGRESOS;33600;TASA CAJEROS AUTOMÁTICOS;440048;0;440048;333505,05;121412,69
001;AYUNTAMIENTO DE MADRID;3;TASAS, PRECIOS PÚBLICOS Y OTROS INGRESOS;33800;COMPENSACIÓN TELEFÓNICA, S.A. (LEY 15/87);14414588;0;14414588;5991028,61;5991028,61
001;AYUNTAMIENTO DE MADRID;3;TASAS, PRECIOS PÚBLICOS Y OTROS INGRESOS;33900;VALLAS Y ANDAMIOS;10717973;0;10717973;5344572,8;3947067,12
001;AYUNTAMIENTO DE MADRID;3;TASAS, PRECIOS PÚBLICOS Y OTROS INGRESOS;33901;PUESTOS;1610163;0;1610163;730661,09;377976,19
001;AYUNTAMIENTO DE MADRID;3;TASAS, PRECIOS PÚBLICOS Y OTROS INGRESOS;33902;FIESTAS CALLEJERAS;53119;0;53119;11831,63;10448,24
001;AYUNTAMIENTO DE MADRID;3;TASAS, PRECIOS PÚBLICOS Y OTROS INGRESOS;33903;USOS PARTICULARES DEL SUBSUELO;337907;0;337907;0;0
001;AYUNTAMIENTO DE MADRID;3;TASAS, PRECIOS PÚBLICOS Y OTROS INGRESOS;33904;SURTIDORES DE GASOLINA;502711;0;502711;-18129,64;-18129,64
001;AYUNTAMIENTO DE MADRID;3;TASAS, PRECIOS PÚBLICOS Y OTROS INGRESOS;33905;CONTENEDORES;1500000;0;1500000;1473571,82;1473571,82
001;AYUNTAMIENTO DE MADRID;3;TASAS, PRECIOS PÚBLICOS Y OTROS INGRESOS;33906;PUBLICIDAD EN VALLAS, ANDAMIOS Y SIMILARES;52195;0;52195;93422,23;70805,95
001;AYUNTAMIENTO DE MADRID;3;TASAS, PRECIOS PÚBLICOS Y OTROS INGRESOS;33907;ACCIONES PUBLICITARIAS EN LA VÍA PÚBLICA;1426701;0;1426701;346594,16;332733,74
001;AYUNTAMIENTO DE MADRID;3;TASAS, PRECIOS PÚBLICOS Y OTROS INGRESOS;33999;OTROS APROVECHAMIENTOS;9372406;0;9372406;3964727,11;3104042,17
001;AYUNTAMIENTO DE MADRID;3;TASAS, PRECIOS PÚBLICOS Y OTROS INGRESOS;34100;ASESORAMIENTO SANITARIO Y VACUNAS;41649;0;41649;45838,46;45838,46
001;AYUNTAMIENTO DE MADRID;3;TASAS, PRECIOS PÚBLICOS Y OTROS INGRESOS;34101;ANÁLISIS CLÍNICOS;9157;0;9157;2380,13;879,32
001;AYUNTAMIENTO DE MADRID;3;TASAS, PRECIOS PÚBLICOS Y OTROS INGRESOS;34200;ESCUELA DE CERÁMICA;68000;0;68000;36507,9;36507,9
001;AYUNTAMIENTO DE MADRID;3;TASAS, PRECIOS PÚBLICOS Y OTROS INGRESOS;34300;PISCINAS E INSTALACIONES DEPORTIVAS;35376522;0;35376522;11867569,94;11867569,94
001;AYUNTAMIENTO DE MADRID;3;TASAS, PRECIOS PÚBLICOS Y OTROS INGRESOS;34600;TALLERES CULTURALES;10036294;0;10036294;6022915,33;6022915,33
001;AYUNTAMIENTO DE MADRID;3;TASAS, PRECIOS PÚBLICOS Y OTROS INGRESOS;34601;ACTIVIDADES SOCIALES Y CULTURALES;98448;0;98448;27212,76;27212,76
001;AYUNTAMIENTO DE MADRID;3;TASAS, PRECIOS PÚBLICOS Y OTROS INGRESOS;34602;RESIDENCIAS MUNICIPALES;108667;0;108667;78985,57;78985,57
001;AYUNTAMIENTO DE MADRID;3;TASAS, PRECIOS PÚBLICOS Y OTROS INGRESOS;34603;SERVICIO DE COMEDOR;51576;0;51576;25710,3;25710,3
001;AYUNTAMIENTO DE MADRID;3;TASAS, PRECIOS PÚBLICOS Y OTROS INGRESOS;34606;CENTROS ESCOLARES ABIERTOS;1045175;0;1045175;1088401,32;1088401,32
001;AYUNTAMIENTO DE MADRID;3;TASAS, PRECIOS PÚBLICOS Y OTROS INGRESOS;34607;ESCUELAS INFANTILES MUNICIPALES;129000;0;129000;998,65;998,65
001;AYUNTAMIENTO DE MADRID;3;TASAS, PRECIOS PÚBLICOS Y OTROS INGRESOS;34699;OTROS SERVICIOS SOCIO CULTURALES;15000;0;15000;15000;13500
001;AYUNTAMIENTO DE MADRID;3;TASAS, PRECIOS PÚBLICOS Y OTROS INGRESOS;34700;OBRAS POR PASOS DE CARRUAJES;0;14941,25;14941,25;106486,62;87797,91
001;AYUNTAMIENTO DE MADRID;3;TASAS, PRECIOS PÚBLICOS Y OTROS INGRESOS;34701;OBRAS EN LA VÍA PUBLICA - DISTRITOS;51294;0;51294;17227,52;14231,77
001;AYUNTAMIENTO DE MADRID;3;TASAS, PRECIOS PÚBLICOS Y OTROS INGRESOS;34702;OTRAS OBRAS EN LA VÍA PÚBLICA;75000;0;75000;87188,74;87188,74
001;AYUNTAMIENTO DE MADRID;3;TASAS, PRECIOS PÚBLICOS Y OTROS INGRESOS;34901;CASAS DE BAÑO;45000;0;45000;29630,5;29630,5
001;AYUNTAMIENTO DE MADRID;3;TASAS, PRECIOS PÚBLICOS Y OTROS INGRESOS;34999;OTROS PRECIOS PÚBLICOS;508522;0;508522;307172,07;182082,1
001;AYUNTAMIENTO DE MADRID;3;TASAS, PRECIOS PÚBLICOS Y OTROS INGRESOS;36001;REVISTAS Y DEMÁS PUBLICACIONES;20000;0;20000;26360,93;16062,81
001;AYUNTAMIENTO DE MADRID;3;TASAS, PRECIOS PÚBLICOS Y OTROS INGRESOS;36004;VENTA DE ELECTRICIDAD;15000;0;15000;6355,84;6225,16
001;AYUNTAMIENTO DE MADRID;3;TASAS, PRECIOS PÚBLICOS Y OTROS INGRESOS;36006;VENTA DE RESIDUOS;34815;0;34815;19747,71;17170,99
001;AYUNTAMIENTO DE MADRID;3;TASAS, PRECIOS PÚBLICOS Y OTROS INGRESOS;38900;PAGOS DE  EJERCICIOS ANTERIORES;42803564;0;42803564;46505596,15;45041040,34
001;AYUNTAMIENTO DE MADRID;3;TASAS, PRECIOS PÚBLICOS Y OTROS INGRESOS;38903;REINTEGROS PAGO IBI ESTACIONES;322000;0;322000;0;0
001;AYUNTAMIENTO DE MADRID;3;TASAS, PRECIOS PÚBLICOS Y OTROS INGRESOS;38999;OTROS REINTEGROS;12665;0;12665;366232,12;138239,19
001;AYUNTAMIENTO DE MADRID;3;TASAS, PRECIOS PÚBLICOS Y OTROS INGRESOS;39100;INFRACCIONES URBANÍSTICAS;732182;0;732182;1845087,94;256165,65
001;AYUNTAMIENTO DE MADRID;3;TASAS, PRECIOS PÚBLICOS Y OTROS INGRESOS;39110;INFRACCIONES TRIBUTARIAS Y ANÁLOGAS;6215546;0;6215546;3706651,98;3150841,47
001;AYUNTAMIENTO DE MADRID;3;TASAS, PRECIOS PÚBLICOS Y OTROS INGRESOS;39120;INFRACCIONES ORDENANZA DE CIRCULACIÓN;208490000;0;208490000;117999424,4;57259038,62
001;AYUNTAMIENTO DE MADRID;3;TASAS, PRECIOS PÚBLICOS Y OTROS INGRESOS;39130;MULTAS COERCITIVAS;1254393;0;1254393;1137431,39;173074,43
001;AYUNTAMIENTO DE MADRID;3;TASAS, PRECIOS PÚBLICOS Y OTROS INGRESOS;39190;OTRAS MULTAS Y SANCIONES;11599245;0;11599245;15756389,82;4830383,6
001;AYUNTAMIENTO DE MADRID;3;TASAS, PRECIOS PÚBLICOS Y OTROS INGRESOS;39200;RECARGO POR EXTEMPORANEIDAD;1010292;0;1010292;584539,83;547069,81
001;AYUNTAMIENTO DE MADRID;3;TASAS, PRECIOS PÚBLICOS Y OTROS INGRESOS;39210;RECARGO EJECUTIVO;8412902;0;8412902;2916506,19;2916506,19
001;AYUNTAMIENTO DE MADRID;3;TASAS, PRECIOS PÚBLICOS Y OTROS INGRESOS;39211;RECARGO DE APREMIO;17435171;0;17435171;6963698,48;6963698,48
001;AYUNTAMIENTO DE MADRID;3;TASAS, PRECIOS PÚBLICOS Y OTROS INGRESOS;39300;INTERESES DE DEMORA;12019872;0;12019872;4948913,9;4651904,79
001;AYUNTAMIENTO DE MADRID;3;TASAS, PRECIOS PÚBLICOS Y OTROS INGRESOS;39610;POLÍGONOS DE COOPERACIÓN;0;0;0;6274,52;6274,52
001;AYUNTAMIENTO DE MADRID;3;TASAS, PRECIOS PÚBLICOS Y OTROS INGRESOS;39611;DE PART.PARA URBANIZACIÓN;9980600;3033232,83;13013832,83;1034768,63;918785,5
001;AYUNTAMIENTO DE MADRID;3;TASAS, PRECIOS PÚBLICOS Y OTROS INGRESOS;39710;OTROS APROV. URBANÍSTICOS;5728905;0;5728905;6281163,8;5850414,8
001;AYUNTAMIENTO DE MADRID;3;TASAS, PRECIOS PÚBLICOS Y OTROS INGRESOS;39800;INDEMNIZACIONES DE SEGUROS DE NO VIDA;38543;42662,58;81205,58;19654,79;19654,79
001;AYUNTAMIENTO DE MADRID;3;TASAS, PRECIOS PÚBLICOS Y OTROS INGRESOS;39901;RECURSOS EVENTUALES;894707;0;894707;-91951,33;-175712,5
001;AYUNTAMIENTO DE MADRID;3;TASAS, PRECIOS PÚBLICOS Y OTROS INGRESOS;39902;INGRESOS POR ACCIÓN SUBSIDIARIA;0;23700,97;23700,97;357964,65;87610,43
001;AYUNTAMIENTO DE MADRID;3;TASAS, PRECIOS PÚBLICOS Y OTROS INGRESOS;39904;CONSUMOS EDIFICIOS MUNICIPALES;284398;0;284398;431885,4;221944,79
001;AYUNTAMIENTO DE MADRID;3;TASAS, PRECIOS PÚBLICOS Y OTROS INGRESOS;39905;INCAUTACIÓN GARANTÍAS DE CONTRATOS;0;0;0;3725,6;3725,6
001;AYUNTAMIENTO DE MADRID;3;TASAS, PRECIOS PÚBLICOS Y OTROS INGRESOS;39906;IMPORTE ANUNCIOS A CARGO DE PARTICULARES;0;0;0;36518,11;36518,11
001;AYUNTAMIENTO DE MADRID;3;TASAS, PRECIOS PÚBLICOS Y OTROS INGRESOS;39908;ACTIVIDADES AL AIRE LIBRE;4199;0;4199;938,85;938,85
001;AYUNTAMIENTO DE MADRID;3;TASAS, PRECIOS PÚBLICOS Y OTROS INGRESOS;39909;ESCUELAS INFANTILES;9000;0;9000;6388,57;6388,57
001;AYUNTAMIENTO DE MADRID;3;TASAS, PRECIOS PÚBLICOS Y OTROS INGRESOS;39910;COSTAS IMPUESTAS POR EL TEAM;0;0;0;469,12;156,37
001;AYUNTAMIENTO DE MADRID;3;TASAS, PRECIOS PÚBLICOS Y OTROS INGRESOS;39914;CONTROL DE CALIDAD;0;0;0;278640,4;278640,4
001;AYUNTAMIENTO DE MADRID;3;TASAS, PRECIOS PÚBLICOS Y OTROS INGRESOS;39920;SISTEMA DE GESTIÓN DE ENVASES;40072800;0;40072800;23140667,62;22511180,68
001;AYUNTAMIENTO DE MADRID;3;TASAS, PRECIOS PÚBLICOS Y OTROS INGRESOS;39921;SISTEMA GESTIÓN RESIDUOS ELÉCT;600000;0;600000;303395,18;145483,64
001;AYUNTAMIENTO DE MADRID;3;TASAS, PRECIOS PÚBLICOS Y OTROS INGRESOS;39922;LIQUIDACIÓN CANON CONTROL DE VERTIDOS;15833092;0;15833092;0;0
001;AYUNTAMIENTO DE MADRID;3;TASAS, PRECIOS PÚBLICOS Y OTROS INGRESOS;39923;INDEMNIZACIONES POR SENTENCIAS;500;0;500;181102,8;181102,8
001;AYUNTAMIENTO DE MADRID;3;TASAS, PRECIOS PÚBLICOS Y OTROS INGRESOS;39925;ACTUAC.RECUPERACIÓN DE OFICIO;17000;0;17000;3915,72;1670,96
001;AYUNTAMIENTO DE MADRID;3;TASAS, PRECIOS PÚBLICOS Y OTROS INGRESOS;39980;EMBARGOS Y/O COMPENS. RECAUD.;223702;0;223702;465203,64;465203,64
001;AYUNTAMIENTO DE MADRID;3;TASAS, PRECIOS PÚBLICOS Y OTROS INGRESOS;39992;DAÑOS Y PERJUICIOS. OBLIGACIONES CONTRACTUALES;0;0;0;3920568,37;2756631,67
001;AYUNTAMIENTO DE MADRID;3;TASAS, PRECIOS PÚBLICOS Y OTROS INGRESOS;39999;OTROS INGRESOS DIVERSOS;255892;23086,52;278978,52;-174462,93;-243616,36
001;AYUNTAMIENTO DE MADRID;4;TRANSFERENCIAS CORRIENTES;42010;FONDO COMPLEMENTARIO DE FINANCIACIÓN;2240201562;0;2240201562;873430601,5;873430601,5
001;AYUNTAMIENTO DE MADRID;4;TRANSFERENCIAS CORRIENTES;42020;COMPENSACIÓN POR BENEFICIOS FISCALES;680780;0;680780;743225,48;743225,48
001;AYUNTAMIENTO DE MADRID;4;TRANSFERENCIAS CORRIENTES;42030;PACTO DE ESTADO CONTRA LA VIOLENCIA DE GÉNERO;655080;0;655080;0;0
001;AYUNTAMIENTO DE MADRID;4;TRANSFERENCIAS CORRIENTES;42102;DEL INSTITUTO NACIONAL DE ESTADÍSTICA (INE);37000;0;37000;0;0
001;AYUNTAMIENTO DE MADRID;4;TRANSFERENCIAS CORRIENTES;42201;NEXT GEN.EU. RESTAURACION ECOS;0;0;0;203546,75;203546,75
001;AYUNTAMIENTO DE MADRID;4;TRANSFERENCIAS CORRIENTES;42300;DE LA S.E. LOTERÍAS Y APUESTAS DEL ESTADO;350000;0;350000;0;0
001;AYUNTAMIENTO DE MADRID;4;TRANSFERENCIAS CORRIENTES;42392;NEXT GEN. EU. ECOSIST DIGITAL;0;0;0;1600000;1600000
001;AYUNTAMIENTO DE MADRID;4;TRANSFERENCIAS CORRIENTES;45002;C. MADRID - ATENCIÓN DEPENDENC;106000000;0;106000000;0;0
001;AYUNTAMIENTO DE MADRID;4;TRANSFERENCIAS CORRIENTES;45021;COMUNIDAD DE MADRID. PLAN CORRESPONSABLES;7492457;0;7492457;0;0
001;AYUNTAMIENTO DE MADRID;4;TRANSFERENCIAS CORRIENTES;45032;C.M.-EDUCACIÓN.ABSENTISM.;400000;0;400000;0;0
001;AYUNTAMIENTO DE MADRID;4;TRANSFERENCIAS CORRIENTES;45050;C.M. -C. O. VILLAVERDE;1314633;0;1314633;625294,4;625294,4
001;AYUNTAMIENTO DE MADRID;4;TRANSFERENCIAS CORRIENTES;45060;OTROS CONVENIOS DE LA COMUNIDAD DE MADRID;7039973;0;7039973;7103145,01;7103145,01
001;AYUNTAMIENTO DE MADRID;4;TRANSFERENCIAS CORRIENTES;45062;C.M.-ERRADIC. VIOL.GÉNERO;662635;0;662635;331317,15;331317,15
001;AYUNTAMIENTO DE MADRID;4;TRANSFERENCIAS CORRIENTES;45080;OTRAS SUBVENCIONES DE LA COMUNIDAD DE MADRID;250000;0;250000;0;0
001;AYUNTAMIENTO DE MADRID;4;TRANSFERENCIAS CORRIENTES;46299;OTRAS TRANSFERENCIAS DE AYUNTAMIENTOS;9000;0;9000;0;0
001;AYUNTAMIENTO DE MADRID;4;TRANSFERENCIAS CORRIENTES;47000;PARA ACT. DEP.,CULT. Y E.;8000;102891;110891;121041;121041
001;AYUNTAMIENTO DE MADRID;4;TRANSFERENCIAS CORRIENTES;47001;FORO POR MADRID;350000;101050;451050;560000;560000
001;AYUNTAMIENTO DE MADRID;4;TRANSFERENCIAS CORRIENTES;48003;DE LA FUNDACIÓN ESPECIAL CAJAMADRID;0;0;0;0;0
001;AYUNTAMIENTO DE MADRID;4;TRANSFERENCIAS CORRIENTES;48019;PARA ACTUACIONES COVID-19;0;0;0;3474,89;3474,89
001;AYUNTAMIENTO DE MADRID;4;TRANSFERENCIAS CORRIENTES;49702;PROYECTO EUGENIA;0;0;0;0;0
001;AYUNTAMIENTO DE MADRID;4;TRANSFERENCIAS CORRIENTES;49703;PROYECTO VIRTUOUS;0;9000;9000;0;0
001;AYUNTAMIENTO DE MADRID;4;TRANSFERENCIAS CORRIENTES;49704;PROYECTO SHIELDED;0;20977,2;20977,2;0;0
001;AYUNTAMIENTO DE MADRID;4;TRANSFERENCIAS CORRIENTES;49705;PROYECTO EMC3;0;38000;38000;42359,38;42359,38
001;AYUNTAMIENTO DE MADRID;4;TRANSFERENCIAS CORRIENTES;49706;PROYECTO MOBILITIES FOR EU;0;0;0;0;0
001;AYUNTAMIENTO DE MADRID;4;TRANSFERENCIAS CORRIENTES;49799;OTRAS TRANSFERENCIAS DE LA UNIÓN EUROPEA;0;12032,82;12032,82;139050,12;139050,12
001;AYUNTAMIENTO DE MADRID;4;TRANSFERENCIAS CORRIENTES;49899;DE OTROS PROGRAMAS DE LA UNIÓN EUROPEA;0;62736,77;62736,77;26214,25;26214,25
001;AYUNTAMIENTO DE MADRID;5;INGRESOS PATRIMONIALES;51430;DE PRÉSTAMOS A OTROS ORGANISMOS PÚBLICOS;111074;0;111074;111073,76;111073,76
001;AYUNTAMIENTO DE MADRID;5;INGRESOS PATRIMONIALES;52000;INTERESES CUENTAS EN BANCOS Y CAJAS DE AHORRO;9042850;0;9042850;11523929,05;11523929,05
001;AYUNTAMIENTO DE MADRID;5;INGRESOS PATRIMONIALES;52061;INTERESES CUENTA BANCARIA REST;0;0;0;3678,1;3678,1
001;AYUNTAMIENTO DE MADRID;5;INGRESOS PATRIMONIALES;52077;INTERESES CUENTA BANCARIA REST;0;0;0;146992;146992
001;AYUNTAMIENTO DE MADRID;5;INGRESOS PATRIMONIALES;52081;INTERESES CUENTA BANCARIA REST;0;0;0;146088,09;146088,09
001;AYUNTAMIENTO DE MADRID;5;INGRESOS PATRIMONIALES;53400;DE SDADES.Y ENT. DEL AYTO;11876823;0;11876823;0;0
001;AYUNTAMIENTO DE MADRID;5;INGRESOS PATRIMONIALES;53410;SOC. Y ENTID. NO DEPENDIENTES;17000000;0;17000000;2201525,96;2813,04
001;AYUNTAMIENTO DE MADRID;5;INGRESOS PATRIMONIALES;54100;ARRENDAMIENTO DE INMUEBLES URBANOS;99279;0;99279;49223,83;41763,61
001;AYUNTAMIENTO DE MADRID;5;INGRESOS PATRIMONIALES;55001;CANON APARCAMIENTOS;7041437;0;7041437;3771964,68;3589826,22
001;AYUNTAMIENTO DE MADRID;5;INGRESOS PATRIMONIALES;55003;CANON PARQUE DE ATRACCIONES;345000;0;345000;219373,52;219373,52
001;AYUNTAMIENTO DE MADRID;5;INGRESOS PATRIMONIALES;55004;CANON PARQUE ZOOLÓGICO;25000;0;25000;12500;12500
001;AYUNTAMIENTO DE MADRID;5;INGRESOS PATRIMONIALES;55005;CANON CASA CONTRABANDISTAS;874954;0;874954;799981,7;799981,7
001;AYUNTAMIENTO DE MADRID;5;INGRESOS PATRIMONIALES;55007;CANON QUIOSCOS PARQUES Y JARDINES;3047983;0;3047983;3214070,12;2457693,29
001;AYUNTAMIENTO DE MADRID;5;INGRESOS PATRIMONIALES;55008;CANON CASETAS CLAUDIO MOYANO;59707;0;59707;34705,04;26617,84
001;AYUNTAMIENTO DE MADRID;5;INGRESOS PATRIMONIALES;55009;CANON M-30;769996;0;769996;0;0
001;AYUNTAMIENTO DE MADRID;5;INGRESOS PATRIMONIALES;55010;CANON PALACIO DE HIELO;414015;0;414015;209905,93;209905,93
001;AYUNTAMIENTO DE MADRID;5;INGRESOS PATRIMONIALES;55013;CANON RESTAURANTE PLATAFORMA PUENTE DEL REY;102336;0;102336;53425,54;53425,54
001;AYUNTAMIENTO DE MADRID;5;INGRESOS PATRIMONIALES;55014;CANON UTILIZACIÓN DEL SUELO;766795;0;766795;1180873,86;1180873,86
001;AYUNTAMIENTO DE MADRID;5;INGRESOS PATRIMONIALES;55015;CANON LOCALES COMERCIALES EN APARCAMIENTOS;0;0;0;1241,49;1241,49
001;AYUNTAMIENTO DE MADRID;5;INGRESOS PATRIMONIALES;55016;CANON INSTALACIONES DEPORTIVAS DISTRITOS;3370695;0;3370695;2071192,56;1951442,61
001;AYUNTAMIENTO DE MADRID;5;INGRESOS PATRIMONIALES;55017;CANON OTRAS INSTALACIONES DISTRITOS;57385;0;57385;13977,4;13977,4
001;AYUNTAMIENTO DE MADRID;5;INGRESOS PATRIMONIALES;55018;CANON MERCADOS DISTRITO Y CENTROS COMERCIALES;1000000;0;1000000;500785,97;344002,32
001;AYUNTAMIENTO DE MADRID;5;INGRESOS PATRIMONIALES;55020;CANON COLUMNAS INFORMATIVAS;13626400;0;13626400;6943200;6943200
001;AYUNTAMIENTO DE MADRID;5;INGRESOS PATRIMONIALES;55022;CANON ESTACIÓN TRANSPORTES MERCANCÍAS;400000;0;400000;433375,94;433375,94
001;AYUNTAMIENTO DE MADRID;5;INGRESOS PATRIMONIALES;55027;CANON ESTACIÓN SUR DE AUTOBUSES;168735;0;168735;207410,32;204869,93
001;AYUNTAMIENTO DE MADRID;5;INGRESOS PATRIMONIALES;55029;CANON QUIOSCOS DE LOTERÍAS;47622;0;47622;71653,48;69560,45
001;AYUNTAMIENTO DE MADRID;5;INGRESOS PATRIMONIALES;55030;CANON QUIOSCOS DE PRENSA Y TABACOS;358703;0;358703;307183,01;217475,94
001;AYUNTAMIENTO DE MADRID;5;INGRESOS PATRIMONIALES;55031;CANON CAF. Y QUIOSCOS I.D;15200;0;15200;15695,83;11695,83
001;AYUNTAMIENTO DE MADRID;5;INGRESOS PATRIMONIALES;55032;CANON MÁQUINAS VENDING EN INST.MUNICIPALES;129109;0;129109;79817,52;74681,01
001;AYUNTAMIENTO DE MADRID;5;INGRESOS PATRIMONIALES;55036;APARCAMIENTO Mº JUSTICIA PZA.VILLA PARIS;501263;0;501263;501263;501263
001;AYUNTAMIENTO DE MADRID;5;INGRESOS PATRIMONIALES;55037;CANON HOTEL CASA DE LA CARNICERÍA;420000;0;420000;294837,24;294837,24
001;AYUNTAMIENTO DE MADRID;5;INGRESOS PATRIMONIALES;55040;CANON RECOGIDA Y GESTIÓN DEL A;15000;0;15000;7565,7;7565,7
001;AYUNTAMIENTO DE MADRID;5;INGRESOS PATRIMONIALES;55041;CANON ACCESO SUBTERRÁNEO AL COMPLEJO CANALEJAS;48113;0;48113;67614,4;67614,4
001;AYUNTAMIENTO DE MADRID;5;INGRESOS PATRIMONIALES;55042;CANON PALACIO MUNICIPAL DE CONGRESOS;343000;0;343000;100000;100000
001;AYUNTAMIENTO DE MADRID;5;INGRESOS PATRIMONIALES;55044;CANON QUIOSCO HOSTERLERÍA PLAZA DE ESPAÑA;0;0;0;6710,93;6710,93
001;AYUNTAMIENTO DE MADRID;5;INGRESOS PATRIMONIALES;55045;CANON CONCESIÓN OBRA CENTROS D;0;0;0;2548164,34;0
001;AYUNTAMIENTO DE MADRID;5;INGRESOS PATRIMONIALES;55099;CANON PERIÓDICO POR OTRAS CONCESIONES;166537;0;166537;35366,92;34577,56
001;AYUNTAMIENTO DE MADRID;5;INGRESOS PATRIMONIALES;55100;CANON MERCADILLOS Y OTR.;46550;0;46550;70518,72;63218,72
001;AYUNTAMIENTO DE MADRID;5;INGRESOS PATRIMONIALES;55199;CANON NO PERIÓDICO POR OTRAS CONCESIONES;1500;0;1500;0;0
001;AYUNTAMIENTO DE MADRID;5;INGRESOS PATRIMONIALES;55200;DCHO. SUPERF. PERIÓDICO;6737579;0;6737579;1356291,28;1200728,84
001;AYUNTAMIENTO DE MADRID;5;INGRESOS PATRIMONIALES;55300;DCHO.SUPERF.NO PERIÓDICO;0;0;0;12667391,45;10146391,45
001;AYUNTAMIENTO DE MADRID;5;INGRESOS PATRIMONIALES;55400;PRODUCTO DE EXPLOTACIONES FORESTALES;1974;0;1974;0;0
001;AYUNTAMIENTO DE MADRID;5;INGRESOS PATRIMONIALES;55500;APROVECHAMIENTOS ESPECIALES;986380;0;986380;755383,2;499139,84
001;AYUNTAMIENTO DE MADRID;5;INGRESOS PATRIMONIALES;59999;OTROS INGRESOS PATRIMONIALES;50000;0;50000;8062,5;8062,5
001;AYUNTAMIENTO DE MADRID;6;ENAJENACIÓN DE INVERSIONES REALES;60300;VENTA DE PARCELAS;92451071;0;92451071;2867768,76;2867768,76
001;AYUNTAMIENTO DE MADRID;6;ENAJENACIÓN DE INVERSIONES REALES;60900;SUELO CEDIDO EN DERECHO DE SUPERFICIE;24147190;0;24147190;3877136,67;3877136,67
001;AYUNTAMIENTO DE MADRID;6;ENAJENACIÓN DE INVERSIONES REALES;68000;REINTEGROS DE PAGOS DE EJERCICIOS CERRADOS;1100;0;1100;2079683,92;2005060,96
001;AYUNTAMIENTO DE MADRID;7;TRANSFERENCIAS DE CAPITAL;71000;DE OO.AA. AYTO. MADRID;0;750000;750000;750000;750000
001;AYUNTAMIENTO DE MADRID;7;TRANSFERENCIAS DE CAPITAL;72399;DE OT. SDADES.EEPPEE Y OT;0;3000000;3000000;3000000;3000000
001;AYUNTAMIENTO DE MADRID;7;TRANSFERENCIAS DE CAPITAL;75060;TRANSFERENCIAS EN CUMPLIMIENTO DE CONVENIOS;0;0;0;0;0
001;AYUNTAMIENTO DE MADRID;7;TRANSFERENCIAS DE CAPITAL;75085;NEXT GEN.EU.INSTALAC ENERGIAS;231841;0;231841;0;0
001;AYUNTAMIENTO DE MADRID;7;TRANSFERENCIAS DE CAPITAL;75089;NEXT GEN.EU.IMPLEMENTACIÓN NOR;0;0;0;2126212,52;2126212,52
001;AYUNTAMIENTO DE MADRID;7;TRANSFERENCIAS DE CAPITAL;75096;NEXT GEN.EU.CONSTRUCCION VIVIE;0;19418661,71;19418661,71;14553004,08;14553004,08
001;AYUNTAMIENTO DE MADRID;7;TRANSFERENCIAS DE CAPITAL;75099;OTRAS TRANSFERENCIAS DE LA COMUNIDAD DE MADRID;0;0;0;0;0
001;AYUNTAMIENTO DE MADRID;7;TRANSFERENCIAS DE CAPITAL;75200;NEXT GEN. EU. MOVES III;0;0;0;9500;9500
001;AYUNTAMIENTO DE MADRID;7;TRANSFERENCIAS DE CAPITAL;77099;OTRAS TRANSFERENCIAS DE EMPRESAS PRIVADAS;100;246129;246229;264261,88;264261,88
001;AYUNTAMIENTO DE MADRID;7;TRANSFERENCIAS DE CAPITAL;79102;FEDER. PROGRAMA OPERATIVO 2014-2020;0;0;0;4053360,78;4053360,78
001;AYUNTAMIENTO DE MADRID;7;TRANSFERENCIAS DE CAPITAL;79702;PROYECTO EUGENIA;0;0;0;0;0
001;AYUNTAMIENTO DE MADRID;7;TRANSFERENCIAS DE CAPITAL;79799;OTRAS TRANSFERENCIAS DE LA UNIÓN EUROPEA;0;0;0;85109,08;85109,08
001;AYUNTAMIENTO DE MADRID;8;ACTIVOS FINANCIEROS;82130;DE OTROS ORGANISMOS PÚBLICOS;471347;0;471347;471347,1;471347,1
001;AYUNTAMIENTO DE MADRID;8;ACTIVOS FINANCIEROS;87000;PARA GASTOS GENERALES;0;39975118,36;39975118,36;0;0
001;AYUNTAMIENTO DE MADRID;8;ACTIVOS FINANCIEROS;87010;PARA GASTOS CON FINANCIACIÓN AFECTADA;0;41370960,8;41370960,8;0;0
001;AYUNTAMIENTO DE MADRID;9;PASIVOS FINANCIEROS;90100;EMISIÓN DEUDA PÚBLICA EN EUROS A LARGO PLAZO;200000000;0;200000000;220000000;180400
001;AYUNTAMIENTO DE MADRID;9;PASIVOS FINANCIEROS;91300;PRÉS.A L/P ENTES FUERA SP;20000000;0;20000000;0;0
501;INFORMÁTICA DEL AYUNTAMIENTO DE MADRID;3;TASAS, PRECIOS PÚBLICOS Y OTROS INGRESOS;36000;VENTA DE EFECTOS INÚTILES;2702;0;2702;340,08;340,08
501;INFORMÁTICA DEL AYUNTAMIENTO DE MADRID;3;TASAS, PRECIOS PÚBLICOS Y OTROS INGRESOS;39999;OTROS INGRESOS DIVERSOS;90;0;90;452408,89;452408,89
501;INFORMÁTICA DEL AYUNTAMIENTO DE MADRID;4;TRANSFERENCIAS CORRIENTES;40000;DE LA ADM. GRAL. DEL AYUNTAMIENTO DE MADRID;141174456;0;141174456;70587228;47058152
501;INFORMÁTICA DEL AYUNTAMIENTO DE MADRID;5;INGRESOS PATRIMONIALES;52000;INTERESES CUENTAS EN BANCOS Y CAJAS DE AHORRO;210655;0;210655;89178,62;89178,62
501;INFORMÁTICA DEL AYUNTAMIENTO DE MADRID;5;INGRESOS PATRIMONIALES;55032;CANON MÁQUINAS VENDING EN INST.MUNICIPALES;1940;0;1940;11716,5;1975,12
501;INFORMÁTICA DEL AYUNTAMIENTO DE MADRID;7;TRANSFERENCIAS DE CAPITAL;70000;DE ADMON. GRAL. AYTO.MADR;21925350;1173876,8;23099226,8;1173876,8;886938
501;INFORMÁTICA DEL AYUNTAMIENTO DE MADRID;7;TRANSFERENCIAS DE CAPITAL;70006;De la Admón. Gral. Ayto. Madri;674755;0;674755;0;0
501;INFORMÁTICA DEL AYUNTAMIENTO DE MADRID;8;ACTIVOS FINANCIEROS;87000;PARA GASTOS GENERALES;0;5207709,72;5207709,72;0;0
501;INFORMÁTICA DEL AYUNTAMIENTO DE MADRID;8;ACTIVOS FINANCIEROS;87010;PARA GASTOS CON FINANCIACIÓN AFECTADA;0;6087112,38;6087112,38;0;0
503;AGENCIA PARA EL EMPLEO DE MADRID;3;TASAS, PRECIOS PÚBLICOS Y OTROS INGRESOS;38900;PAGOS DE  EJERCICIOS ANTERIORES;0;0;0;124294,72;124294,72
503;AGENCIA PARA EL EMPLEO DE MADRID;3;TASAS, PRECIOS PÚBLICOS Y OTROS INGRESOS;39300;INTERESES DE DEMORA;0;0;0;1992;1992
503;AGENCIA PARA EL EMPLEO DE MADRID;4;TRANSFERENCIAS CORRIENTES;40000;DE LA ADM. GRAL. DEL AYUNTAMIENTO DE MADRID;47743525;-734568;47008957;25256430,5;0
503;AGENCIA PARA EL EMPLEO DE MADRID;4;TRANSFERENCIAS CORRIENTES;42095;NEXT GEN. EU. CENTROS CAPACITACION DIGITAL;0;0;0;-9710;-9710
503;AGENCIA PARA EL EMPLEO DE MADRID;4;TRANSFERENCIAS CORRIENTES;45053;C. DE MADRID. PROGRAMAS DE EMPLEO;5368049;0;5368049;0;0
503;AGENCIA PARA EL EMPLEO DE MADRID;4;TRANSFERENCIAS CORRIENTES;45087;NEXT GEN. EU. PRIMERA EXPER PR;0;0;0;-70325,23;-70325,23
503;AGENCIA PARA EL EMPLEO DE MADRID;4;TRANSFERENCIAS CORRIENTES;49720;NGEU. PRIMERA EXPERIENCIA PROF;0;0;0;-2344,26;-2344,26
503;AGENCIA PARA EL EMPLEO DE MADRID;4;TRANSFERENCIAS CORRIENTES;49899;DE OTROS PROGRAMAS DE LA UNIÓN EUROPEA;66399;0;66399;166771,76;166771,76
503;AGENCIA PARA EL EMPLEO DE MADRID;5;INGRESOS PATRIMONIALES;52000;INTERESES CUENTAS EN BANCOS Y CAJAS DE AHORRO;0;0;0;49034,62;49034,62
503;AGENCIA PARA EL EMPLEO DE MADRID;7;TRANSFERENCIAS DE CAPITAL;70000;DE ADMON. GRAL. AYTO.MADR;3998150;0;3998150;0;0
503;AGENCIA PARA EL EMPLEO DE MADRID;8;ACTIVOS FINANCIEROS;87010;PARA GASTOS CON FINANCIACIÓN AFECTADA;0;10176221,36;10176221,36;0;0
506;AGENCIA TRIBUTARIA  MADRID;3;TASAS, PRECIOS PÚBLICOS Y OTROS INGRESOS;38900;PAGOS DE  EJERCICIOS ANTERIORES;0;0;0;6989,38;6989,38
506;AGENCIA TRIBUTARIA  MADRID;4;TRANSFERENCIAS CORRIENTES;40000;DE LA ADM. GRAL. DEL AYUNTAMIENTO DE MADRID;70567514;723842,64;71291356,64;35283757;29403130,84
506;AGENCIA TRIBUTARIA  MADRID;5;INGRESOS PATRIMONIALES;52000;INTERESES CUENTAS EN BANCOS Y CAJAS DE AHORRO;0;0;0;73573,49;73573,49
506;AGENCIA TRIBUTARIA  MADRID;5;INGRESOS PATRIMONIALES;55032;CANON MÁQUINAS VENDING EN INST.MUNICIPALES;2005;0;2005;2005;2005
506;AGENCIA TRIBUTARIA  MADRID;7;TRANSFERENCIAS DE CAPITAL;70000;DE ADMON. GRAL. AYTO.MADR;178092;0;178092;0;0
508;MADRID SALUD;3;TASAS, PRECIOS PÚBLICOS Y OTROS INGRESOS;38900;PAGOS DE  EJERCICIOS ANTERIORES;0;0;0;226,42;226,42
508;MADRID SALUD;3;TASAS, PRECIOS PÚBLICOS Y OTROS INGRESOS;39999;OTROS INGRESOS DIVERSOS;0;0;0;250;250
508;MADRID SALUD;4;TRANSFERENCIAS CORRIENTES;40000;DE LA ADM. GRAL. DEL AYUNTAMIENTO DE MADRID;117746206;-391134;117355072;60945986,1;41985912,93
508;MADRID SALUD;4;TRANSFERENCIAS CORRIENTES;42090;OTRAS TRANSFERENCIAS DE LA A.GRAL. DEL ESTADO;0;0;0;403,94;403,94
508;MADRID SALUD;4;TRANSFERENCIAS CORRIENTES;48099;O.TRANSF. FAMILIAS E ISFL;0;103886,9;103886,9;103886,9;103886,9
508;MADRID SALUD;5;INGRESOS PATRIMONIALES;52000;INTERESES CUENTAS EN BANCOS Y CAJAS DE AHORRO;0;0;0;111523,23;111523,23
508;MADRID SALUD;7;TRANSFERENCIAS DE CAPITAL;70000;DE ADMON. GRAL. AYTO.MADR;1878202;411134;2289336;411134;0
508;MADRID SALUD;8;ACTIVOS FINANCIEROS;87010;PARA GASTOS CON FINANCIACIÓN AFECTADA;0;190000;190000;0;0
509;AGENCIA DE ACTIVIDADES;3;TASAS, PRECIOS PÚBLICOS Y OTROS INGRESOS;38900;PAGOS DE  EJERCICIOS ANTERIORES;0;0;0;1111,08;1111,08
509;AGENCIA DE ACTIVIDADES;4;TRANSFERENCIAS CORRIENTES;40000;DE LA ADM. GRAL. DEL AYUNTAMIENTO DE MADRID;23076282;66505;23142787;11604646;5769070,5
509;AGENCIA DE ACTIVIDADES;5;INGRESOS PATRIMONIALES;52000;INTERESES CUENTAS EN BANCOS Y CAJAS DE AHORRO;0;0;0;18232,16;18232,16
509;AGENCIA DE ACTIVIDADES;7;TRANSFERENCIAS DE CAPITAL;70000;DE ADMON. GRAL. AYTO.MADR;7835;0;7835;0;0
