Programa de financiaci蚤;T狎ulo;Ce.gestor;Funcional;Econ藻ico;Fondo;Impte.mon.ent.CP;LI;Descripci蚤 L暗ea de Inversi蚤;SL;Descripci蚤 Subl暗ea de Inversi蚤;Distrito;Descripci蚤
2023/004051;PRORR휺A CR텏ITO 001100/91230/62500;001100;91230;62500;;8000,00;00;INVERSIONES DE CAR첶TER GENERAL;01;SERVICIOS ADMINISTRATIVOS CENTRALES;999;NO DISTRITALIZABLE
2023/004054;PRORR휺A CR텏ITO 001100/91240/62500;001100;91240;62500;;10000,00;00;INVERSIONES DE CAR첶TER GENERAL;01;SERVICIOS ADMINISTRATIVOS CENTRALES;999;NO DISTRITALIZABLE
2023/004055;PRORR휺A CR텏ITO 001100/91240/62599;001100;91240;62599;;4490,00;00;INVERSIONES DE CAR첶TER GENERAL;01;SERVICIOS ADMINISTRATIVOS CENTRALES;999;NO DISTRITALIZABLE
2023/004056;PRORR휺A CR텏ITO 001102/49102/64100;001102;49102;64100;;90500,00;00;INVERSIONES DE CAR첶TER GENERAL;01;SERVICIOS ADMINISTRATIVOS CENTRALES;998;VARIOS DISTRITOS
2023/004057;PRORR휺A CR텏ITO 001102/92012/60900;001102;92012;60900;;15765,00;00;INVERSIONES DE CAR첶TER GENERAL;01;SERVICIOS ADMINISTRATIVOS CENTRALES;998;VARIOS DISTRITOS
2023/004058;PRORR휺A CR텏ITO 001102/92012/62301;001102;92012;62301;;37000,00;00;INVERSIONES DE CAR첶TER GENERAL;01;SERVICIOS ADMINISTRATIVOS CENTRALES;999;NO DISTRITALIZABLE
2023/004059;PRORR휺A CR텏ITO 001102/92012/62302;001102;92012;62302;;6500,00;00;INVERSIONES DE CAR첶TER GENERAL;01;SERVICIOS ADMINISTRATIVOS CENTRALES;999;NO DISTRITALIZABLE
2023/004060;PRORR휺A CR텏ITO 001102/92012/62500;001102;92012;62500;;24000,00;00;INVERSIONES DE CAR첶TER GENERAL;01;SERVICIOS ADMINISTRATIVOS CENTRALES;999;NO DISTRITALIZABLE
2023/004061;PRORR휺A CR텏ITO 001102/92012/62599;001102;92012;62599;;17800,00;00;INVERSIONES DE CAR첶TER GENERAL;01;SERVICIOS ADMINISTRATIVOS CENTRALES;999;NO DISTRITALIZABLE
2023/004062;PRORR휺A CR텏ITO 001102/92012/63200;001102;92012;63200;;35000,00;00;INVERSIONES DE CAR첶TER GENERAL;01;SERVICIOS ADMINISTRATIVOS CENTRALES;998;VARIOS DISTRITOS
2023/004064;PRORR휺A CR텏ITO 001102/92012/63500;001102;92012;63500;;1000,00;00;INVERSIONES DE CAR첶TER GENERAL;01;SERVICIOS ADMINISTRATIVOS CENTRALES;999;NO DISTRITALIZABLE
2023/004065;PRORR휺A CR텏ITO 001110/92010/62301;001110;92010;62301;;9000,00;00;INVERSIONES DE CAR첶TER GENERAL;01;SERVICIOS ADMINISTRATIVOS CENTRALES;999;NO DISTRITALIZABLE
2023/004066;PRORR휺A CR텏ITO 001110/92010/62500;001110;92010;62500;;4496,00;00;INVERSIONES DE CAR첶TER GENERAL;01;SERVICIOS ADMINISTRATIVOS CENTRALES;999;NO DISTRITALIZABLE
2023/004067;PRORR휺A CR텏ITO 001110/92010/62599;001110;92010;62599;;4800,00;00;INVERSIONES DE CAR첶TER GENERAL;01;SERVICIOS ADMINISTRATIVOS CENTRALES;999;NO DISTRITALIZABLE
2023/004068;PRORR휺A CR텏ITO 001110/92010/62600;001110;92010;62600;;15000,00;00;INVERSIONES DE CAR첶TER GENERAL;01;SERVICIOS ADMINISTRATIVOS CENTRALES;999;NO DISTRITALIZABLE
2023/004069;PRORR휺A CR텏ITO 001110/92010/63200;001110;92010;63200;;14000,00;00;INVERSIONES DE CAR첶TER GENERAL;01;SERVICIOS ADMINISTRATIVOS CENTRALES;998;VARIOS DISTRITOS
2023/004070;PRORR휺A CR텏ITO 001111/92013/64100;001111;92013;64100;;163000,00;00;INVERSIONES DE CAR첶TER GENERAL;01;SERVICIOS ADMINISTRATIVOS CENTRALES;998;VARIOS DISTRITOS
2023/004071;PRORR휺A CR텏ITO 001111/92401/62599;001111;92401;62599;;6000,00;12;OTROS BIENES P２LICOS DE CAR첶TER SOCIAL;01;PARTICIPACI흁 CIUDADANA;998;VARIOS DISTRITOS
2023/004072;PRORR휺A CR텏ITO 001111/92401/62600;001111;92401;62600;;600,00;12;OTROS BIENES P２LICOS DE CAR첶TER SOCIAL;01;PARTICIPACI흁 CIUDADANA;998;VARIOS DISTRITOS
2023/004073;PRORR휺A CR텏ITO 001111/92401/64100;001111;92401;64100;;200000,00;12;OTROS BIENES P２LICOS DE CAR첶TER SOCIAL;01;PARTICIPACI흁 CIUDADANA;998;VARIOS DISTRITOS
2023/004074;PRORR휺A CR텏ITO 001111/92501/62500;001111;92501;62500;;130000,00;12;OTROS BIENES P２LICOS DE CAR첶TER SOCIAL;00;ATENCI흁 AL CIUDADANO;998;VARIOS DISTRITOS
2023/004075;PRORR휺A CR텏ITO 001111/92501/62599;001111;92501;62599;;18150,00;12;OTROS BIENES P２LICOS DE CAR첶TER SOCIAL;00;ATENCI흁 AL CIUDADANO;998;VARIOS DISTRITOS
2023/004076;PRORR휺A CR텏ITO 001111/92501/62901;001111;92501;62901;;18150,00;12;OTROS BIENES P２LICOS DE CAR첶TER SOCIAL;00;ATENCI흁 AL CIUDADANO;998;VARIOS DISTRITOS
2023/004077;PRORR휺A CR텏ITO 001111/92501/63500;001111;92501;63500;;70000,00;12;OTROS BIENES P２LICOS DE CAR첶TER SOCIAL;00;ATENCI흁 AL CIUDADANO;998;VARIOS DISTRITOS
2023/004078;PRORR휺A CR텏ITO 001111/92501/63599;001111;92501;63599;;12850,00;12;OTROS BIENES P２LICOS DE CAR첶TER SOCIAL;00;ATENCI흁 AL CIUDADANO;998;VARIOS DISTRITOS
2023/004079;PRORR휺A CR텏ITO 001111/92501/63901;001111;92501;63901;;15150,00;12;OTROS BIENES P２LICOS DE CAR첶TER SOCIAL;00;ATENCI흁 AL CIUDADANO;998;VARIOS DISTRITOS
2023/004080;PRORR휺A CR텏ITO 001120/13000/63200;001120;13000;63200;;4276510,00;01;PROTECCI흁 CIVIL Y SEGURIDAD CIUDADANA;01;BOMBEROS;998;VARIOS DISTRITOS
2023/004081;PRORR휺A CR텏ITO 001120/13001/62301;001120;13001;62301;;14500,00;01;PROTECCI흁 CIVIL Y SEGURIDAD CIUDADANA;00;POLICIA MUNICIPAL;998;VARIOS DISTRITOS
2023/004082;PRORR휺A CR텏ITO 001120/13001/62500;001120;13001;62500;;8000,00;01;PROTECCI흁 CIVIL Y SEGURIDAD CIUDADANA;00;POLICIA MUNICIPAL;998;VARIOS DISTRITOS
2023/004083;PRORR휺A CR텏ITO 001120/13001/62599;001120;13001;62599;;10000,00;01;PROTECCI흁 CIVIL Y SEGURIDAD CIUDADANA;00;POLICIA MUNICIPAL;998;VARIOS DISTRITOS
2023/004084;PRORR휺A CR텏ITO 001120/13001/62601;001120;13001;62601;;12800,00;01;PROTECCI흁 CIVIL Y SEGURIDAD CIUDADANA;00;POLICIA MUNICIPAL;998;VARIOS DISTRITOS
2023/004085;PRORR휺A CR텏ITO 001120/13001/63500;001120;13001;63500;;18000,00;01;PROTECCI흁 CIVIL Y SEGURIDAD CIUDADANA;00;POLICIA MUNICIPAL;998;VARIOS DISTRITOS
2023/004086;PRORR휺A CR텏ITO 001120/13001/63600;001120;13001;63600;;18000,00;01;PROTECCI흁 CIVIL Y SEGURIDAD CIUDADANA;00;POLICIA MUNICIPAL;998;VARIOS DISTRITOS
2023/004087;PRORR휺A CR텏ITO 001120/13001/64100;001120;13001;64100;;24000,00;01;PROTECCI흁 CIVIL Y SEGURIDAD CIUDADANA;00;POLICIA MUNICIPAL;998;VARIOS DISTRITOS
2023/004088;PRORR휺A CR텏ITO 001120/13201/62300;001120;13201;62300;;11500,00;01;PROTECCI흁 CIVIL Y SEGURIDAD CIUDADANA;00;POLICIA MUNICIPAL;998;VARIOS DISTRITOS
2023/004089;PRORR휺A CR텏ITO 001120/13201/62301;001120;13201;62301;;37000,00;01;PROTECCI흁 CIVIL Y SEGURIDAD CIUDADANA;00;POLICIA MUNICIPAL;998;VARIOS DISTRITOS
2023/004090;PRORR휺A CR텏ITO 001120/13201/62302;001120;13201;62302;;24450,00;01;PROTECCI흁 CIVIL Y SEGURIDAD CIUDADANA;00;POLICIA MUNICIPAL;998;VARIOS DISTRITOS
2023/004091;PRORR휺A CR텏ITO 001120/13201/62400;001120;13201;62400;;802744,00;01;PROTECCI흁 CIVIL Y SEGURIDAD CIUDADANA;00;POLICIA MUNICIPAL;998;VARIOS DISTRITOS
2023/004092;PRORR휺A CR텏ITO 001120/13201/62500;001120;13201;62500;;497400,00;01;PROTECCI흁 CIVIL Y SEGURIDAD CIUDADANA;00;POLICIA MUNICIPAL;998;VARIOS DISTRITOS
2023/004093;PRORR휺A CR텏ITO 001120/13201/62599;001120;13201;62599;;850,00;01;PROTECCI흁 CIVIL Y SEGURIDAD CIUDADANA;00;POLICIA MUNICIPAL;998;VARIOS DISTRITOS
2023/004094;PRORR휺A CR텏ITO 001120/13201/62601;001120;13201;62601;;232800,00;01;PROTECCI흁 CIVIL Y SEGURIDAD CIUDADANA;00;POLICIA MUNICIPAL;998;VARIOS DISTRITOS
2023/004095;PRORR휺A CR텏ITO 001120/13201/62999;001120;13201;62999;;1392944,00;01;PROTECCI흁 CIVIL Y SEGURIDAD CIUDADANA;00;POLICIA MUNICIPAL;998;VARIOS DISTRITOS
2023/004096;PRORR휺A CR텏ITO 001120/13201/63200;001120;13201;63200;;100000,00;01;PROTECCI흁 CIVIL Y SEGURIDAD CIUDADANA;00;POLICIA MUNICIPAL;998;VARIOS DISTRITOS
2023/004097;PRORR휺A CR텏ITO 001120/13201/63301;001120;13201;63301;;154400,00;01;PROTECCI흁 CIVIL Y SEGURIDAD CIUDADANA;00;POLICIA MUNICIPAL;998;VARIOS DISTRITOS
2023/004098;PRORR휺A CR텏ITO 001120/13201/63999;001120;13201;63999;;625000,00;01;PROTECCI흁 CIVIL Y SEGURIDAD CIUDADANA;00;POLICIA MUNICIPAL;998;VARIOS DISTRITOS
2023/004099;PRORR휺A CR텏ITO 001120/13201/64099;001120;13201;64099;;23000,00;01;PROTECCI흁 CIVIL Y SEGURIDAD CIUDADANA;00;POLICIA MUNICIPAL;998;VARIOS DISTRITOS
2023/004100;PRORR휺A CR텏ITO 001120/13201/64100;001120;13201;64100;;453750,00;01;PROTECCI흁 CIVIL Y SEGURIDAD CIUDADANA;00;POLICIA MUNICIPAL;998;VARIOS DISTRITOS
2023/004101;PRORR휺A CR텏ITO 001120/13510/62300;001120;13510;62300;;510600,00;01;PROTECCI흁 CIVIL Y SEGURIDAD CIUDADANA;02;SAMUR - PROTECCI흁 CIVIL;998;VARIOS DISTRITOS
2023/004102;PRORR휺A CR텏ITO 001120/13510/62400;001120;13510;62400;;1141000,00;01;PROTECCI흁 CIVIL Y SEGURIDAD CIUDADANA;02;SAMUR - PROTECCI흁 CIVIL;998;VARIOS DISTRITOS
2023/004103;PRORR휺A CR텏ITO 001120/13510/62600;001120;13510;62600;;139865,00;01;PROTECCI흁 CIVIL Y SEGURIDAD CIUDADANA;02;SAMUR - PROTECCI흁 CIVIL;998;VARIOS DISTRITOS
2023/004104;PRORR휺A CR텏ITO 001120/13510/62999;001120;13510;62999;;400000,00;01;PROTECCI흁 CIVIL Y SEGURIDAD CIUDADANA;02;SAMUR - PROTECCI흁 CIVIL;998;VARIOS DISTRITOS
2023/004105;PRORR휺A CR텏ITO 001120/13510/63601;001120;13510;63601;;100000,00;01;PROTECCI흁 CIVIL Y SEGURIDAD CIUDADANA;02;SAMUR - PROTECCI흁 CIVIL;998;VARIOS DISTRITOS
2023/004106;PRORR휺A CR텏ITO 001120/13510/64100;001120;13510;64100;;293845,00;01;PROTECCI흁 CIVIL Y SEGURIDAD CIUDADANA;02;SAMUR - PROTECCI흁 CIVIL;998;VARIOS DISTRITOS
2023/004107;PRORR휺A CR텏ITO 001120/13610/62300;001120;13610;62300;;199750,00;01;PROTECCI흁 CIVIL Y SEGURIDAD CIUDADANA;01;BOMBEROS;998;VARIOS DISTRITOS
2023/004108;PRORR휺A CR텏ITO 001120/13610/62302;001120;13610;62302;;705225,00;01;PROTECCI흁 CIVIL Y SEGURIDAD CIUDADANA;01;BOMBEROS;998;VARIOS DISTRITOS
2023/004109;PRORR휺A CR텏ITO 001120/13610/62599;001120;13610;62599;;60000,00;01;PROTECCI흁 CIVIL Y SEGURIDAD CIUDADANA;01;BOMBEROS;998;VARIOS DISTRITOS
2023/004110;PRORR휺A CR텏ITO 001120/13610/62600;001120;13610;62600;;1043000,00;01;PROTECCI흁 CIVIL Y SEGURIDAD CIUDADANA;01;BOMBEROS;998;VARIOS DISTRITOS
2023/004111;PRORR휺A CR텏ITO 001120/13610/62999;001120;13610;62999;;365000,00;01;PROTECCI흁 CIVIL Y SEGURIDAD CIUDADANA;01;BOMBEROS;998;VARIOS DISTRITOS
2023/004112;PRORR휺A CR텏ITO 001120/13610/63300;001120;13610;63300;;39750,00;01;PROTECCI흁 CIVIL Y SEGURIDAD CIUDADANA;01;BOMBEROS;998;VARIOS DISTRITOS
2023/004113;PRORR휺A CR텏ITO 001120/13610/63301;001120;13610;63301;;470000,00;01;PROTECCI흁 CIVIL Y SEGURIDAD CIUDADANA;01;BOMBEROS;998;VARIOS DISTRITOS
2023/004114;PRORR휺A CR텏ITO 001120/13610/63302;001120;13610;63302;;39750,00;01;PROTECCI흁 CIVIL Y SEGURIDAD CIUDADANA;01;BOMBEROS;998;VARIOS DISTRITOS
2023/004115;PRORR휺A CR텏ITO 001120/13610/63600;001120;13610;63600;;100000,00;01;PROTECCI흁 CIVIL Y SEGURIDAD CIUDADANA;01;BOMBEROS;998;VARIOS DISTRITOS
2023/004116;PRORR휺A CR텏ITO 001120/13610/63601;001120;13610;63601;;100000,00;01;PROTECCI흁 CIVIL Y SEGURIDAD CIUDADANA;01;BOMBEROS;998;VARIOS DISTRITOS
2023/004117;PRORR휺A CR텏ITO 001120/13610/64100;001120;13610;64100;;35000,00;01;PROTECCI흁 CIVIL Y SEGURIDAD CIUDADANA;01;BOMBEROS;998;VARIOS DISTRITOS
2023/004118;PRORR휺A CR텏ITO 001120/92202/62301;001120;92202;62301;;1000,00;00;INVERSIONES DE CAR첶TER GENERAL;01;SERVICIOS ADMINISTRATIVOS CENTRALES;999;NO DISTRITALIZABLE
2023/004121;PRORR휺A CR텏ITO 001120/92202/62599;001120;92202;62599;;1000,00;00;INVERSIONES DE CAR첶TER GENERAL;01;SERVICIOS ADMINISTRATIVOS CENTRALES;999;NO DISTRITALIZABLE
2023/004122;PRORR휺A CR텏ITO 001120/92202/62601;001120;92202;62601;;1000,00;00;INVERSIONES DE CAR첶TER GENERAL;01;SERVICIOS ADMINISTRATIVOS CENTRALES;999;NO DISTRITALIZABLE
2023/004123;PRORR휺A CR텏ITO 001130/33000/62301;001130;33000;62301;;8000,00;00;INVERSIONES DE CAR첶TER GENERAL;01;SERVICIOS ADMINISTRATIVOS CENTRALES;999;NO DISTRITALIZABLE
2023/004124;PRORR휺A CR텏ITO 001130/33000/62500;001130;33000;62500;;5800,00;00;INVERSIONES DE CAR첶TER GENERAL;01;SERVICIOS ADMINISTRATIVOS CENTRALES;999;NO DISTRITALIZABLE
2023/004125;PRORR휺A CR텏ITO 001130/33000/62599;001130;33000;62599;;6000,00;00;INVERSIONES DE CAR첶TER GENERAL;01;SERVICIOS ADMINISTRATIVOS CENTRALES;999;NO DISTRITALIZABLE
2023/004126;PRORR휺A CR텏ITO 001130/33000/62901;001130;33000;62901;;6000,00;00;INVERSIONES DE CAR첶TER GENERAL;01;SERVICIOS ADMINISTRATIVOS CENTRALES;999;NO DISTRITALIZABLE
2023/004127;PRORR휺A CR텏ITO 001130/33210/62599;001130;33210;62599;;28000,00;10;CULTURA;00;BIBLIOTECAS Y PATRIMONIO BIBLIOGR첹ICO;998;VARIOS DISTRITOS
2023/004128;PRORR휺A CR텏ITO 001130/33210/62901;001130;33210;62901;;33000,00;10;CULTURA;00;BIBLIOTECAS Y PATRIMONIO BIBLIOGR첹ICO;998;VARIOS DISTRITOS
2023/004129;PRORR휺A CR텏ITO 001130/33210/62999;001130;33210;62999;;236500,00;10;CULTURA;00;BIBLIOTECAS Y PATRIMONIO BIBLIOGR첹ICO;998;VARIOS DISTRITOS
2023/004130;PRORR휺A CR텏ITO 001130/33210/64100;001130;33210;64100;;14000,00;10;CULTURA;00;BIBLIOTECAS Y PATRIMONIO BIBLIOGR첹ICO;998;VARIOS DISTRITOS
2023/004131;PRORR휺A CR텏ITO 001130/33220/63599;001130;33220;63599;;15000,00;10;CULTURA;01;ARCHIVOS Y PATRIMONIO DOCUMENTAL;998;VARIOS DISTRITOS
2023/004132;PRORR휺A CR텏ITO 001130/33301/62500;001130;33301;62500;;12000,00;10;CULTURA;02;MUSEOS Y COLECCIONES;998;VARIOS DISTRITOS
2023/004133;PRORR휺A CR텏ITO 001130/33301/62600;001130;33301;62600;;1500,00;10;CULTURA;02;MUSEOS Y COLECCIONES;998;VARIOS DISTRITOS
2023/004134;PRORR휺A CR텏ITO 001130/33301/62900;001130;33301;62900;;2500,00;10;CULTURA;02;MUSEOS Y COLECCIONES;998;VARIOS DISTRITOS
2023/004136;PRORR휺A CR텏ITO 001130/33301/62999;001130;33301;62999;;374200,00;10;CULTURA;02;MUSEOS Y COLECCIONES;998;VARIOS DISTRITOS
2023/004137;PRORR휺A CR텏ITO 001130/33301/63599;001130;33301;63599;;50000,00;10;CULTURA;02;MUSEOS Y COLECCIONES;998;VARIOS DISTRITOS
2023/004138;PRORR휺A CR텏ITO 001130/33301/63999;001130;33301;63999;;95000,00;10;CULTURA;02;MUSEOS Y COLECCIONES;998;VARIOS DISTRITOS
2023/004139;PRORR휺A CR텏ITO 001130/33401/60900;001130;33401;60900;;10000,00;10;CULTURA;05;PROMOCI흁 DE LA CULTURA;998;VARIOS DISTRITOS
2023/004140;PRORR휺A CR텏ITO 001130/33401/63900;001130;33401;63900;;10000,00;10;CULTURA;05;PROMOCI흁 DE LA CULTURA;998;VARIOS DISTRITOS
2023/004141;PRORR휺A CR텏ITO 001130/33405/62500;001130;33405;62500;;10000,00;10;CULTURA;05;PROMOCI흁 DE LA CULTURA;998;VARIOS DISTRITOS
2023/004142;PRORR휺A CR텏ITO 001130/33405/62999;001130;33405;62999;;117314,00;10;CULTURA;05;PROMOCI흁 DE LA CULTURA;998;VARIOS DISTRITOS
2023/004143;PRORR휺A CR텏ITO 001130/33405/64001;001130;33405;64001;;7000,00;10;CULTURA;05;PROMOCI흁 DE LA CULTURA;998;VARIOS DISTRITOS
2023/004144;PRORR휺A CR텏ITO 001130/33601/60900;001130;33601;60900;;1650710,00;10;CULTURA;02;MUSEOS Y COLECCIONES;998;VARIOS DISTRITOS
2023/004145;PRORR휺A CR텏ITO 001130/33601/60912;001130;33601;60912;;95000,00;10;CULTURA;02;MUSEOS Y COLECCIONES;998;VARIOS DISTRITOS
2023/004146;PRORR휺A CR텏ITO 001130/33601/61900;001130;33601;61900;;109348,00;10;CULTURA;02;MUSEOS Y COLECCIONES;998;VARIOS DISTRITOS
2023/004147;PRORR휺A CR텏ITO 001130/33601/62200;001130;33601;62200;;8500,00;10;CULTURA;02;MUSEOS Y COLECCIONES;998;VARIOS DISTRITOS
2023/004149;PRORR휺A CR텏ITO 001130/33601/63200;001130;33601;63200;;2177000,00;10;CULTURA;02;MUSEOS Y COLECCIONES;998;VARIOS DISTRITOS
2023/004150;PRORR휺A CR텏ITO 001130/33601/63900;001130;33601;63900;;2221665,00;10;CULTURA;02;MUSEOS Y COLECCIONES;998;VARIOS DISTRITOS
2023/004152;PRORR휺A CR텏ITO 001131/34201/62302;001131;34201;62302;;268000,00;11;DEPORTES, JUVENTUD  Y ESPARCIMIENTO;01;POLIDEPORTIVOS;998;VARIOS DISTRITOS
2023/004153;PRORR휺A CR텏ITO 001131/34201/62601;001131;34201;62601;;196176,00;11;DEPORTES, JUVENTUD  Y ESPARCIMIENTO;01;POLIDEPORTIVOS;998;VARIOS DISTRITOS
2023/004154;PRORR휺A CR텏ITO 001131/34201/63200;001131;34201;63200;;2072000,00;11;DEPORTES, JUVENTUD  Y ESPARCIMIENTO;01;POLIDEPORTIVOS;998;VARIOS DISTRITOS
2023/004155;PRORR휺A CR텏ITO 001140/43100/62599;001140;43100;62599;;4200,00;14;SECTORES PRODUCTIVOS;00;COMERCIO;998;VARIOS DISTRITOS
2023/004156;PRORR휺A CR텏ITO 001140/43100/62901;001140;43100;62901;;3170,00;14;SECTORES PRODUCTIVOS;00;COMERCIO;998;VARIOS DISTRITOS
2023/004157;PRORR휺A CR텏ITO 001140/43100/63200;001140;43100;63200;;48000,00;14;SECTORES PRODUCTIVOS;00;COMERCIO;998;VARIOS DISTRITOS
2023/004158;PRORR휺A CR텏ITO 001140/43300/62301;001140;43300;62301;;65000,00;00;INVERSIONES DE CAR첶TER GENERAL;01;SERVICIOS ADMINISTRATIVOS CENTRALES;999;NO DISTRITALIZABLE
2023/004159;PRORR휺A CR텏ITO 001140/43300/62500;001140;43300;62500;;13100,00;00;INVERSIONES DE CAR첶TER GENERAL;01;SERVICIOS ADMINISTRATIVOS CENTRALES;999;NO DISTRITALIZABLE
2023/004160;PRORR휺A CR텏ITO 001140/43301/62301;001140;43301;62301;;78400,00;14;SECTORES PRODUCTIVOS;01;PROMOCI흁 ECON흀ICA;998;VARIOS DISTRITOS
2023/004161;PRORR휺A CR텏ITO 001140/43301/62500;001140;43301;62500;;81600,00;14;SECTORES PRODUCTIVOS;01;PROMOCI흁 ECON흀ICA;998;VARIOS DISTRITOS
2023/004162;PRORR휺A CR텏ITO 001140/43301/62599;001140;43301;62599;;10000,00;14;SECTORES PRODUCTIVOS;01;PROMOCI흁 ECON흀ICA;998;VARIOS DISTRITOS
2023/004163;PRORR휺A CR텏ITO 001140/43301/63301;001140;43301;63301;;3000,00;14;SECTORES PRODUCTIVOS;01;PROMOCI흁 ECON흀ICA;998;VARIOS DISTRITOS
2023/004164;PRORR휺A CR텏ITO 001140/92320/62301;001140;43307;62301;;62100,00;14;SECTORES PRODUCTIVOS;01;PROMOCI흁 ECON흀ICA;998;VARIOS DISTRITOS
2023/004165;PRORR휺A CR텏ITO 001140/92320/62599;001140;43307;62599;;505000,00;14;SECTORES PRODUCTIVOS;01;PROMOCI흁 ECON흀ICA;998;VARIOS DISTRITOS
2023/004166;PRORR휺A CR텏ITO 001140/92320/62600;001140;43307;62600;;25000,00;14;SECTORES PRODUCTIVOS;01;PROMOCI흁 ECON흀ICA;998;VARIOS DISTRITOS
2023/004167;PRORR휺A CR텏ITO 001140/92320/63900;001140;43307;63900;;237600,00;14;SECTORES PRODUCTIVOS;01;PROMOCI흁 ECON흀ICA;998;VARIOS DISTRITOS
2023/004168;PRORR휺A CR텏ITO 001140/92320/64100;001140;43307;64100;;5000,00;14;SECTORES PRODUCTIVOS;01;PROMOCI흁 ECON흀ICA;998;VARIOS DISTRITOS
2023/004169;PRORR휺A CR텏ITO 001140/92402/64001;001140;92402;64001;;120680,00;14;SECTORES PRODUCTIVOS;01;PROMOCI흁 ECON흀ICA;998;VARIOS DISTRITOS
2023/004170;PRORR휺A CR텏ITO 001141/43305/62300;001141;43305;62300;;12100,00;14;SECTORES PRODUCTIVOS;01;PROMOCI흁 ECON흀ICA;998;VARIOS DISTRITOS
2023/004171;PRORR휺A CR텏ITO 001141/43305/62599;001141;43305;62599;;491300,00;14;SECTORES PRODUCTIVOS;01;PROMOCI흁 ECON흀ICA;998;VARIOS DISTRITOS
2023/004172;PRORR휺A CR텏ITO 001141/43305/62600;001141;43305;62600;;300000,00;14;SECTORES PRODUCTIVOS;01;PROMOCI흁 ECON흀ICA;998;VARIOS DISTRITOS
2023/004173;PRORR휺A CR텏ITO 001141/43305/63200;001141;43305;63200;;133500,00;14;SECTORES PRODUCTIVOS;01;PROMOCI흁 ECON흀ICA;998;VARIOS DISTRITOS
2023/004174;PRORR휺A CR텏ITO 001141/43305/64100;001141;43305;64100;;60000,00;14;SECTORES PRODUCTIVOS;01;PROMOCI흁 ECON흀ICA;998;VARIOS DISTRITOS
2023/004175;PRORR휺A CR텏ITO 001141/46200/62300;001141;46200;62300;;100000,00;13;OTROS BIENES P２LICOS DE CAR첶TER ECON흀ICO;03;INVESTIGACI흁, INNOVACI흁 Y DESARROLLO;998;VARIOS DISTRITOS
2023/004176;PRORR휺A CR텏ITO 001141/46200/62599;001141;46200;62599;;140450,00;13;OTROS BIENES P２LICOS DE CAR첶TER ECON흀ICO;03;INVESTIGACI흁, INNOVACI흁 Y DESARROLLO;998;VARIOS DISTRITOS
2023/004177;PRORR휺A CR텏ITO 001141/46200/63200;001141;46200;63200;;96800,00;13;OTROS BIENES P２LICOS DE CAR첶TER ECON흀ICO;03;INVESTIGACI흁, INNOVACI흁 Y DESARROLLO;998;VARIOS DISTRITOS
2023/004178;PRORR휺A CR텏ITO 001141/46300/62599;001141;46300;62599;;18150,00;13;OTROS BIENES P２LICOS DE CAR첶TER ECON흀ICO;03;INVESTIGACI흁, INNOVACI흁 Y DESARROLLO;998;VARIOS DISTRITOS
2023/004179;PRORR휺A CR텏ITO 001141/46300/62600;001141;46300;62600;;145600,00;13;OTROS BIENES P２LICOS DE CAR첶TER ECON흀ICO;03;INVESTIGACI흁, INNOVACI흁 Y DESARROLLO;998;VARIOS DISTRITOS
2023/004180;PRORR휺A CR텏ITO 001141/46300/62901;001141;46300;62901;;13400,00;13;OTROS BIENES P２LICOS DE CAR첶TER ECON흀ICO;03;INVESTIGACI흁, INNOVACI흁 Y DESARROLLO;998;VARIOS DISTRITOS
2023/004181;PRORR휺A CR텏ITO 001141/46300/64099;001141;46300;64099;;847805,00;13;OTROS BIENES P２LICOS DE CAR첶TER ECON흀ICO;03;INVESTIGACI흁, INNOVACI흁 Y DESARROLLO;998;VARIOS DISTRITOS
2023/004182;PRORR휺A CR텏ITO 001150/13301/60912;001150;13301;60912;;18150,00;02;TR첹ICO, ESTACIONAMIENTO Y TRANSPORTE P２LICO;00;TR첹ICO Y SE헤LIZACI흁;998;VARIOS DISTRITOS
2023/004183;PRORR휺A CR텏ITO 001150/13301/62300;001150;13301;62300;;106128,00;02;TR첹ICO, ESTACIONAMIENTO Y TRANSPORTE P２LICO;00;TR첹ICO Y SE헤LIZACI흁;998;VARIOS DISTRITOS
2023/004184;PRORR휺A CR텏ITO 001150/13301/62500;001150;13301;62500;;30000,00;02;TR첹ICO, ESTACIONAMIENTO Y TRANSPORTE P２LICO;00;TR첹ICO Y SE헤LIZACI흁;998;VARIOS DISTRITOS
2023/004185;PRORR휺A CR텏ITO 001150/13301/62799;001150;13301;62799;;19305172,00;02;TR첹ICO, ESTACIONAMIENTO Y TRANSPORTE P２LICO;00;TR첹ICO Y SE헤LIZACI흁;998;VARIOS DISTRITOS
2023/004186;PRORR휺A CR텏ITO 001150/13301/63200;001150;13301;63200;;168100,00;02;TR첹ICO, ESTACIONAMIENTO Y TRANSPORTE P２LICO;00;TR첹ICO Y SE헤LIZACI흁;998;VARIOS DISTRITOS
2023/004187;PRORR휺A CR텏ITO 001150/13301/63500;001150;13301;63500;;180000,00;02;TR첹ICO, ESTACIONAMIENTO Y TRANSPORTE P２LICO;00;TR첹ICO Y SE헤LIZACI흁;998;VARIOS DISTRITOS
2023/004188;PRORR휺A CR텏ITO 001150/15323/61901;001150;15323;61901;;12225523,00;07;INFRAESTRUCTURAS;01;CIRCUNVALACI흁 M-30;998;VARIOS DISTRITOS
2023/004189;PRORR휺A CR텏ITO 001150/15330/60999;001150;15330;60999;;12355685,00;07;INFRAESTRUCTURAS;06;OTRAS INVERSIONES EN INFRAESTRUCTURAS URBANAS;998;VARIOS DISTRITOS
2023/004190;PRORR휺A CR텏ITO 001150/15330/61904;001150;15330;61904;;5900000,00;07;INFRAESTRUCTURAS;06;OTRAS INVERSIONES EN INFRAESTRUCTURAS URBANAS;998;VARIOS DISTRITOS
2023/004191;PRORR휺A CR텏ITO 001150/15330/61999;001150;15330;61999;;5200000,00;07;INFRAESTRUCTURAS;06;OTRAS INVERSIONES EN INFRAESTRUCTURAS URBANAS;998;VARIOS DISTRITOS
2023/004192;PRORR휺A CR텏ITO 001150/16001/60904;001150;16001;60904;;100,00;09;MEDIO AMBIENTE;03;ALCANTARILLADO Y COLECTORES;998;VARIOS DISTRITOS
2023/004193;PRORR휺A CR텏ITO 001150/16001/60914;001150;16001;60914;;21273894,00;09;MEDIO AMBIENTE;03;ALCANTARILLADO Y COLECTORES;998;VARIOS DISTRITOS
2023/004194;PRORR휺A CR텏ITO 001150/16001/60915;001150;16001;60915;;50000,00;09;MEDIO AMBIENTE;03;ALCANTARILLADO Y COLECTORES;998;VARIOS DISTRITOS
2023/004195;PRORR휺A CR텏ITO 001150/16001/60916;001150;16001;60916;;257300,00;09;MEDIO AMBIENTE;03;ALCANTARILLADO Y COLECTORES;998;VARIOS DISTRITOS
2023/004196;PRORR휺A CR텏ITO 001150/16001/60999;001150;16001;60999;;65000,00;09;MEDIO AMBIENTE;03;ALCANTARILLADO Y COLECTORES;998;VARIOS DISTRITOS
2023/004197;PRORR휺A CR텏ITO 001150/16001/61999;001150;16001;61999;;1321434,00;09;MEDIO AMBIENTE;03;ALCANTARILLADO Y COLECTORES;998;VARIOS DISTRITOS
2023/004198;PRORR휺A CR텏ITO 001150/16001/62700;001150;16001;62700;;3089434,00;09;MEDIO AMBIENTE;03;ALCANTARILLADO Y COLECTORES;998;VARIOS DISTRITOS
2023/004199;PRORR휺A CR텏ITO 001150/16001/62799;001150;16001;62799;;420700,00;09;MEDIO AMBIENTE;03;ALCANTARILLADO Y COLECTORES;998;VARIOS DISTRITOS
2023/004200;PRORR휺A CR텏ITO 001150/16230/62701;001150;16230;62701;;29414089,00;09;MEDIO AMBIENTE;05;TRATAMIENTO DE RESIDUOS;998;VARIOS DISTRITOS
2023/004201;PRORR휺A CR텏ITO 001150/16301/60913;001150;16301;60913;;1503341,00;08;MANTENIMIENTO URBANO;01;MOBILIARIO URBANO;998;VARIOS DISTRITOS
2023/004202;PRORR휺A CR텏ITO 001150/16301/61913;001150;16301;61913;;3056589,00;08;MANTENIMIENTO URBANO;01;MOBILIARIO URBANO;998;VARIOS DISTRITOS
2023/004203;PRORR휺A CR텏ITO 001150/17000/62500;001150;17000;62500;;16400,00;00;INVERSIONES DE CAR첶TER GENERAL;01;SERVICIOS ADMINISTRATIVOS CENTRALES;999;NO DISTRITALIZABLE
2023/004204;PRORR휺A CR텏ITO 001150/17000/62599;001150;17000;62599;;1500,00;00;INVERSIONES DE CAR첶TER GENERAL;01;SERVICIOS ADMINISTRATIVOS CENTRALES;999;NO DISTRITALIZABLE
2023/004205;PRORR휺A CR텏ITO 001150/17101/60917;001150;17101;60917;;300000,00;09;MEDIO AMBIENTE;00;PARQUES;998;VARIOS DISTRITOS
2023/004207;PRORR휺A CR텏ITO 001150/17101/61916;001150;17101;61916;;65000,00;09;MEDIO AMBIENTE;00;PARQUES;998;VARIOS DISTRITOS
2023/004208;PRORR휺A CR텏ITO 001150/17101/61917;001150;17101;61917;;100,00;09;MEDIO AMBIENTE;00;PARQUES;998;VARIOS DISTRITOS
2023/004209;PRORR휺A CR텏ITO 001150/17101/61920;001150;17101;61920;;2433953,00;09;MEDIO AMBIENTE;00;PARQUES;998;VARIOS DISTRITOS
2023/004210;PRORR휺A CR텏ITO 001150/17101/61921;001150;17101;61921;;261746,00;09;MEDIO AMBIENTE;01;ZONAS AJARDINADAS;998;VARIOS DISTRITOS
2023/004211;PRORR휺A CR텏ITO 001150/17101/63300;001150;17101;63300;;73345,00;09;MEDIO AMBIENTE;00;PARQUES;998;VARIOS DISTRITOS
2023/004212;PRORR휺A CR텏ITO 001150/17102/60920;001150;17102;60920;;21000,00;09;MEDIO AMBIENTE;00;PARQUES;998;VARIOS DISTRITOS
2023/004213;PRORR휺A CR텏ITO 001150/17102/61920;001150;17102;61920;;6145885,00;09;MEDIO AMBIENTE;00;PARQUES;998;VARIOS DISTRITOS
2023/004214;PRORR휺A CR텏ITO 001150/17102/61921;001150;17102;61921;;1488135,00;09;MEDIO AMBIENTE;01;ZONAS AJARDINADAS;998;VARIOS DISTRITOS
2023/004215;PRORR휺A CR텏ITO 001150/17102/61922;001150;17102;61922;;946225,00;09;MEDIO AMBIENTE;01;ZONAS AJARDINADAS;998;VARIOS DISTRITOS
2023/004216;PRORR휺A CR텏ITO 001150/17211/60921;001150;17211;60921;;72600,00;09;MEDIO AMBIENTE;07;DESARROLLO MEDIO AMBIENTAL, SOSTENIBILIDAD;998;VARIOS DISTRITOS
2023/004218;PRORR휺A CR텏ITO 001150/17212/62301;001150;17212;62301;;125562,00;09;MEDIO AMBIENTE;07;DESARROLLO MEDIO AMBIENTAL, SOSTENIBILIDAD;998;VARIOS DISTRITOS
2023/004219;PRORR휺A CR텏ITO 001160/15102/60000;001160;15102;60000;;9404000,00;06;URBANISMO;00;ADQUISICI흁 DE SUELO PARA INFRAESTRUCTURAS Y USO G;998;VARIOS DISTRITOS
2023/004220;PRORR휺A CR텏ITO 001160/15102/60901;001160;15102;60901;;3326996,00;06;URBANISMO;02;URBANIZACI흁 SUELO A TRAV텝 DEL SIST.COMPENSACI흁;998;VARIOS DISTRITOS
2023/004221;PRORR휺A CR텏ITO 001160/15102/68100;001160;15102;68100;;2004724,00;06;URBANISMO;05;ADQUISICI흁 SUELO PATRIMONIAL;998;VARIOS DISTRITOS
2023/004222;PRORR휺A CR텏ITO 001160/15103/63200;001160;15103;63200;;648887,00;00;INVERSIONES DE CAR첶TER GENERAL;03;EDIFICIOS PARA EL USO GENERAL;998;VARIOS DISTRITOS
2023/004223;PRORR휺A CR텏ITO 001160/15104/64100;001160;15104;64100;;29698,00;00;INVERSIONES DE CAR첶TER GENERAL;01;SERVICIOS ADMINISTRATIVOS CENTRALES;999;NO DISTRITALIZABLE
2023/004224;PRORR휺A CR텏ITO 001160/15105/60000;001160;15105;60000;;519397,00;06;URBANISMO;00;ADQUISICI흁 DE SUELO PARA INFRAESTRUCTURAS Y USO G;998;VARIOS DISTRITOS
2023/004225;PRORR휺A CR텏ITO 001160/15105/60904;001160;15105;60904;;4468307,00;06;URBANISMO;01;URBANIZACI흁 SUELO A CARGO DEL AYUNTAMIENTO;998;VARIOS DISTRITOS
2023/004226;PRORR휺A CR텏ITO 001160/15105/68100;001160;15105;68100;;547692,00;06;URBANISMO;05;ADQUISICI흁 SUELO PATRIMONIAL;998;VARIOS DISTRITOS
2023/004227;PRORR휺A CR텏ITO 001160/17213/60904;001160;17213;60904;;6991678,00;06;URBANISMO;01;URBANIZACI흁 SUELO A CARGO DEL AYUNTAMIENTO;998;VARIOS DISTRITOS
2023/004228;PRORR휺A CR텏ITO 001161/15324/61904;001161;15324;61904;;170452,00;06;URBANISMO;01;URBANIZACI흁 SUELO A CARGO DEL AYUNTAMIENTO;998;VARIOS DISTRITOS
2023/004229;PRORR휺A CR텏ITO 001170/92003/62301;001170;92003;62301;;170000,00;00;INVERSIONES DE CAR첶TER GENERAL;01;SERVICIOS ADMINISTRATIVOS CENTRALES;999;NO DISTRITALIZABLE
2023/004231;PRORR휺A CR텏ITO 001170/93100/62599;001170;93100;62599;;1700,00;00;INVERSIONES DE CAR첶TER GENERAL;01;SERVICIOS ADMINISTRATIVOS CENTRALES;999;NO DISTRITALIZABLE
2023/004232;PRORR휺A CR텏ITO 001170/93102/64100;001170;93102;64100;;144510,00;00;INVERSIONES DE CAR첶TER GENERAL;01;SERVICIOS ADMINISTRATIVOS CENTRALES;999;NO DISTRITALIZABLE
2023/004233;PRORR휺A CR텏ITO 001180/23100/62301;001180;23100;62301;;35000,00;00;INVERSIONES DE CAR첶TER GENERAL;01;SERVICIOS ADMINISTRATIVOS CENTRALES;999;NO DISTRITALIZABLE
2023/004234;PRORR휺A CR텏ITO 001180/23100/62500;001180;23100;62500;;6200,00;00;INVERSIONES DE CAR첶TER GENERAL;01;SERVICIOS ADMINISTRATIVOS CENTRALES;999;NO DISTRITALIZABLE
2023/004235;PRORR휺A CR텏ITO 001180/23100/62599;001180;23100;62599;;5000,00;00;INVERSIONES DE CAR첶TER GENERAL;01;SERVICIOS ADMINISTRATIVOS CENTRALES;999;NO DISTRITALIZABLE
2023/004236;PRORR휺A CR텏ITO 001180/23100/62901;001180;23100;62901;;8750,00;00;INVERSIONES DE CAR첶TER GENERAL;01;SERVICIOS ADMINISTRATIVOS CENTRALES;999;NO DISTRITALIZABLE
2023/004237;PRORR휺A CR텏ITO 001180/23100/63301;001180;23100;63301;;150000,00;00;INVERSIONES DE CAR첶TER GENERAL;01;SERVICIOS ADMINISTRATIVOS CENTRALES;999;NO DISTRITALIZABLE
2023/004238;PRORR휺A CR텏ITO 001180/23100/63500;001180;23100;63500;;595,00;00;INVERSIONES DE CAR첶TER GENERAL;01;SERVICIOS ADMINISTRATIVOS CENTRALES;999;NO DISTRITALIZABLE
2023/004239;PRORR휺A CR텏ITO 001180/23100/63901;001180;23100;63901;;9900,00;00;INVERSIONES DE CAR첶TER GENERAL;01;SERVICIOS ADMINISTRATIVOS CENTRALES;999;NO DISTRITALIZABLE
2023/004240;PRORR휺A CR텏ITO 001180/23102/62599;001180;23102;62599;;100500,00;03;PROTECCI흁 Y PROMOCI흁 SOCIAL;03;INFANCIA Y FAMILIA;998;VARIOS DISTRITOS
2023/004241;PRORR휺A CR텏ITO 001180/23102/63599;001180;23102;63599;;9000,00;03;PROTECCI흁 Y PROMOCI흁 SOCIAL;03;INFANCIA Y FAMILIA;998;VARIOS DISTRITOS
2023/004242;PRORR휺A CR텏ITO 001180/23103/62599;001180;23103;62599;;132029,00;03;PROTECCI흁 Y PROMOCI흁 SOCIAL;00;CENTROS DE D페 Y RESIDENCIAS DE MAYORES;998;VARIOS DISTRITOS
2023/004243;PRORR휺A CR텏ITO 001180/23103/63599;001180;23103;63599;;63627,00;03;PROTECCI흁 Y PROMOCI흁 SOCIAL;00;CENTROS DE D페 Y RESIDENCIAS DE MAYORES;998;VARIOS DISTRITOS
2023/004244;PRORR휺A CR텏ITO 001180/23104/62599;001180;23104;62599;;50010,00;03;PROTECCI흁 Y PROMOCI흁 SOCIAL;04;ATENCI흁 SOCIAL A LA MUJER;998;VARIOS DISTRITOS
2023/004245;PRORR휺A CR텏ITO 001180/23107/62599;001180;23107;62599;;12874,00;03;PROTECCI흁 Y PROMOCI흁 SOCIAL;06;PERSONAS SIN HOGAR;998;VARIOS DISTRITOS
2023/004246;PRORR휺A CR텏ITO 001180/23107/63599;001180;23107;63599;;129119,00;03;PROTECCI흁 Y PROMOCI흁 SOCIAL;06;PERSONAS SIN HOGAR;998;VARIOS DISTRITOS
2023/004247;PRORR휺A CR텏ITO 001180/32301/62599;001180;32301;62599;;1596835,00;05;EDUCACI흁;01;ESCUELAS INFANTILES;998;VARIOS DISTRITOS
2023/004248;PRORR휺A CR텏ITO 001180/32301/62901;001180;32301;62901;;3000,00;05;EDUCACI흁;01;ESCUELAS INFANTILES;998;VARIOS DISTRITOS
2023/004249;PRORR휺A CR텏ITO 001180/32301/62999;001180;32301;62999;;50000,00;05;EDUCACI흁;01;ESCUELAS INFANTILES;998;VARIOS DISTRITOS
2023/004250;PRORR휺A CR텏ITO 001180/32301/63599;001180;32301;63599;;70650,00;05;EDUCACI흁;01;ESCUELAS INFANTILES;998;VARIOS DISTRITOS
2023/004251;PRORR휺A CR텏ITO 001180/32601/62301;001180;32601;62301;;6000,00;05;EDUCACI흁;05;OTROS CENTROS DE ENSE헤NZA;998;VARIOS DISTRITOS
2023/004253;PRORR휺A CR텏ITO 001180/32601/62599;001180;32601;62599;;64470,00;05;EDUCACI흁;03;ESCUELAS DE MＣICA;998;VARIOS DISTRITOS
2023/004254;PRORR휺A CR텏ITO 001180/32601/63300;001180;32601;63300;;3000,00;05;EDUCACI흁;05;OTROS CENTROS DE ENSE헤NZA;998;VARIOS DISTRITOS
2023/004255;PRORR휺A CR텏ITO 001180/32601/63599;001180;32601;63599;;20000,00;05;EDUCACI흁;03;ESCUELAS DE MＣICA;998;VARIOS DISTRITOS
2023/004256;PRORR휺A CR텏ITO 001180/33701/62302;001180;33701;62302;;1000,00;11;DEPORTES, JUVENTUD  Y ESPARCIMIENTO;03;CENTROS JUVENILES;998;VARIOS DISTRITOS
2023/004257;PRORR휺A CR텏ITO 001180/33701/62599;001180;33701;62599;;261950,00;11;DEPORTES, JUVENTUD  Y ESPARCIMIENTO;03;CENTROS JUVENILES;998;VARIOS DISTRITOS
2023/004258;PRORR휺A CR텏ITO 001180/33701/62901;001180;33701;62901;;1500,00;11;DEPORTES, JUVENTUD  Y ESPARCIMIENTO;03;CENTROS JUVENILES;998;VARIOS DISTRITOS
2023/004259;PRORR휺A CR텏ITO 001190/15320/62500;001190;15320;62500;;31700,00;00;INVERSIONES DE CAR첶TER GENERAL;01;SERVICIOS ADMINISTRATIVOS CENTRALES;999;NO DISTRITALIZABLE
2023/004262;PRORR휺A CR텏ITO 001190/15321/61910;001190;15321;61910;;15961175,00;08;MANTENIMIENTO URBANO;02;V페S P２LICAS;998;VARIOS DISTRITOS
2023/004264;PRORR휺A CR텏ITO 001190/15340/60911;001190;15340;60911;;1394554,00;07;INFRAESTRUCTURAS;04;CONSTRUCCI흁 PASARELAS PEATONALES;998;VARIOS DISTRITOS
2023/004265;PRORR휺A CR텏ITO 001190/15340/60999;001190;15340;60999;;50000,00;07;INFRAESTRUCTURAS;06;OTRAS INVERSIONES EN INFRAESTRUCTURAS URBANAS;998;VARIOS DISTRITOS
2023/004266;PRORR휺A CR텏ITO 001190/15340/61904;001190;15340;61904;;43761559,00;06;URBANISMO;01;URBANIZACI흁 SUELO A CARGO DEL AYUNTAMIENTO;998;VARIOS DISTRITOS
2023/004267;PRORR휺A CR텏ITO 001190/15340/61910;001190;15340;61910;;7398111,00;08;MANTENIMIENTO URBANO;02;V페S P２LICAS;998;VARIOS DISTRITOS
2023/004268;PRORR휺A CR텏ITO 001190/15340/61911;001190;15340;61911;;6376405,00;07;INFRAESTRUCTURAS;06;OTRAS INVERSIONES EN INFRAESTRUCTURAS URBANAS;998;VARIOS DISTRITOS
2023/004269;PRORR휺A CR텏ITO 001190/16501/60917;001190;16501;60917;;5217400,00;08;MANTENIMIENTO URBANO;00;ALUMBRADO P２LICO;998;VARIOS DISTRITOS
2023/004270;PRORR휺A CR텏ITO 001190/16501/61911;001190;16501;61911;;3466468,00;08;MANTENIMIENTO URBANO;04;CONSERVACI흁  PASOS A DISTINTO NIVEL;998;VARIOS DISTRITOS
2023/004271;PRORR휺A CR텏ITO 001190/93301/62200;001190;93301;62200;;38705127,00;00;INVERSIONES DE CAR첶TER GENERAL;03;EDIFICIOS PARA EL USO GENERAL;998;VARIOS DISTRITOS
2023/004272;PRORR휺A CR텏ITO 001190/93301/63200;001190;93301;63200;;11166120,00;00;INVERSIONES DE CAR첶TER GENERAL;03;EDIFICIOS PARA EL USO GENERAL;998;VARIOS DISTRITOS
2023/004274;PRORR휺A CR텏ITO 001201/23103/63599;001201;23103;63599;;5900,00;03;PROTECCI흁 Y PROMOCI흁 SOCIAL;01;CENTROS DE MAYORES;201;CENTRO
2023/004275;PRORR휺A CR텏ITO 001201/32301/63200;001201;32301;63200;;1085180,00;05;EDUCACI흁;00;COLEGIOS;201;CENTRO
2023/004276;PRORR휺A CR텏ITO 001201/32301/63599;001201;32301;63599;;1670,00;05;EDUCACI흁;01;ESCUELAS INFANTILES;201;CENTRO
2023/004277;PRORR휺A CR텏ITO 001201/33401/62599;001201;33401;62599;;2050,00;10;CULTURA;03;CENTROS CULTURALES;201;CENTRO
2023/004278;PRORR휺A CR텏ITO 001201/34201/61999;001201;34201;61999;;20250,00;11;DEPORTES, JUVENTUD  Y ESPARCIMIENTO;02;PISTAS DEPORTIVAS ELEMENTALES;201;CENTRO
2023/004279;PRORR휺A CR텏ITO 001201/93302/63200;001201;93302;63200;;115000,00;00;INVERSIONES DE CAR첶TER GENERAL;03;EDIFICIOS PARA EL USO GENERAL;201;CENTRO
2023/004280;PRORR휺A CR텏ITO 001202/32301/63200;001202;32301;63200;;128400,00;05;EDUCACI흁;00;COLEGIOS;202;ARGANZUELA
2023/004281;PRORR휺A CR텏ITO 001202/34201/62500;001202;34201;62500;;4610,00;11;DEPORTES, JUVENTUD  Y ESPARCIMIENTO;01;POLIDEPORTIVOS;202;ARGANZUELA
2023/004282;PRORR휺A CR텏ITO 001202/34201/63200;001202;34201;63200;;56025,00;11;DEPORTES, JUVENTUD  Y ESPARCIMIENTO;01;POLIDEPORTIVOS;202;ARGANZUELA
2023/004283;PRORR휺A CR텏ITO 001202/34201/63301;001202;34201;63301;;1000,00;11;DEPORTES, JUVENTUD  Y ESPARCIMIENTO;01;POLIDEPORTIVOS;202;ARGANZUELA
2023/004284;PRORR휺A CR텏ITO 001202/92001/62500;001202;92001;62500;;9284,00;00;INVERSIONES DE CAR첶TER GENERAL;02;SERVICIOS ADMINISTRATIVOS  TERRITORIALES;202;ARGANZUELA
2023/004285;PRORR휺A CR텏ITO 001202/92001/62599;001202;92001;62599;;485,00;00;INVERSIONES DE CAR첶TER GENERAL;02;SERVICIOS ADMINISTRATIVOS  TERRITORIALES;202;ARGANZUELA
2023/004286;PRORR휺A CR텏ITO 001202/93302/63200;001202;93302;63200;;16249,00;00;INVERSIONES DE CAR첶TER GENERAL;03;EDIFICIOS PARA EL USO GENERAL;202;ARGANZUELA
2023/004287;PRORR휺A CR텏ITO 001203/15322/61910;001203;15322;61910;;3000,00;08;MANTENIMIENTO URBANO;02;V페S P２LICAS;203;RETIRO
2023/004288;PRORR휺A CR텏ITO 001203/32301/63200;001203;32301;63200;;33365,00;05;EDUCACI흁;00;COLEGIOS;203;RETIRO
2023/004289;PRORR휺A CR텏ITO 001203/32601/63200;001203;32601;63200;;905,00;05;EDUCACI흁;05;OTROS CENTROS DE ENSE헤NZA;203;RETIRO
2023/004290;PRORR휺A CR텏ITO 001203/34101/63200;001203;34101;63200;;61561,00;11;DEPORTES, JUVENTUD  Y ESPARCIMIENTO;02;PISTAS DEPORTIVAS ELEMENTALES;203;RETIRO
2023/004291;PRORR휺A CR텏ITO 001203/34201/62599;001203;34201;62599;;2000,00;11;DEPORTES, JUVENTUD  Y ESPARCIMIENTO;01;POLIDEPORTIVOS;203;RETIRO
2023/004292;PRORR휺A CR텏ITO 001203/34201/62999;001203;34201;62999;;25000,00;11;DEPORTES, JUVENTUD  Y ESPARCIMIENTO;01;POLIDEPORTIVOS;203;RETIRO
2023/004294;PRORR휺A CR텏ITO 001203/93302/63200;001203;93302;63200;;52000,00;00;INVERSIONES DE CAR첶TER GENERAL;03;EDIFICIOS PARA EL USO GENERAL;203;RETIRO
2023/004295;PRORR휺A CR텏ITO 001204/15322/61904;001204;15322;61904;;114445,00;08;MANTENIMIENTO URBANO;02;V페S P２LICAS;204;SALAMANCA
2023/004296;PRORR휺A CR텏ITO 001204/32301/63200;001204;32301;63200;;194710,00;05;EDUCACI흁;00;COLEGIOS;204;SALAMANCA
2023/004297;PRORR휺A CR텏ITO 001204/33401/60999;001204;33401;60999;;4635,00;10;CULTURA;03;CENTROS CULTURALES;204;SALAMANCA
2023/004298;PRORR휺A CR텏ITO 001204/33401/62599;001204;33401;62599;;129629,00;10;CULTURA;03;CENTROS CULTURALES;204;SALAMANCA
2023/004299;PRORR휺A CR텏ITO 001204/34201/62599;001204;34201;62599;;2365,00;11;DEPORTES, JUVENTUD  Y ESPARCIMIENTO;02;PISTAS DEPORTIVAS ELEMENTALES;204;SALAMANCA
2023/004300;PRORR휺A CR텏ITO 001204/34201/62999;001204;34201;62999;;7000,00;11;DEPORTES, JUVENTUD  Y ESPARCIMIENTO;01;POLIDEPORTIVOS;204;SALAMANCA
2023/004301;PRORR휺A CR텏ITO 001204/34201/63200;001204;34201;63200;;58149,00;11;DEPORTES, JUVENTUD  Y ESPARCIMIENTO;01;POLIDEPORTIVOS;204;SALAMANCA
2023/004303;PRORR휺A CR텏ITO 001204/93302/63200;001204;93302;63200;;291275,00;00;INVERSIONES DE CAR첶TER GENERAL;03;EDIFICIOS PARA EL USO GENERAL;204;SALAMANCA
2023/004304;PRORR휺A CR텏ITO 001205/15322/61910;001205;15322;61910;;113576,00;08;MANTENIMIENTO URBANO;02;V페S P２LICAS;205;CHAMARTIN
2023/004305;PRORR휺A CR텏ITO 001205/17102/60913;001205;17102;60913;;130000,00;09;MEDIO AMBIENTE;01;ZONAS AJARDINADAS;205;CHAMARTIN
2023/004306;PRORR휺A CR텏ITO 001205/17102/61921;001205;17102;61921;;470000,00;09;MEDIO AMBIENTE;01;ZONAS AJARDINADAS;205;CHAMARTIN
2023/004307;PRORR휺A CR텏ITO 001205/31101/62302;001205;31101;62302;;35,00;04;SALUD P２LICA;02;HIGIENE;205;CHAMARTIN
2023/004308;PRORR휺A CR텏ITO 001205/32301/63200;001205;32301;63200;;511664,00;05;EDUCACI흁;00;COLEGIOS;205;CHAMARTIN
2023/004311;PRORR휺A CR텏ITO 001205/93302/63200;001205;93302;63200;;90619,00;00;INVERSIONES DE CAR첶TER GENERAL;03;EDIFICIOS PARA EL USO GENERAL;205;CHAMARTIN
2023/004312;PRORR휺A CR텏ITO 001206/17102/61921;001206;17102;61921;;19000,00;09;MEDIO AMBIENTE;01;ZONAS AJARDINADAS;206;TETUAN
2023/004313;PRORR휺A CR텏ITO 001206/32301/63200;001206;32301;63200;;512370,00;05;EDUCACI흁;00;COLEGIOS;206;TETUAN
2023/004314;PRORR휺A CR텏ITO 001206/34201/60999;001206;34201;60999;;650000,00;11;DEPORTES, JUVENTUD  Y ESPARCIMIENTO;02;PISTAS DEPORTIVAS ELEMENTALES;206;TETUAN
2023/004315;PRORR휺A CR텏ITO 001206/34201/61999;001206;34201;61999;;73559,00;11;DEPORTES, JUVENTUD  Y ESPARCIMIENTO;02;PISTAS DEPORTIVAS ELEMENTALES;206;TETUAN
2023/004316;PRORR휺A CR텏ITO 001206/34201/62599;001206;34201;62599;;2000,00;11;DEPORTES, JUVENTUD  Y ESPARCIMIENTO;01;POLIDEPORTIVOS;206;TETUAN
2023/004317;PRORR휺A CR텏ITO 001206/34201/63200;001206;34201;63200;;30000,00;11;DEPORTES, JUVENTUD  Y ESPARCIMIENTO;01;POLIDEPORTIVOS;206;TETUAN
2023/004318;PRORR휺A CR텏ITO 001206/34201/63500;001206;34201;63500;;15000,00;11;DEPORTES, JUVENTUD  Y ESPARCIMIENTO;01;POLIDEPORTIVOS;206;TETUAN
2023/004319;PRORR휺A CR텏ITO 001206/34201/63599;001206;34201;63599;;75624,00;11;DEPORTES, JUVENTUD  Y ESPARCIMIENTO;01;POLIDEPORTIVOS;206;TETUAN
2023/004320;PRORR휺A CR텏ITO 001206/93302/63200;001206;93302;63200;;21370,00;00;INVERSIONES DE CAR첶TER GENERAL;03;EDIFICIOS PARA EL USO GENERAL;206;TETUAN
2023/004321;PRORR휺A CR텏ITO 001207/15322/61910;001207;15322;61910;;200000,00;08;MANTENIMIENTO URBANO;02;V페S P２LICAS;207;CHAMBERI
2023/004322;PRORR휺A CR텏ITO 001207/17102/61921;001207;17102;61921;;175375,00;09;MEDIO AMBIENTE;01;ZONAS AJARDINADAS;207;CHAMBERI
2023/004323;PRORR휺A CR텏ITO 001207/32301/63200;001207;32301;63200;;272245,00;05;EDUCACI흁;00;COLEGIOS;207;CHAMBERI
2023/004324;PRORR휺A CR텏ITO 001207/33401/60999;001207;33401;60999;;3209,00;10;CULTURA;03;CENTROS CULTURALES;207;CHAMBERI
2023/004325;PRORR휺A CR텏ITO 001207/33401/62599;001207;33401;62599;;294,00;10;CULTURA;03;CENTROS CULTURALES;207;CHAMBERI
2023/004326;PRORR휺A CR텏ITO 001207/33401/62999;001207;33401;62999;;6000,00;10;CULTURA;03;CENTROS CULTURALES;207;CHAMBERI
2023/004327;PRORR휺A CR텏ITO 001207/92001/62500;001207;92001;62500;;1904,00;00;INVERSIONES DE CAR첶TER GENERAL;02;SERVICIOS ADMINISTRATIVOS  TERRITORIALES;207;CHAMBERI
2023/004328;PRORR휺A CR텏ITO 001207/92001/62599;001207;92001;62599;;500,00;00;INVERSIONES DE CAR첶TER GENERAL;02;SERVICIOS ADMINISTRATIVOS  TERRITORIALES;207;CHAMBERI
2023/004329;PRORR휺A CR텏ITO 001207/93302/63200;001207;93302;63200;;248750,00;00;INVERSIONES DE CAR첶TER GENERAL;03;EDIFICIOS PARA EL USO GENERAL;207;CHAMBERI
2023/004330;PRORR휺A CR텏ITO 001208/17102/61921;001208;17102;61921;;150000,00;09;MEDIO AMBIENTE;01;ZONAS AJARDINADAS;208;FUENCARRAL-EL PARDO
2023/004331;PRORR휺A CR텏ITO 001208/23103/63599;001208;23103;63599;;25000,00;03;PROTECCI흁 Y PROMOCI흁 SOCIAL;01;CENTROS DE MAYORES;208;FUENCARRAL-EL PARDO
2023/004332;PRORR휺A CR텏ITO 001208/23106/63599;001208;23106;63599;;8725,00;03;PROTECCI흁 Y PROMOCI흁 SOCIAL;02;CENTROS DE SERVICIOS SOCIALES;208;FUENCARRAL-EL PARDO
2023/004333;PRORR휺A CR텏ITO 001208/32301/63200;001208;32301;63200;;213214,00;05;EDUCACI흁;00;COLEGIOS;208;FUENCARRAL-EL PARDO
2023/004334;PRORR휺A CR텏ITO 001208/33401/63599;001208;33401;63599;;9071,00;10;CULTURA;03;CENTROS CULTURALES;208;FUENCARRAL-EL PARDO
2023/004335;PRORR휺A CR텏ITO 001208/34201/62200;001208;34201;62200;;150000,00;11;DEPORTES, JUVENTUD  Y ESPARCIMIENTO;02;PISTAS DEPORTIVAS ELEMENTALES;208;FUENCARRAL-EL PARDO
2023/004336;PRORR휺A CR텏ITO 001208/34201/62300;001208;34201;62300;;10000,00;11;DEPORTES, JUVENTUD  Y ESPARCIMIENTO;01;POLIDEPORTIVOS;208;FUENCARRAL-EL PARDO
2023/004337;PRORR휺A CR텏ITO 001208/34201/62302;001208;34201;62302;;5000,00;11;DEPORTES, JUVENTUD  Y ESPARCIMIENTO;01;POLIDEPORTIVOS;208;FUENCARRAL-EL PARDO
2023/004339;PRORR휺A CR텏ITO 001208/34201/63200;001208;34201;63200;;214430,00;11;DEPORTES, JUVENTUD  Y ESPARCIMIENTO;01;POLIDEPORTIVOS;208;FUENCARRAL-EL PARDO
2023/004340;PRORR휺A CR텏ITO 001208/92001/62500;001208;92001;62500;;8755,00;00;INVERSIONES DE CAR첶TER GENERAL;02;SERVICIOS ADMINISTRATIVOS  TERRITORIALES;208;FUENCARRAL-EL PARDO
2023/004341;PRORR휺A CR텏ITO 001208/93302/63200;001208;93302;63200;;32104,00;00;INVERSIONES DE CAR첶TER GENERAL;03;EDIFICIOS PARA EL USO GENERAL;208;FUENCARRAL-EL PARDO
2023/004342;PRORR휺A CR텏ITO 001209/15322/61910;001209;15322;61910;;15000,00;08;MANTENIMIENTO URBANO;02;V페S P２LICAS;209;MONCLOA-ARAVACA
2023/004343;PRORR휺A CR텏ITO 001209/32301/63200;001209;32301;63200;;699280,00;05;EDUCACI흁;00;COLEGIOS;209;MONCLOA-ARAVACA
2023/004344;PRORR휺A CR텏ITO 001209/33401/60999;001209;33401;60999;;5733,00;10;CULTURA;03;CENTROS CULTURALES;209;MONCLOA-ARAVACA
2023/004345;PRORR휺A CR텏ITO 001209/34201/61999;001209;34201;61999;;100000,00;11;DEPORTES, JUVENTUD  Y ESPARCIMIENTO;02;PISTAS DEPORTIVAS ELEMENTALES;209;MONCLOA-ARAVACA
2023/004346;PRORR휺A CR텏ITO 001209/34201/63200;001209;34201;63200;;150000,00;11;DEPORTES, JUVENTUD  Y ESPARCIMIENTO;02;PISTAS DEPORTIVAS ELEMENTALES;209;MONCLOA-ARAVACA
2023/004347;PRORR휺A CR텏ITO 001209/92001/62302;001209;92001;62302;;1000,00;00;INVERSIONES DE CAR첶TER GENERAL;02;SERVICIOS ADMINISTRATIVOS  TERRITORIALES;209;MONCLOA-ARAVACA
2023/004348;PRORR휺A CR텏ITO 001209/92001/62500;001209;92001;62500;;9000,00;00;INVERSIONES DE CAR첶TER GENERAL;02;SERVICIOS ADMINISTRATIVOS  TERRITORIALES;209;MONCLOA-ARAVACA
2023/004349;PRORR휺A CR텏ITO 001209/92001/62599;001209;92001;62599;;5000,00;00;INVERSIONES DE CAR첶TER GENERAL;02;SERVICIOS ADMINISTRATIVOS  TERRITORIALES;209;MONCLOA-ARAVACA
2023/004350;PRORR휺A CR텏ITO 001209/92001/63302;001209;92001;63302;;400,00;00;INVERSIONES DE CAR첶TER GENERAL;02;SERVICIOS ADMINISTRATIVOS  TERRITORIALES;209;MONCLOA-ARAVACA
2023/004351;PRORR휺A CR텏ITO 001209/92001/63500;001209;92001;63500;;1000,00;00;INVERSIONES DE CAR첶TER GENERAL;02;SERVICIOS ADMINISTRATIVOS  TERRITORIALES;209;MONCLOA-ARAVACA
2023/004352;PRORR휺A CR텏ITO 001209/92001/63599;001209;92001;63599;;1000,00;00;INVERSIONES DE CAR첶TER GENERAL;02;SERVICIOS ADMINISTRATIVOS  TERRITORIALES;209;MONCLOA-ARAVACA
2023/004353;PRORR휺A CR텏ITO 001209/93302/63200;001209;93302;63200;;11810,00;00;INVERSIONES DE CAR첶TER GENERAL;03;EDIFICIOS PARA EL USO GENERAL;209;MONCLOA-ARAVACA
2023/004354;PRORR휺A CR텏ITO 001210/15322/61910;001210;15322;61910;;1799134,00;08;MANTENIMIENTO URBANO;02;V페S P２LICAS;210;LATINA
2023/004355;PRORR휺A CR텏ITO 001210/17102/61921;001210;17102;61921;;280260,00;09;MEDIO AMBIENTE;01;ZONAS AJARDINADAS;210;LATINA
2023/004356;PRORR휺A CR텏ITO 001210/17102/61999;001210;17102;61999;;600000,00;09;MEDIO AMBIENTE;01;ZONAS AJARDINADAS;210;LATINA
2023/004357;PRORR휺A CR텏ITO 001210/32301/63200;001210;32301;63200;;99273,00;05;EDUCACI흁;00;COLEGIOS;210;LATINA
2023/004358;PRORR휺A CR텏ITO 001210/32601/62200;001210;32601;62200;;3883934,00;05;EDUCACI흁;05;OTROS CENTROS DE ENSE헤NZA;210;LATINA
2023/004359;PRORR휺A CR텏ITO 001210/33401/62300;001210;33401;62300;;18000,00;10;CULTURA;03;CENTROS CULTURALES;210;LATINA
2023/004360;PRORR휺A CR텏ITO 001210/33401/62599;001210;33401;62599;;17235,00;10;CULTURA;03;CENTROS CULTURALES;210;LATINA
2023/004361;PRORR휺A CR텏ITO 001210/34201/63200;001210;34201;63200;;1202011,00;11;DEPORTES, JUVENTUD  Y ESPARCIMIENTO;01;POLIDEPORTIVOS;210;LATINA
2023/004362;PRORR휺A CR텏ITO 001210/92001/62500;001210;92001;62500;;50000,00;00;INVERSIONES DE CAR첶TER GENERAL;02;SERVICIOS ADMINISTRATIVOS  TERRITORIALES;210;LATINA
2023/004363;PRORR휺A CR텏ITO 001210/92001/62599;001210;92001;62599;;1000,00;00;INVERSIONES DE CAR첶TER GENERAL;02;SERVICIOS ADMINISTRATIVOS  TERRITORIALES;210;LATINA
2023/004364;PRORR휺A CR텏ITO 001210/93302/63200;001210;93302;63200;;250000,00;00;INVERSIONES DE CAR첶TER GENERAL;03;EDIFICIOS PARA EL USO GENERAL;210;LATINA
2023/004365;PRORR휺A CR텏ITO 001211/15322/61910;001211;15322;61910;;147867,00;08;MANTENIMIENTO URBANO;02;V페S P２LICAS;211;CARABANCHEL
2023/004366;PRORR휺A CR텏ITO 001211/17102/61921;001211;17102;61921;;222885,00;09;MEDIO AMBIENTE;01;ZONAS AJARDINADAS;211;CARABANCHEL
2023/004367;PRORR휺A CR텏ITO 001211/32301/63200;001211;32301;63200;;173555,00;05;EDUCACI흁;00;COLEGIOS;211;CARABANCHEL
2023/004368;PRORR휺A CR텏ITO 001211/34201/63999;001211;34201;63999;;29955,00;11;DEPORTES, JUVENTUD  Y ESPARCIMIENTO;01;POLIDEPORTIVOS;211;CARABANCHEL
2023/004369;PRORR휺A CR텏ITO 001212/15322/61904;001212;15322;61904;;56533,00;08;MANTENIMIENTO URBANO;02;V페S P２LICAS;212;USERA
2023/004370;PRORR휺A CR텏ITO 001212/15322/61999;001212;15322;61999;;128154,00;08;MANTENIMIENTO URBANO;02;V페S P２LICAS;212;USERA
2023/004371;PRORR휺A CR텏ITO 001212/17102/60913;001212;17102;60913;;430,00;09;MEDIO AMBIENTE;01;ZONAS AJARDINADAS;212;USERA
2023/004372;PRORR휺A CR텏ITO 001212/17102/60921;001212;17102;60921;;350000,00;09;MEDIO AMBIENTE;01;ZONAS AJARDINADAS;212;USERA
2023/004373;PRORR휺A CR텏ITO 001212/17102/60999;001212;17102;60999;;350000,00;09;MEDIO AMBIENTE;01;ZONAS AJARDINADAS;212;USERA
2023/004374;PRORR휺A CR텏ITO 001212/17102/61921;001212;17102;61921;;4411,00;09;MEDIO AMBIENTE;01;ZONAS AJARDINADAS;212;USERA
2023/004375;PRORR휺A CR텏ITO 001212/23103/62599;001212;23103;62599;;2500,00;03;PROTECCI흁 Y PROMOCI흁 SOCIAL;01;CENTROS DE MAYORES;212;USERA
2023/004376;PRORR휺A CR텏ITO 001212/23103/63500;001212;23103;63500;;5000,00;03;PROTECCI흁 Y PROMOCI흁 SOCIAL;01;CENTROS DE MAYORES;212;USERA
2023/004378;PRORR휺A CR텏ITO 001212/23106/62500;001212;23106;62500;;5000,00;03;PROTECCI흁 Y PROMOCI흁 SOCIAL;02;CENTROS DE SERVICIOS SOCIALES;212;USERA
2023/004379;PRORR휺A CR텏ITO 001212/32301/63200;001212;32301;63200;;865400,00;05;EDUCACI흁;00;COLEGIOS;212;USERA
2023/004380;PRORR휺A CR텏ITO 001212/33401/62599;001212;33401;62599;;4000,00;10;CULTURA;03;CENTROS CULTURALES;212;USERA
2023/004381;PRORR휺A CR텏ITO 001212/33401/63599;001212;33401;63599;;4000,00;10;CULTURA;03;CENTROS CULTURALES;212;USERA
2023/004382;PRORR휺A CR텏ITO 001212/34201/60999;001212;34201;60999;;300000,00;11;DEPORTES, JUVENTUD  Y ESPARCIMIENTO;02;PISTAS DEPORTIVAS ELEMENTALES;212;USERA
2023/004383;PRORR휺A CR텏ITO 001212/34201/61999;001212;34201;61999;;276890,00;11;DEPORTES, JUVENTUD  Y ESPARCIMIENTO;02;PISTAS DEPORTIVAS ELEMENTALES;212;USERA
2023/004384;PRORR휺A CR텏ITO 001212/34201/62300;001212;34201;62300;;15000,00;11;DEPORTES, JUVENTUD  Y ESPARCIMIENTO;01;POLIDEPORTIVOS;212;USERA
2023/004385;PRORR휺A CR텏ITO 001212/34201/62500;001212;34201;62500;;2665,00;11;DEPORTES, JUVENTUD  Y ESPARCIMIENTO;01;POLIDEPORTIVOS;212;USERA
2023/004387;PRORR휺A CR텏ITO 001212/34201/63200;001212;34201;63200;;291362,00;11;DEPORTES, JUVENTUD  Y ESPARCIMIENTO;01;POLIDEPORTIVOS;212;USERA
2023/004388;PRORR휺A CR텏ITO 001212/34201/63500;001212;34201;63500;;3420,00;11;DEPORTES, JUVENTUD  Y ESPARCIMIENTO;01;POLIDEPORTIVOS;212;USERA
2023/004389;PRORR휺A CR텏ITO 001212/34201/63599;001212;34201;63599;;19000,00;11;DEPORTES, JUVENTUD  Y ESPARCIMIENTO;01;POLIDEPORTIVOS;212;USERA
2023/004390;PRORR휺A CR텏ITO 001212/92001/62500;001212;92001;62500;;400,00;00;INVERSIONES DE CAR첶TER GENERAL;02;SERVICIOS ADMINISTRATIVOS  TERRITORIALES;212;USERA
2023/004392;PRORR휺A CR텏ITO 001212/93302/63200;001212;93302;63200;;123340,00;00;INVERSIONES DE CAR첶TER GENERAL;03;EDIFICIOS PARA EL USO GENERAL;212;USERA
2023/004393;PRORR휺A CR텏ITO 001213/15322/61904;001213;15322;61904;;600000,00;08;MANTENIMIENTO URBANO;02;V페S P２LICAS;213;PUENTE DE VALLECAS
2023/004394;PRORR휺A CR텏ITO 001213/17102/60999;001213;17102;60999;;374350,00;09;MEDIO AMBIENTE;01;ZONAS AJARDINADAS;213;PUENTE DE VALLECAS
2023/004395;PRORR휺A CR텏ITO 001213/17103/60999;001213;17103;60999;;375000,00;11;DEPORTES, JUVENTUD  Y ESPARCIMIENTO;02;PISTAS DEPORTIVAS ELEMENTALES;213;PUENTE DE VALLECAS
2023/004396;PRORR휺A CR텏ITO 001213/23103/62599;001213;23103;62599;;39000,00;03;PROTECCI흁 Y PROMOCI흁 SOCIAL;01;CENTROS DE MAYORES;213;PUENTE DE VALLECAS
2023/004397;PRORR휺A CR텏ITO 001213/23103/62601;001213;23103;62601;;4500,00;03;PROTECCI흁 Y PROMOCI흁 SOCIAL;01;CENTROS DE MAYORES;213;PUENTE DE VALLECAS
2023/004398;PRORR휺A CR텏ITO 001213/23103/63500;001213;23103;63500;;2500,00;03;PROTECCI흁 Y PROMOCI흁 SOCIAL;01;CENTROS DE MAYORES;213;PUENTE DE VALLECAS
2023/004399;PRORR휺A CR텏ITO 001213/23106/62599;001213;23106;62599;;91000,00;03;PROTECCI흁 Y PROMOCI흁 SOCIAL;02;CENTROS DE SERVICIOS SOCIALES;213;PUENTE DE VALLECAS
2023/004400;PRORR휺A CR텏ITO 001213/23106/63599;001213;23106;63599;;8000,00;03;PROTECCI흁 Y PROMOCI흁 SOCIAL;02;CENTROS DE SERVICIOS SOCIALES;213;PUENTE DE VALLECAS
2023/004401;PRORR휺A CR텏ITO 001213/31101/62302;001213;31101;62302;;500,00;04;SALUD P２LICA;02;HIGIENE;213;PUENTE DE VALLECAS
2023/004402;PRORR휺A CR텏ITO 001213/32301/63200;001213;32301;63200;;2227620,00;05;EDUCACI흁;00;COLEGIOS;213;PUENTE DE VALLECAS
2023/004403;PRORR휺A CR텏ITO 001213/33401/62500;001213;33401;62500;;5000,00;10;CULTURA;03;CENTROS CULTURALES;213;PUENTE DE VALLECAS
2023/004404;PRORR휺A CR텏ITO 001213/33401/62599;001213;33401;62599;;32500,00;10;CULTURA;03;CENTROS CULTURALES;213;PUENTE DE VALLECAS
2023/004405;PRORR휺A CR텏ITO 001213/33401/63500;001213;33401;63500;;5000,00;10;CULTURA;03;CENTROS CULTURALES;213;PUENTE DE VALLECAS
2023/004406;PRORR휺A CR텏ITO 001213/33401/63599;001213;33401;63599;;5000,00;10;CULTURA;03;CENTROS CULTURALES;213;PUENTE DE VALLECAS
2023/004407;PRORR휺A CR텏ITO 001213/34201/62300;001213;34201;62300;;3000,00;11;DEPORTES, JUVENTUD  Y ESPARCIMIENTO;01;POLIDEPORTIVOS;213;PUENTE DE VALLECAS
2023/004408;PRORR휺A CR텏ITO 001213/34201/62599;001213;34201;62599;;135850,00;11;DEPORTES, JUVENTUD  Y ESPARCIMIENTO;01;POLIDEPORTIVOS;213;PUENTE DE VALLECAS
2023/004409;PRORR휺A CR텏ITO 001213/34201/62600;001213;34201;62600;;15000,00;11;DEPORTES, JUVENTUD  Y ESPARCIMIENTO;01;POLIDEPORTIVOS;213;PUENTE DE VALLECAS
2023/004410;PRORR휺A CR텏ITO 001213/34201/62999;001213;34201;62999;;58000,00;11;DEPORTES, JUVENTUD  Y ESPARCIMIENTO;01;POLIDEPORTIVOS;213;PUENTE DE VALLECAS
2023/004411;PRORR휺A CR텏ITO 001213/34201/63500;001213;34201;63500;;60000,00;11;DEPORTES, JUVENTUD  Y ESPARCIMIENTO;01;POLIDEPORTIVOS;213;PUENTE DE VALLECAS
2023/004412;PRORR휺A CR텏ITO 001213/34201/63599;001213;34201;63599;;77000,00;11;DEPORTES, JUVENTUD  Y ESPARCIMIENTO;01;POLIDEPORTIVOS;213;PUENTE DE VALLECAS
2023/004413;PRORR휺A CR텏ITO 001214/15322/61904;001214;15322;61904;;133168,00;08;MANTENIMIENTO URBANO;02;V페S P２LICAS;214;MORATALAZ
2023/004414;PRORR휺A CR텏ITO 001214/15322/61910;001214;15322;61910;;18300,00;08;MANTENIMIENTO URBANO;02;V페S P２LICAS;214;MORATALAZ
2023/004415;PRORR휺A CR텏ITO 001214/15322/61913;001214;15322;61913;;23381,00;08;MANTENIMIENTO URBANO;02;V페S P２LICAS;214;MORATALAZ
2023/004416;PRORR휺A CR텏ITO 001214/17102/61904;001214;17102;61904;;40000,00;09;MEDIO AMBIENTE;01;ZONAS AJARDINADAS;214;MORATALAZ
2023/004417;PRORR휺A CR텏ITO 001214/32301/63200;001214;32301;63200;;410810,00;05;EDUCACI흁;00;COLEGIOS;214;MORATALAZ
2023/004418;PRORR휺A CR텏ITO 001214/34201/63200;001214;34201;63200;;1395,00;11;DEPORTES, JUVENTUD  Y ESPARCIMIENTO;01;POLIDEPORTIVOS;214;MORATALAZ
2023/004419;PRORR휺A CR텏ITO 001214/93302/63200;001214;93302;63200;;2616,00;00;INVERSIONES DE CAR첶TER GENERAL;03;EDIFICIOS PARA EL USO GENERAL;214;MORATALAZ
2023/004420;PRORR휺A CR텏ITO 001215/15322/61910;001215;15322;61910;;21000,00;08;MANTENIMIENTO URBANO;02;V페S P２LICAS;215;CIUDAD LINEAL
2023/004421;PRORR휺A CR텏ITO 001215/17102/61921;001215;17102;61921;;123415,00;09;MEDIO AMBIENTE;01;ZONAS AJARDINADAS;215;CIUDAD LINEAL
2023/004422;PRORR휺A CR텏ITO 001215/23103/63599;001215;23103;63599;;30000,00;03;PROTECCI흁 Y PROMOCI흁 SOCIAL;01;CENTROS DE MAYORES;215;CIUDAD LINEAL
2023/004423;PRORR휺A CR텏ITO 001215/23106/62599;001215;23106;62599;;3300,00;03;PROTECCI흁 Y PROMOCI흁 SOCIAL;02;CENTROS DE SERVICIOS SOCIALES;215;CIUDAD LINEAL
2023/004424;PRORR휺A CR텏ITO 001215/32301/63200;001215;32301;63200;;520667,00;05;EDUCACI흁;00;COLEGIOS;215;CIUDAD LINEAL
2023/004425;PRORR휺A CR텏ITO 001215/33401/62599;001215;33401;62599;;28050,00;10;CULTURA;03;CENTROS CULTURALES;215;CIUDAD LINEAL
2023/004426;PRORR휺A CR텏ITO 001215/34201/60999;001215;34201;60999;;330000,00;11;DEPORTES, JUVENTUD  Y ESPARCIMIENTO;02;PISTAS DEPORTIVAS ELEMENTALES;215;CIUDAD LINEAL
2023/004427;PRORR휺A CR텏ITO 001215/34201/62300;001215;34201;62300;;5000,00;11;DEPORTES, JUVENTUD  Y ESPARCIMIENTO;01;POLIDEPORTIVOS;215;CIUDAD LINEAL
2023/004428;PRORR휺A CR텏ITO 001215/34201/62500;001215;34201;62500;;5000,00;11;DEPORTES, JUVENTUD  Y ESPARCIMIENTO;01;POLIDEPORTIVOS;215;CIUDAD LINEAL
2023/004430;PRORR휺A CR텏ITO 001215/34201/63200;001215;34201;63200;;149572,00;11;DEPORTES, JUVENTUD  Y ESPARCIMIENTO;01;POLIDEPORTIVOS;215;CIUDAD LINEAL
2023/004431;PRORR휺A CR텏ITO 001215/92001/62500;001215;92001;62500;;1975,00;00;INVERSIONES DE CAR첶TER GENERAL;02;SERVICIOS ADMINISTRATIVOS  TERRITORIALES;215;CIUDAD LINEAL
2023/004432;PRORR휺A CR텏ITO 001215/92001/62599;001215;92001;62599;;2200,00;00;INVERSIONES DE CAR첶TER GENERAL;02;SERVICIOS ADMINISTRATIVOS  TERRITORIALES;215;CIUDAD LINEAL
2023/004433;PRORR휺A CR텏ITO 001215/93302/63200;001215;93302;63200;;58060,00;00;INVERSIONES DE CAR첶TER GENERAL;03;EDIFICIOS PARA EL USO GENERAL;215;CIUDAD LINEAL
2023/004434;PRORR휺A CR텏ITO 001216/15322/61910;001216;15322;61910;;200000,00;08;MANTENIMIENTO URBANO;02;V페S P２LICAS;216;HORTALEZA
2023/004435;PRORR휺A CR텏ITO 001216/17102/61920;001216;17102;61920;;50000,00;09;MEDIO AMBIENTE;01;ZONAS AJARDINADAS;216;HORTALEZA
2023/004436;PRORR휺A CR텏ITO 001216/32301/63200;001216;32301;63200;;207444,00;05;EDUCACI흁;00;COLEGIOS;216;HORTALEZA
2023/004437;PRORR휺A CR텏ITO 001216/34201/61999;001216;34201;61999;;450000,00;11;DEPORTES, JUVENTUD  Y ESPARCIMIENTO;02;PISTAS DEPORTIVAS ELEMENTALES;216;HORTALEZA
2023/004438;PRORR휺A CR텏ITO 001216/34201/63200;001216;34201;63200;;89400,00;11;DEPORTES, JUVENTUD  Y ESPARCIMIENTO;01;POLIDEPORTIVOS;216;HORTALEZA
2023/004439;PRORR휺A CR텏ITO 001216/93302/63200;001216;93302;63200;;125100,00;00;INVERSIONES DE CAR첶TER GENERAL;03;EDIFICIOS PARA EL USO GENERAL;216;HORTALEZA
2023/004440;PRORR휺A CR텏ITO 001217/17102/61921;001217;17102;61921;;280000,00;09;MEDIO AMBIENTE;01;ZONAS AJARDINADAS;217;VILLAVERDE
2023/004441;PRORR휺A CR텏ITO 001217/31101/62599;001217;31101;62599;;3000,00;04;SALUD P２LICA;02;HIGIENE;217;VILLAVERDE
2023/004442;PRORR휺A CR텏ITO 001217/32301/63200;001217;32301;63200;;735000,00;05;EDUCACI흁;00;COLEGIOS;217;VILLAVERDE
2023/004443;PRORR휺A CR텏ITO 001217/34201/60999;001217;34201;60999;;53000,00;11;DEPORTES, JUVENTUD  Y ESPARCIMIENTO;02;PISTAS DEPORTIVAS ELEMENTALES;217;VILLAVERDE
2023/004444;PRORR휺A CR텏ITO 001217/34201/63200;001217;34201;63200;;479600,00;11;DEPORTES, JUVENTUD  Y ESPARCIMIENTO;02;PISTAS DEPORTIVAS ELEMENTALES;217;VILLAVERDE
2023/004445;PRORR휺A CR텏ITO 001218/15322/61910;001218;15322;61910;;160000,00;08;MANTENIMIENTO URBANO;02;V페S P２LICAS;218;VILLA DE VALLECAS
2023/004446;PRORR휺A CR텏ITO 001218/17102/61921;001218;17102;61921;;405000,00;09;MEDIO AMBIENTE;01;ZONAS AJARDINADAS;218;VILLA DE VALLECAS
2023/004447;PRORR휺A CR텏ITO 001218/23103/62500;001218;23103;62500;;52447,00;03;PROTECCI흁 Y PROMOCI흁 SOCIAL;01;CENTROS DE MAYORES;218;VILLA DE VALLECAS
2023/004448;PRORR휺A CR텏ITO 001218/23103/62599;001218;23103;62599;;3462,00;03;PROTECCI흁 Y PROMOCI흁 SOCIAL;01;CENTROS DE MAYORES;218;VILLA DE VALLECAS
2023/004449;PRORR휺A CR텏ITO 001218/23103/63200;001218;23103;63200;;63800,00;03;PROTECCI흁 Y PROMOCI흁 SOCIAL;01;CENTROS DE MAYORES;218;VILLA DE VALLECAS
2023/004450;PRORR휺A CR텏ITO 001218/32301/63200;001218;32301;63200;;108899,00;05;EDUCACI흁;00;COLEGIOS;218;VILLA DE VALLECAS
2023/004451;PRORR휺A CR텏ITO 001218/34201/61999;001218;34201;61999;;185400,00;11;DEPORTES, JUVENTUD  Y ESPARCIMIENTO;02;PISTAS DEPORTIVAS ELEMENTALES;218;VILLA DE VALLECAS
2023/004452;PRORR휺A CR텏ITO 001218/34201/63200;001218;34201;63200;;14907,00;11;DEPORTES, JUVENTUD  Y ESPARCIMIENTO;01;POLIDEPORTIVOS;218;VILLA DE VALLECAS
2023/004453;PRORR휺A CR텏ITO 001218/93302/63200;001218;93302;63200;;8250,00;00;INVERSIONES DE CAR첶TER GENERAL;03;EDIFICIOS PARA EL USO GENERAL;218;VILLA DE VALLECAS
2023/004454;PRORR휺A CR텏ITO 001219/15322/61904;001219;15322;61904;;35757,00;08;MANTENIMIENTO URBANO;02;V페S P２LICAS;219;VICALVARO
2023/004455;PRORR휺A CR텏ITO 001219/15322/61910;001219;15322;61910;;450000,00;08;MANTENIMIENTO URBANO;02;V페S P２LICAS;219;VICALVARO
2023/004456;PRORR휺A CR텏ITO 001219/23103/62599;001219;23103;62599;;2500,00;03;PROTECCI흁 Y PROMOCI흁 SOCIAL;00;CENTROS DE D페 Y RESIDENCIAS DE MAYORES;219;VICALVARO
2023/004458;PRORR휺A CR텏ITO 001219/32301/63200;001219;32301;63200;;51350,00;05;EDUCACI흁;00;COLEGIOS;219;VICALVARO
2023/004459;PRORR휺A CR텏ITO 001219/34201/62200;001219;34201;62200;;333400,00;11;DEPORTES, JUVENTUD  Y ESPARCIMIENTO;01;POLIDEPORTIVOS;219;VICALVARO
2023/004460;PRORR휺A CR텏ITO 001219/34201/62300;001219;34201;62300;;1300,00;11;DEPORTES, JUVENTUD  Y ESPARCIMIENTO;01;POLIDEPORTIVOS;219;VICALVARO
2023/004461;PRORR휺A CR텏ITO 001219/34201/62599;001219;34201;62599;;11000,00;11;DEPORTES, JUVENTUD  Y ESPARCIMIENTO;01;POLIDEPORTIVOS;219;VICALVARO
2023/004462;PRORR휺A CR텏ITO 001219/34201/63200;001219;34201;63200;;186300,00;11;DEPORTES, JUVENTUD  Y ESPARCIMIENTO;01;POLIDEPORTIVOS;219;VICALVARO
2023/004464;PRORR휺A CR텏ITO 001219/93302/63200;001219;93302;63200;;11027,00;00;INVERSIONES DE CAR첶TER GENERAL;03;EDIFICIOS PARA EL USO GENERAL;219;VICALVARO
2023/004465;PRORR휺A CR텏ITO 001220/15322/61904;001220;15322;61904;;388404,00;08;MANTENIMIENTO URBANO;02;V페S P２LICAS;220;SAN BLAS - CANILLEJAS
2023/004466;PRORR휺A CR텏ITO 001220/23106/62599;001220;23106;62599;;665379,00;03;PROTECCI흁 Y PROMOCI흁 SOCIAL;02;CENTROS DE SERVICIOS SOCIALES;220;SAN BLAS - CANILLEJAS
2023/004467;PRORR휺A CR텏ITO 001220/32301/63200;001220;32301;63200;;229350,00;05;EDUCACI흁;00;COLEGIOS;220;SAN BLAS - CANILLEJAS
2023/004468;PRORR휺A CR텏ITO 001220/33401/62599;001220;33401;62599;;85000,00;10;CULTURA;03;CENTROS CULTURALES;220;SAN BLAS - CANILLEJAS
2023/004469;PRORR휺A CR텏ITO 001220/33401/63599;001220;33401;63599;;92942,00;10;CULTURA;03;CENTROS CULTURALES;220;SAN BLAS - CANILLEJAS
2023/004470;PRORR휺A CR텏ITO 001220/34201/62599;001220;34201;62599;;1150,00;11;DEPORTES, JUVENTUD  Y ESPARCIMIENTO;01;POLIDEPORTIVOS;220;SAN BLAS - CANILLEJAS
2023/004471;PRORR휺A CR텏ITO 001220/34201/63200;001220;34201;63200;;465837,00;11;DEPORTES, JUVENTUD  Y ESPARCIMIENTO;02;PISTAS DEPORTIVAS ELEMENTALES;220;SAN BLAS - CANILLEJAS
2023/004472;PRORR휺A CR텏ITO 001220/92001/62302;001220;92001;62302;;500,00;00;INVERSIONES DE CAR첶TER GENERAL;02;SERVICIOS ADMINISTRATIVOS  TERRITORIALES;220;SAN BLAS - CANILLEJAS
2023/004473;PRORR휺A CR텏ITO 001220/92001/62500;001220;92001;62500;;5000,00;00;INVERSIONES DE CAR첶TER GENERAL;02;SERVICIOS ADMINISTRATIVOS  TERRITORIALES;220;SAN BLAS - CANILLEJAS
2023/004474;PRORR휺A CR텏ITO 001220/92001/62599;001220;92001;62599;;5000,00;00;INVERSIONES DE CAR첶TER GENERAL;02;SERVICIOS ADMINISTRATIVOS  TERRITORIALES;220;SAN BLAS - CANILLEJAS
2023/004475;PRORR휺A CR텏ITO 001220/92001/62601;001220;92001;62601;;500,00;00;INVERSIONES DE CAR첶TER GENERAL;02;SERVICIOS ADMINISTRATIVOS  TERRITORIALES;220;SAN BLAS - CANILLEJAS
2023/004476;PRORR휺A CR텏ITO 001220/92001/63302;001220;92001;63302;;500,00;00;INVERSIONES DE CAR첶TER GENERAL;02;SERVICIOS ADMINISTRATIVOS  TERRITORIALES;220;SAN BLAS - CANILLEJAS
2023/004477;PRORR휺A CR텏ITO 001220/92001/63500;001220;92001;63500;;5000,00;00;INVERSIONES DE CAR첶TER GENERAL;02;SERVICIOS ADMINISTRATIVOS  TERRITORIALES;220;SAN BLAS - CANILLEJAS
2023/004478;PRORR휺A CR텏ITO 001220/92001/63599;001220;92001;63599;;1500,00;00;INVERSIONES DE CAR첶TER GENERAL;02;SERVICIOS ADMINISTRATIVOS  TERRITORIALES;220;SAN BLAS - CANILLEJAS
2023/004479;PRORR휺A CR텏ITO 001220/93302/63200;001220;93302;63200;;726820,00;00;INVERSIONES DE CAR첶TER GENERAL;03;EDIFICIOS PARA EL USO GENERAL;220;SAN BLAS - CANILLEJAS
2023/004480;PRORR휺A CR텏ITO 001221/32301/63200;001221;32301;63200;;254300,00;05;EDUCACI흁;00;COLEGIOS;221;BARAJAS
2023/004481;PRORR휺A CR텏ITO 001221/34201/62300;001221;34201;62300;;14700,00;11;DEPORTES, JUVENTUD  Y ESPARCIMIENTO;01;POLIDEPORTIVOS;221;BARAJAS
2023/004482;PRORR휺A CR텏ITO 001221/34201/62599;001221;34201;62599;;5575,00;11;DEPORTES, JUVENTUD  Y ESPARCIMIENTO;01;POLIDEPORTIVOS;221;BARAJAS
2023/004483;PRORR휺A CR텏ITO 001221/34201/63200;001221;34201;63200;;23200,00;11;DEPORTES, JUVENTUD  Y ESPARCIMIENTO;01;POLIDEPORTIVOS;221;BARAJAS
2023/004484;PRORR휺A CR텏ITO 001221/34201/63600;001221;34201;63600;;2000,00;11;DEPORTES, JUVENTUD  Y ESPARCIMIENTO;01;POLIDEPORTIVOS;221;BARAJAS
2023/004485;PRORR휺A CR텏ITO 001221/34201/63901;001221;34201;63901;;25000,00;11;DEPORTES, JUVENTUD  Y ESPARCIMIENTO;01;POLIDEPORTIVOS;221;BARAJAS
2023/004486;PRORR휺A CR텏ITO 001221/92001/62500;001221;92001;62500;;3000,00;00;INVERSIONES DE CAR첶TER GENERAL;02;SERVICIOS ADMINISTRATIVOS  TERRITORIALES;221;BARAJAS
2023/004487;PRORR휺A CR텏ITO 001221/93302/63200;001221;93302;63200;;19400,00;00;INVERSIONES DE CAR첶TER GENERAL;03;EDIFICIOS PARA EL USO GENERAL;221;BARAJAS
2023/004488;PRORR휺A CR텏ITO 001320/93201/62500;001320;93201;62500;;12000,00;00;INVERSIONES DE CAR첶TER GENERAL;01;SERVICIOS ADMINISTRATIVOS CENTRALES;999;NO DISTRITALIZABLE
2023/004489;PRORR휺A CR텏ITO 001320/93201/63301;001320;93201;63301;;8800,00;00;INVERSIONES DE CAR첶TER GENERAL;01;SERVICIOS ADMINISTRATIVOS CENTRALES;999;NO DISTRITALIZABLE
2023/004000;PRRROGA CR텏ITO 501102/49101/62300;501102;49101;62300;;2000,00;13;OTROS BIENES P２LICOS DE CAR첶TER ECON흀ICO;00;INFORM쳆ICA;999;NO DISTRITALIZABLE
2023/004001;PRRROGA CR텏ITO 501102/49101/62500;501102;49101;62500;;2000,00;13;OTROS BIENES P２LICOS DE CAR첶TER ECON흀ICO;00;INFORM쳆ICA;999;NO DISTRITALIZABLE
2023/004002;PRRROGA CR텏ITO 501102/49101/62600;501102;49101;62600;;671490,00;13;OTROS BIENES P２LICOS DE CAR첶TER ECON흀ICO;00;INFORM쳆ICA;999;NO DISTRITALIZABLE
2023/004003;PRRROGA CR텏ITO 501102/49101/62601;501102;49101;62601;;101590,00;13;OTROS BIENES P２LICOS DE CAR첶TER ECON흀ICO;00;INFORM쳆ICA;999;NO DISTRITALIZABLE
2023/004004;PRRROGA CR텏ITO 501102/49101/63301;501102;49101;63301;;5000,00;13;OTROS BIENES P２LICOS DE CAR첶TER ECON흀ICO;00;INFORM쳆ICA;999;NO DISTRITALIZABLE
2023/004005;PRRROGA CR텏ITO 501102/49101/63599;501102;49101;63599;;5000,00;13;OTROS BIENES P２LICOS DE CAR첶TER ECON흀ICO;00;INFORM쳆ICA;999;NO DISTRITALIZABLE
2023/004006;PRRROGA CR텏ITO 501102/49101/64100;501102;49101;64100;;2730137,00;13;OTROS BIENES P２LICOS DE CAR첶TER ECON흀ICO;00;INFORM쳆ICA;999;NO DISTRITALIZABLE
2023/004007;PRRROGA CR텏ITO 503140/24100/62500;503140;24100;62500;;200000,00;03;PROTECCI흁 Y PROMOCI흁 SOCIAL;07;CENTROS PARA LA PROMOCI흁 DE EMPLEO;998;VARIOS DISTRITOS
2023/004008;PRRROGA CR텏ITO 503140/24100/62599;503140;24100;62599;;40000,00;03;PROTECCI흁 Y PROMOCI흁 SOCIAL;07;CENTROS PARA LA PROMOCI흁 DE EMPLEO;998;VARIOS DISTRITOS
2023/004009;PRRROGA CR텏ITO 503140/24100/63200;503140;24100;63200;;1035000,00;03;PROTECCI흁 Y PROMOCI흁 SOCIAL;07;CENTROS PARA LA PROMOCI흁 DE EMPLEO;998;VARIOS DISTRITOS
2023/004010;PRRROGA CR텏ITO 503140/24103/62300;503140;24103;62300;;40000,00;03;PROTECCI흁 Y PROMOCI흁 SOCIAL;07;CENTROS PARA LA PROMOCI흁 DE EMPLEO;998;VARIOS DISTRITOS
2023/004011;PRRROGA CR텏ITO 503140/24103/62302;503140;24103;62302;;20000,00;03;PROTECCI흁 Y PROMOCI흁 SOCIAL;07;CENTROS PARA LA PROMOCI흁 DE EMPLEO;998;VARIOS DISTRITOS
2023/004012;PRRROGA CR텏ITO 503140/24103/62500;503140;24103;62500;;6100,00;03;PROTECCI흁 Y PROMOCI흁 SOCIAL;07;CENTROS PARA LA PROMOCI흁 DE EMPLEO;998;VARIOS DISTRITOS
2023/004013;PRRROGA CR텏ITO 503140/24103/62599;503140;24103;62599;;6100,00;03;PROTECCI흁 Y PROMOCI흁 SOCIAL;07;CENTROS PARA LA PROMOCI흁 DE EMPLEO;998;VARIOS DISTRITOS
2023/004014;PRRROGA CR텏ITO 503140/24103/62601;503140;24103;62601;;60000,00;03;PROTECCI흁 Y PROMOCI흁 SOCIAL;07;CENTROS PARA LA PROMOCI흁 DE EMPLEO;998;VARIOS DISTRITOS
2023/004015;PRRROGA CR텏ITO 503140/24103/62901;503140;24103;62901;;18150,00;03;PROTECCI흁 Y PROMOCI흁 SOCIAL;07;CENTROS PARA LA PROMOCI흁 DE EMPLEO;998;VARIOS DISTRITOS
2023/004016;PRRROGA CR텏ITO 503140/24103/62999;503140;24103;62999;;18200,00;03;PROTECCI흁 Y PROMOCI흁 SOCIAL;07;CENTROS PARA LA PROMOCI흁 DE EMPLEO;998;VARIOS DISTRITOS
2023/004017;PRRROGA CR텏ITO 506170/93200/62301;506170;93200;62301;;32000,00;00;INVERSIONES DE CAR첶TER GENERAL;01;SERVICIOS ADMINISTRATIVOS CENTRALES;999;NO DISTRITALIZABLE
2023/004018;PRRROGA CR텏ITO 506170/93200/62302;506170;93200;62302;;600,00;00;INVERSIONES DE CAR첶TER GENERAL;01;SERVICIOS ADMINISTRATIVOS CENTRALES;999;NO DISTRITALIZABLE
2023/004019;PRRROGA CR텏ITO 506170/93200/62500;506170;93200;62500;;38000,00;00;INVERSIONES DE CAR첶TER GENERAL;01;SERVICIOS ADMINISTRATIVOS CENTRALES;999;NO DISTRITALIZABLE
2023/004020;PRRROGA CR텏ITO 506170/93200/62600;506170;93200;62600;;5000,00;00;INVERSIONES DE CAR첶TER GENERAL;01;SERVICIOS ADMINISTRATIVOS CENTRALES;999;NO DISTRITALIZABLE
2023/004021;PRRROGA CR텏ITO 506170/93200/63500;506170;93200;63500;;48000,00;00;INVERSIONES DE CAR첶TER GENERAL;01;SERVICIOS ADMINISTRATIVOS CENTRALES;999;NO DISTRITALIZABLE
2023/004022;PRRROGA CR텏ITO 508120/31100/62300;508120;31100;62300;;319340,00;04;SALUD P２LICA;00;PROMOCI흁 DE LA SALUD Y AT. SANITARIA;998;VARIOS DISTRITOS
2023/004023;PRRROGA CR텏ITO 508120/31100/62301;508120;31100;62301;;18150,00;04;SALUD P２LICA;00;PROMOCI흁 DE LA SALUD Y AT. SANITARIA;998;VARIOS DISTRITOS
2023/004024;PRRROGA CR텏ITO 508120/31100/62500;508120;31100;62500;;800,00;04;SALUD P２LICA;00;PROMOCI흁 DE LA SALUD Y AT. SANITARIA;998;VARIOS DISTRITOS
2023/004025;PRRROGA CR텏ITO 508120/31100/62599;508120;31100;62599;;90000,00;04;SALUD P２LICA;00;PROMOCI흁 DE LA SALUD Y AT. SANITARIA;998;VARIOS DISTRITOS
2023/004026;PRRROGA CR텏ITO 508120/31100/62901;508120;31100;62901;;18000,00;04;SALUD P２LICA;00;PROMOCI흁 DE LA SALUD Y AT. SANITARIA;998;VARIOS DISTRITOS
2023/004027;PRRROGA CR텏ITO 508120/31100/63200;508120;31100;63200;;155000,00;04;SALUD P２LICA;00;PROMOCI흁 DE LA SALUD Y AT. SANITARIA;998;VARIOS DISTRITOS
2023/004028;PRRROGA CR텏ITO 508120/31100/63301;508120;31100;63301;;50000,00;04;SALUD P２LICA;00;PROMOCI흁 DE LA SALUD Y AT. SANITARIA;998;VARIOS DISTRITOS
2023/004029;PRRROGA CR텏ITO 508120/31100/64100;508120;31100;64100;;67050,00;04;SALUD P２LICA;00;PROMOCI흁 DE LA SALUD Y AT. SANITARIA;998;VARIOS DISTRITOS
2023/004030;PRRROGA CR텏ITO 509160/15109/62500;509160;15109;62500;;5000,00;00;INVERSIONES DE CAR첶TER GENERAL;01;SERVICIOS ADMINISTRATIVOS CENTRALES;999;NO DISTRITALIZABLE
;;;;;;;;;;;;
