Centro;Descripcion Centro;Seccion;Descripcion Seccion;Código PEP;Denominación;Año inicio;Año de finalización previsto;Año de finalización;Distrito;Denominación Distrito;Dirección;Tipo Vial;Vial;Numero;X;Y;Latitud;Longitud;LÍNEA DE INVERSIÓN;DENOMINACIÓN LÍNEA DE INVERSIÓN;Gasto ejecutado;Importe 2023;Importe 2024;Importe 2025;Importe 2026;Resto Anualidades;Total previsto;Estado;Url complementaria1;Url complementaria2;Observaciones;Url_fotografia;Fecha de los datos;;
001;AYUNTAMIENTO;160;DESARROLLO URBANO;2006/000375;SISTEMAS DE COMPENSACIÓN. UZP 2-04 LOS BERROCALES;2008;2023;;219;VICÁLVARO;LOS BERROCALES;;LOS BERROCALES;;;;40.3772222;-3.579722222222222;06;URBANISMO;14137158,83;2628714,43;;;;;16765873,26;EN PROCESO;;;;;25/04/2023;;
001;AYUNTAMIENTO;160;DESARROLLO URBANO;2009/000488;UZP 2.03 DESARROLLO DEL ESTE LOS AHIJONES. COMPENSACIÓN;2010;2023;;219;VICÁLVARO;UZP 2.03 DESARROLLO DEL ESTE LOS AHIJONES. COMPENSACIÓN;;DESARROLLO DEL ESTE LOS AHIJONES;;;;40.3879964;-3.56225647;06;URBANISMO;9654047,10;;;;;;9654047,10;EN PROCESO;;;;;25/04/2023;;
001;AYUNTAMIENTO;160;DESARROLLO URBANO;2010/000393;SUELO URBANIZABLE PROGRAMADO 3.01 DESARROLLO DEL ESTE VALDECARROS;2010;2023;;218;VILLA DE VALLECAS;PAU Valdecarros;;PAU Valdecarros;;;;40.34915068793722;-3.6292232757681036;06;URBANISMO;10443642,22;;;;;;10443642,22;EN PROCESO;;;;;25/04/2023;;
001;AYUNTAMIENTO;150;MEDIO AMBIENTE Y MOVILIDAD;2015/000224;AUMENTO DE LA CAPACIDAD DEL DESAGÜE DEL TRAMO INFERIOR ARROYO DE LOS MIGUELES;2016;2024;;219;VICÁLVARO;INICIO DEL CAUCE DEL ARROYO EN ÁMBITO UZPP 2.04 LOS BERROCALES HASTA LAS INMEDIACIONES DE LA A3;;BERROCALES HASTA LAS INMEDIACIONES DE LA A3;;;;40.37320354825461;-3.5599462399323714;09;MEDIO AMBIENTE;109768,77;438345,20;1350000,00;;;;1898113,97;EN PROCESO;;;;;25/04/2023;;
001;AYUNTAMIENTO;190;OBRAS Y EQUIPAMIENTOS;2016/000427;CENTRO CULTURAL EN VALDERRIVAS, C/ TITANIO. CONSTRUCCIÓN;2017;2023;;219;VICÁLVARO;CALLE TITANIO,5 C/V RIBAS DE JARAMA;CALLE;TITANIO,5 C/V RIBAS DE JARAMA;;;;40.4021037;-3.6037268;10;CULTURA;4325528,76;3412910,76;;;;;7738439,52;EN PROCESO;;;;;25/04/2023;;
001;AYUNTAMIENTO;190;OBRAS Y EQUIPAMIENTOS;2016/000470;CENTRO DEPORTIVO C/COSTANILLA DESAMPARADOS, 15 C/V A C/FÚCAR, 6. CONSTRUCCIÓN;2018;2023;;201;CENTRO;CALLE COSTANILLA DE LOS DESAMPARADOS, 15;CALLE;COSTANILLA DE LOS DESAMPARADOS;15;;;40.411993428490256;-3.6960142431122205;11;DEPORTES, JUVENTUD  Y ESPARCIMIENTO;11864370,84;11811934,04;;;;;23676304,88;EN PROCESO;;;;;25/04/2023;;
001;AYUNTAMIENTO;190;OBRAS Y EQUIPAMIENTOS;2017/000187;CENTRO DE MAYORES Y OTROS USOS POLIVALENTES C/ BRONCE. CONSTRUCCIÓN;2018;2023;;202;ARGANZUELA;CALLE BRONCE, 16 C/V CALLE CROMO;CALLE;BRONCE, 16 C/V CALLE CROMO;;;;40.389342;-3.6906507;03;PROTECCIÓN Y PROMOCIÓN SOCIAL;3267817,99;3447817,20;;;;;6715635,19;EN PROCESO;;;;;25/04/2023;;
001;AYUNTAMIENTO;150;MEDIO AMBIENTE Y MOVILIDAD;2017/000249;PARQUE DEL RETIRO. ACTUACIONES DE REHABILITACIÓN;2017;2023;;203;RETIRO;PLAZA  INDEPENDENCIA, 7 ;PLAZA;DE LA INDEPENDENCIA;7;;;40.419683887311045;-3.6879969384116786;09;MEDIO AMBIENTE;78045,00;;;;;;78045,00;EN PROCESO;;;;;25/04/2023;;
001;AYUNTAMIENTO;190;OBRAS Y EQUIPAMIENTOS;2017/000317;BIBLIOTECA DE VILLAVERDE. CONSTRUCCIÓN;2019;2024;;217;VILLAVERDE;CALLE CALCIO, 1;CALLE;CALCIO;1;;;40.3512974;-3.6816647;10;CULTURA;1164263,52;2114282,00;1932010,00;;;;5210555,52;EN PROCESO;;;;;25/04/2023;;
001;AYUNTAMIENTO;190;OBRAS Y EQUIPAMIENTOS;2018/001118;CENTRO MAYORES Y SERVICIOS SOCIALES C/CANAL DE PANAMÁ C/V.CANAL MOZAMBIQUE . CONSTRUCCIÓN;2018;2023;;215;CIUDAD LINEAL;CALLE PANAMÁ, 17 C/V CANAL DE MOZAMBIQUE;CALLE;PANAMÁ, 17 C/V CANAL DE MOZAMBIQUE;;;;40.440897645215856;-3.6518546975119777;03;PROTECCIÓN Y PROMOCIÓN SOCIAL;6434764,49;;;;;;6434764,49;EN PROCESO;;;;;25/04/2023;;
001;AYUNTAMIENTO;190;OBRAS Y EQUIPAMIENTOS;2018/005043;CASA DUQUESA DE SUECA. OBRAS RECONSTRUCCIÓN CUERPO ESTE;2018;2023;;201;CENTRO;PZA. DUQUE DE ALBA, 2;PLAZA;DUQUE DE ALBA;2;;;40.41218768941304;-3.705686218236463;00;INVERSIONES DE CARÁCTER GENERAL;2512440,36;200001,37;;;;;2712441,73;EN PROCESO;;;;;25/04/2023;;
001;AYUNTAMIENTO;130;CULTURA, TURISMO Y DEPORTE;2018/006051;"PALACIO ""EL CAPRICHO"". REHABILITACIÓN PARA DESARROLLO MUSEOGRÁFICO";2018;2023;;221;BARAJAS;PASEO ALAMEDA DE OSUNA, 25;PASEO;ALAMEDA DE OSUNA;25;;;40.4547855;-3.6019412;10;CULTURA;2714294,83;1696629,35;;;;;4410924,18;EN PROCESO;;;;;25/04/2023;;
001;AYUNTAMIENTO;190;OBRAS Y EQUIPAMIENTOS;2018/008294;ESCUELA INFANTIL EN CANILLEJAS. CONSTRUCCIÓN (ID 18: 539);2019;2023;;220;SAN BLAS-CANILLEJAS;CALLE JOSEFA VALCARCEL, 21 (JUNTO INTERCAMBIADOR CANILLEJAS);CALLE;JOSEFA VALCARCEL;21;;;40.448555;-3.6491725;05;EDUCACIÓN;3587845,84;;;;;;3587845,84;EN PROCESO;;;;;25/04/2023;;
001;AYUNTAMIENTO;190;OBRAS Y EQUIPAMIENTOS;2019/000092;BIBLIOTECA VILLA DE VALLECAS. CONSTRUCCION;2021;2025;;218;VILLA DE VALLECAS;AVDA. DE LA GAVIA, 55;AVENIDA;DE LA GAVIA;55;;;40.36707456785566;-3.6164204452259043;10;CULTURA;173071,99;350000,00;5292785,00;1663747,00;;;7479603,99;EN PROCESO;;;;;25/04/2023;;
001;AYUNTAMIENTO;150;MEDIO AMBIENTE Y MOVILIDAD;2019/000344;NUEVA PLANTA DE MATERIA ORGÁNICA EN EL PARQUE TECNOLÓGICO DE VALDEMINGÓMEZ;2022;2023;;218;VILLA DE VALLECAS;PARQUE TECNOLÓGICO DE VALDEMINGÓMEZ;;CASCO HISTÓRICO DE VALLECAS;;;;40.336444;-3.577083;09;MEDIO AMBIENTE;452754,41;18245845,80;;;;;18698600,21;EN PROCESO;;;;;25/04/2023;;
001;AYUNTAMIENTO;130;CULTURA, TURISMO Y DEPORTE;2019/000527;MUSEO DE SAN ISIDRO. OBRAS DE ADECUACIÓN PARA SOSTENIBILIDAD;2021;2024;;201;CENTRO;PLAZA SAN ANDRÉS, 2;PLAZA;SAN ANDRÉS;2;;;40.4120708;-3.7132821;10;CULTURA;108462,67;16361,92;1500000,00;;;;1624824,59;EN PROCESO;;;;;25/04/2023;;
001;AYUNTAMIENTO;150;MEDIO AMBIENTE Y MOVILIDAD;2019/000544;ESTACIÓN REGENERADORA DE AGUAS RESIDUALES DE REJAS. OBRAS ADECUACIÓN Y MEJORA;2020;2026;;221;BARAJAS;CAMINO DE LA MUÑOZA;CAMINO;DE LA MUÑOZA;;;;40.451781227823204;-3.535458209657427;09;MEDIO AMBIENTE;58320,20;5867368,00;15221668,00;15221668,00;14771668,00;;51140692,20;EN PROCESO;;;;;25/04/2023;;
001;AYUNTAMIENTO;150;MEDIO AMBIENTE Y MOVILIDAD;2019/000545;ESTACIÓN REGENERADORA DE AGUAS RESIDUALES DE VALDEBEBAS. OBRAS DE ADECUACIÓN Y MEJORA;2020;2026;;221;BARAJAS;CARRETERA ANTIGUA DE PARACUELLOS DE JARAMA, 44;CARRETERA;ANTIGUA DE PARACUELLOS DE JARAMA;44;;;40.4944431;-3.5501484;09;MEDIO AMBIENTE;114179,55;15269310,00;18380942,00;18380900,00;11418298,00;;63563629,55;EN PROCESO;;;;;25/04/2023;;
001;AYUNTAMIENTO;150;MEDIO AMBIENTE Y MOVILIDAD;2019/000666;COLECTOR VICÁLVARO A, SECTOR LOS AHIJONES. CONSTRUCCIÓN;2019;2023;;219;VICÁLVARO;ÁMBITO UZPP 2.03 LOS AHIJONES Y ÁMBITO UZPP 2.04 LOS BERROCALES;;ÁMBITO UZPP 2.03 LOS AHIJONES Y ÁMBITO UZPP 2.04 LOS BERROCALES;;;;40.38058555358565;-3.5665939694949285;09;MEDIO AMBIENTE;10735741,86;6676277,87;;;;;17412019,73;EN PROCESO;;;;;25/04/2023;;
001;AYUNTAMIENTO;190;OBRAS Y EQUIPAMIENTOS;2019/000822;UNIDAD INTEGRAL DE POLICÍA MUNICIPAL VILLA DE VALLECAS. CONSTRUCCIÓN;2020;2023;;218;VILLA DE VALLECAS;CALLE REAL DE ARGANDA, 64;CALLE;REAL DE ARGANDA;64;;;40.37928922449757;-3.6150449923781593;01;PROTECCIÓN CIVIL Y SEGURIDAD CIUDADANA;3320084,40;3303745,22;;;;;6623829,62;EN PROCESO;;;;;25/04/2023;;
001;AYUNTAMIENTO;190;OBRAS Y EQUIPAMIENTOS;2019/003801;CENTRO DEPORTIVO SAN BLAS. REFORMA PABELLÓN DE GIMNASIA Y EDIFICIO DE OFICINAS;2020;2023;;220;SAN BLAS-CANILLEJAS;C/ARCOS DE JALÓN, 59;CALLE;ARCOS DE JALON;59;;;40.42874025038333 ;-3.6132943894005063;11;DEPORTES, JUVENTUD  Y ESPARCIMIENTO;6199001,81;;;;;;6199001,81;EN PROCESO;;;;;25/04/2023;;
001;AYUNTAMIENTO;150;MEDIO AMBIENTE Y MOVILIDAD;2019/004321;DEPURADORA DE BUTARQUE CONSOLIDACIÓN DE LOS TERRENOS;2020;2024;;217;VILLAVERDE;AVENIDA DE LOS ROSALES, 399  ;AVENIDA;DE LOS ROSALES;399;;;40.334267204235616;-3.6637888028978547;09;MEDIO AMBIENTE;60441,94;200000,00;2799947,56;;;;3060389,50;EN PROCESO;;;;;25/04/2023;;
001;AYUNTAMIENTO;130;CULTURA, TURISMO Y DEPORTE;2020/000043;CASA DE VARGAS. REHABILITACIÓN CASA-PALACIO Y JARDÍN DE FELIPE II;2020;2023;;209;MONCLOA-ARAVACA;PASEO DEL EMBARCADERO, 2;PASEO DEL;DEL EMBARCADERO;2;;;40.4191125;-3.7256439;10;CULTURA;642131,32;22951,11;;;;;665082,43;EN PROCESO;;;;;25/04/2023;;
001;AYUNTAMIENTO;190;OBRAS Y EQUIPAMIENTOS;2020/000252;CENTRO CULTURAL Y BIBLIOTECA EN MONTECARMELO. CONSTRUCCIÓN;2020;2023;;208;FUENCARRAL-EL PARDO;AVENIDA MONTESCORIAL C/V AVENIDA METRO SILOS, 57;AVENIDA;MONTESCORIAL C/V AVENIDA MONASTERIO SILOS, 57;;;;40.5055069;-3.6980938;10;CULTURA;1096579,88;3662914,58;;;;;4759494,46;EN PROCESO;;;;;25/04/2023;;
001;AYUNTAMIENTO;190;OBRAS Y EQUIPAMIENTOS;2020/000253;CENTRO CULTURAL Y BIBLIOTECA EN LAS TABLAS. CONSTRUCCIÓN;2020;2024;;208;FUENCARRAL-EL PARDO;CALLE BURGUETE, 5 C/V CASTILLO DE CANDANCHÚ;CALLE;BURGUETE, 5 C/V CASTILLO DE CANDANCHÚ;;;;40.50394934161543;-3.6782276991385294;10;CULTURA;227374,31;2446374,13;2246519,00;;;;4920267,44;EN PROCESO;;;;;25/04/2023;;
001;AYUNTAMIENTO;190;OBRAS Y EQUIPAMIENTOS;2020/000260;EDIFICIO SEDE DEL DISTRITO DE PUENTE DE VALLECAS. CONSTRUCCIÓN;2021;2023;;213;PUENTE DE VALLECAS;AVDA. BUENOS AIRES, 17 C/V C/ SIERRA SALVADA;AVENIDA;BUENOS AIRES, 17 C/V SIERRA SALVADA;;;;40.38884079966877 ;-3.65333330289587;00;INVERSIONES DE CARÁCTER GENERAL;3847214,64;3816135,01;;;;;7663349,65;EN PROCESO;;;;;25/04/2023;;
001;AYUNTAMIENTO;190;OBRAS Y EQUIPAMIENTOS;2020/000263;UNIDAD INTEGRAL DE POLICÍA MUNICIPAL CIUDAD LINEAL. CONSTRUCCIÓN;2020;2023;;215;CIUDAD LINEAL;CALLE PELOPONESO, 9;CALLE;PELOPONESO;9;;;40.414833443959665;-3.6269933408281867;01;PROTECCIÓN CIVIL Y SEGURIDAD CIUDADANA;4568372,13;;;;;;4568372,13;EN PROCESO;;;;;25/04/2023;;
001;AYUNTAMIENTO;190;OBRAS Y EQUIPAMIENTOS;2020/000265;CENTRO CULTURAL BUENAVISTA. OBRAS DE REFORMA Y AMPLIACIÓN;2021;2023;;204;SALAMANCA;AVENIDA DE LOS TOREROS, 5;AVENIDA;DE LOS TOREROS;5;;;40.4322265766569 ;-3.6707251182357603;10;CULTURA;4433339,35;;;;;;4433339,35;EN PROCESO;;;;;25/04/2023;;
001;AYUNTAMIENTO;190;OBRAS Y EQUIPAMIENTOS;2020/000292;CUBRICIÓN DE LA M-30 EN EL ÁMBITO DEL VICENTE CALDERÓN;2021;2023;;202;ARGANZUELA;CUBRICIÓN DE LA M-30 EN EL ÁMBITO DEL VICENTE CALDERÓN;;CUBRICIÓN DE LA M-30 EN EL ÁMBITO DEL VICENTE CALDERÓN;;;;40.40091796;-3.72018992;07;INFRAESTRUCTURAS;43931594,17;8793192,39;;;;;52724786,56;EN PROCESO;;;;;25/04/2023;;
001;AYUNTAMIENTO;190;OBRAS Y EQUIPAMIENTOS;2020/000297;BIBLIOTECA EN EL DISTRITO DE CARABANCHEL. CONSTRUCCIÓN;2020;2025;;211;CARABANCHEL;AVENIDA CARABANCHEL ALTO, 51;AVENIDA;CARABANCHEL ALTO;51;;;40.3616093;-3.7560156;10;CULTURA;146911,48;850000,00;5487317,00;611336,00;;;7095564,48;EN PROCESO;;;;;25/04/2023;;
001;AYUNTAMIENTO;190;OBRAS Y EQUIPAMIENTOS;2020/000321;ESCUELA INFANTIL EN EL DISTRITO DE VILLA DE VALLECAS. CONSTRUCCIÓN;2020;2023;;218;VILLA DE VALLECAS;CALLE EMBALSE DE AVENIDAACERRADA C/V CALLEEMBALSE DE PINILLA;CALLE;EMBALSE DE NAVACERRADA C/V CALLE EMBALSE DE PINILLA;;;;40.359382;-3.595714;05;EDUCACIÓN;4147416,35;;;;;;4147416,35;EN PROCESO;;;;;25/04/2023;;
001;AYUNTAMIENTO;204;DISTRITO DE SALAMANCA;2020/000354;EDIFICIO SEDE DISTRITO SALAMANCA. OBRAS DE REHABILITACIÓN GENERAL;2020;2024;;204;SALAMANCA;CALLE VELÁZQUEZ, 52;CALLE;VELÁZQUEZ;52;;;40.4273605;-3.6858071;00;INVERSIONES DE CARÁCTER GENERAL;152262,93;82405,00;1300000,00;;;;1534667,93;EN PROCESO;;;;;25/04/2023;;
001;AYUNTAMIENTO;190;OBRAS Y EQUIPAMIENTOS;2020/000388;BASE SAMUR C/ AREQUIPA, 4. CONSTRUCCIÓN;2020;2023;;216;HORTALEZA;CALLE AREQUIPA, 4;CALLE;AREQUIPA;4;;;40.4689358;-3.6438566;01;PROTECCIÓN CIVIL Y SEGURIDAD CIUDADANA;1851783,98;;;;;;1851783,98;EN PROCESO;;;;;25/04/2023;;
001;AYUNTAMIENTO;190;OBRAS Y EQUIPAMIENTOS;2020/000426;UNIDAD INTEGRAL POLICÍA MUNICIPAL CARABANCHEL. AVDA. CARABANCHEL ALTO, 61. CONSTRUCCIÓN;2020;2023;;211;CARABANCHEL;AVENIDA CARABANCHEL ALTO, 61;AVENIDA;CARABANCHEL ALTO;61;;;40.36164197967932;-3.7536981585771154;01;PROTECCIÓN CIVIL Y SEGURIDAD CIUDADANA;4262108,38;906734,50;;;;;5168842,88;EN PROCESO;;;;;25/04/2023;;
001;AYUNTAMIENTO;190;OBRAS Y EQUIPAMIENTOS;2020/000476;CENTRO CULTURAL C/ PASTORA IMPERIO, 4. CONSTRUCCIÓN;2021;2023;;205;CHAMARTÍN;CALLE PASTORA IMPERIO, 4;CALLE;PASTORA IMPERIO;4;;;40.4829999;-3.6774787;10;CULTURA;188544,75;3866316,57;;;;;4054861,32;EN PROCESO;;;;;25/04/2023;;
001;AYUNTAMIENTO;190;OBRAS Y EQUIPAMIENTOS;2020/000477;BASE DEL SAMUR C/ REAL DE ARGANDA, 64, VILLA DE VALLECAS. CONSTRUCCIÓN;2020;2023;;218;VILLA DE VALLECAS;CALLE REAL DE ARGANDA, 64;CALLE;REAL DE ARGANDA;64;;;40.37932191622045;-3.615120111812919;01;PROTECCIÓN CIVIL Y SEGURIDAD CIUDADANA;1094768,97;960879,00;;;;;2055647,97;EN PROCESO;;;;;25/04/2023;;
001;AYUNTAMIENTO;210;DISTRITO DE LATINA;2020/000828;ESCUELA DE MÚSICA EN C/ HURTUMPASCUAL, DISTRITO LATINA. CONSTRUCCIÓN;2022;2024;;210;LATINA;CALLE HURTUMPASCUAL, 1-3.;CALLE;HURTUMPASCUAL;1 y 3;;;40.4011395;-3.7451803;05;EDUCACIÓN;186953,21;2769322,00;1642839,00;;;;4599114,21;EN PROCESO;;;;;25/04/2023;;
001;AYUNTAMIENTO;190;OBRAS Y EQUIPAMIENTOS;2020/007068;NAVE PARA ALMACÉN DE BOMBEROS EN LA ATALAYUELA. CONSTRUCCIÓN;2021;2024;;218;VILLA DE VALLECAS;EL REAL DE SAN VICENTE, 61;CALLE;EL REAL DE SAN VICENTE;61;;;40.36931148352711;-3.633227554724137;01;PROTECCIÓN CIVIL Y SEGURIDAD CIUDADANA;682018,94;3384792,66;655422,75;;;;4722234,35;EN PROCESO;;;;;25/04/2023;;
001;AYUNTAMIENTO;190;OBRAS Y EQUIPAMIENTOS;2020/007069;BASE DEL SAMUR EN CIUDAD LINEAL, C/ PELOPONESO, 9. CONSTRUCCIÓN;2020;2023;;215;CIUDAD LINEAL;CALLE PELOPONESO, 9;CALLE;PELOPONESO;9;;;40.4152664;-3.6266822;01;PROTECCIÓN CIVIL Y SEGURIDAD CIUDADANA;1894110,20;;;;;;1894110,20;EN PROCESO;;;;;25/04/2023;;
001;AYUNTAMIENTO;190;OBRAS Y EQUIPAMIENTOS;2020/007070;BASE SAMUR PUENTE VALLECAS, AVENIDA BUENOS AIRES, 17. CONSTRUCCIÓN;2020;2023;;213;PUENTE DE VALLECAS;AVENIDA BUENOS AIRES, 17 C/V CALLE SIERRA SALVADA;AVENIDA;BUENOS AIRES, 17 C/V CALLE SIERRA SALVADA;;;;40.3887019;-3.6555218;01;PROTECCIÓN CIVIL Y SEGURIDAD CIUDADANA;1644263,79;;;;;;1644263,79;EN PROCESO;;;;;25/04/2023;;
001;AYUNTAMIENTO;190;OBRAS Y EQUIPAMIENTOS;2020/007071;UNIDAD INTEGRAL POLICÍA MUNICIPAL PUENTE VALLECAS, AVDA. BUENOS AIRES, 17. CONSTRUCCIÓN;2020;2023;;213;PUENTE DE VALLECAS;AVENIDA BUENOS AIRES, 17 C/V CALLE SIERRA SALVADA;AVENIDA;BUENOS AIRES, 17 C/V CALLE SIERRA SALVADA;;;;40.3887020;-3.6555218;01;PROTECCIÓN CIVIL Y SEGURIDAD CIUDADANA;3507121,48;1535169,36;;;;;5042290,84;EN PROCESO;;;;;25/04/2023;;
001;AYUNTAMIENTO;160;DESARROLLO URBANO;2020/007074;ÁMBITO CAMPO DE LAS NACIONES. EJECUCIÓN DEL BOSQUE METROPOLITANO;2020;2023;;216;HORTALEZA;CAMPO DE LAS NACIONES;;CAMPO DE LAS NACIONES;;;;40.47025271;-3.62537866;06;URBANISMO;3406565,40;750000,00;;;;;4156565,40;EN PROCESO;;;;;25/04/2023;;
001;AYUNTAMIENTO;160;DESARROLLO URBANO;2020/007076;ANILLO VERDE DE VILLAVERDE. EJECUCIÓN BOSQUE METROPOLITANO;2021;2023;;217;VILLAVERDE;ANILLO VERDE DE VILLAVERDE;;ANILLO VERDE DE VILLAVERDE;;;;40.36002547;-3.71601781;06;URBANISMO;4800119,51;2618958,85;;;;;7419078,36;EN PROCESO;;;;;25/04/2023;;
001;AYUNTAMIENTO;150;MEDIO AMBIENTE Y MOVILIDAD;2021/000001;CENTRO DE TRATAMIENTO  LAS DEHESAS. SISTEMAS DE DESODORIZACIÓN;2023;2024;;218;VILLA DE VALLECAS;CENTRO DE TRATAMIENTO  LAS DEHESAS;;CENTRO DE TRATAMIENTO  LAS DEHESAS;;;;40.33552477;-3.58243889;09;MEDIO AMBIENTE;;100000,00;6402947,37;;;;6502947,37;EN PROCESO;;;;;25/04/2023;;
001;AYUNTAMIENTO;150;MEDIO AMBIENTE Y MOVILIDAD;2021/000002;CENTRO DE TRATAMIENTO LA PALOMA. SISTEMAS DE DESODORIZACIÓN;2022;2023;;218;VILLA DE VALLECAS;PARQUE TECNOLÓGICO DE VALDEMINGÓMEZ;;PARQUE TECNOLÓGICO DE VALDEMINGÓMEZ;;;;40.33756827;-3.5755459;09;MEDIO AMBIENTE;60476,96;7501563,03;;;;;7562039,99;EN PROCESO;;;;;25/04/2023;;
001;AYUNTAMIENTO;130;CULTURA, TURISMO Y DEPORTE;2021/000053;NAVE 15 MATADERO. OBRAS DE ACONDICIONAMIENTO;2022;2023;;202;ARGANZUELA;PLAZA DE LEGAZPI, 8;PLAZA;DE LEGAZPI;8;;;40.3917614508368 ;-3.6963276163896612;10;CULTURA;38478,00;;;;;;38478,00;EN PROCESO;;;;;25/04/2023;;
001;AYUNTAMIENTO;190;OBRAS Y EQUIPAMIENTOS;2021/000082;ESCUELA INFANTIL EN EL PASEO DE LA DIRECCIÓN. CONSTRUCCIÓN;2022;2024;;206;TETUÁN;PASEO DE LA DIRECCIÓN C/V CALLEALBERDI;PASEO DE;LA DIRECCIÓN C/V CALLEALBERDI;;;;40.465910;-3.708061;05;EDUCACIÓN;81928,21;1720114,39;653328,00;;;;2455370,60;EN PROCESO;;;;;25/04/2023;;
001;AYUNTAMIENTO;190;OBRAS Y EQUIPAMIENTOS;2021/000329;PUERTA DEL SOL. OBRAS DE REMODELACIÓN;2021;2023;;201;CENTRO;PUERTA DEL SOL;;PUERTA DEL SOL;;;;40.41691713;-3.70355008;06;URBANISMO;5583613,10;7593860,90;;;;;13177474,00;EN PROCESO;;;;;25/04/2023;;
001;AYUNTAMIENTO;190;OBRAS Y EQUIPAMIENTOS;2021/000338;EDIFICIO A1 C/ARCOS JALÓN, 34. REHABILITACIÓN PARA CENTRO TECNOLOGÍAS INNOVACIÓN Y COMUNICACIÓN;2021;2023;;220;SAN BLAS-CANILLEJAS;CALLE ARCOS DE JALÓN 34 C/V. CALLE AMPOSTA;CALLE;ARCOS DE JALÓN 34 C/V. CALLE AMPOSTA;;;;40.4219366;-3.6212382;13;OTROS BIENES PÚBLICOS DE CARÁCTER ECONÓMICO;2953253,52;330000,00;;;;;3283253,52;EN PROCESO;;;;;25/04/2023;;
001;AYUNTAMIENTO;190;OBRAS Y EQUIPAMIENTOS;2021/000340;PASO INFERIOR BAJO LÍNEA FERROCARRIL POLÍGONO INDUSTRIAL VILLA DE VALLECAS. DESDOBLAMIENTO;2023;2024;;213 (50%) - 218 (50%);PUENTE DE VALLECAS - VILLA DE VALLECAS;POLÍGONO INDUSTRIAL VILLA DE VALLECAS;;POLÍGONO INDUSTRIAL VILLA DE VALLECAS;;;;40.37410474;-3.65135769;07;INFRAESTRUCTURAS;;2405656,00;1772505,03;;;;4178161,03;EN PROCESO;;;;;25/04/2023;;
001;AYUNTAMIENTO;150;MEDIO AMBIENTE Y MOVILIDAD;2021/000347;"PARQUE DE LAS CRUCES, DISTRITO DE CARABANCHEL. REHABILITACIÓN (ID 19: 9283;11756)";2021;2023;;211;CARABANCHEL;AVENIDA POBLADOS C/V CALLE CONSUELO GUZMÁN C/V VIDAUBA;AVENIDA DE;LOS POBLADOS C/V CALLE CONSUELO GUZMÁN C/V VIDAUBA;;;;40.376885;-3.753343;09;MEDIO AMBIENTE;213634,00;2382713,42;;;;;2596347,42;EN PROCESO;;;;;25/04/2023;;
001;AYUNTAMIENTO;150;MEDIO AMBIENTE Y MOVILIDAD;2021/000349;PARQUE DE PRADOLONGO, DISTRITO DE USERA. REHABILITACIÓN Y AMPLIACIÓN;2021;2023;;212;USERA;AVENIDA DE LOS POBLADOS C/V CALLE DOCTOR TOLOSA LATOUR Y EDUARDO BARREIROS;AVENIDA DE;LOS POBLADOS C/V CALLE DOCTOR TOLOSA LATOUR Y EDUARDO BARREIROS;;;;40.371319;-3.703703;09;MEDIO AMBIENTE;187721,08;1023889,00;;;;;1211610,08;EN PROCESO;;;;;25/04/2023;;
001;AYUNTAMIENTO;190;OBRAS Y EQUIPAMIENTOS;2021/000387;CENTRO DE MAYORES MIRASIERRA. CONSTRUCCIÓN;2021;2023;;208;FUENCARRAL-EL PARDO;CALLE PEÑAVIEJA C/V MARBELLA, 59;CALLE;PEÑAVIEJA C/V MARBELLA, 59;;;;40.49453394197189;-3.706395285041539;03;PROTECCIÓN Y PROMOCIÓN SOCIAL;3281730,00;2314386,21;;;;;5596116,21;EN PROCESO;;;;;25/04/2023;;
001;AYUNTAMIENTO;190;OBRAS Y EQUIPAMIENTOS;2021/000388;CENTRO CULTURAL VALDEBEBAS. CONSTRUCCIÓN;2021;2025;;216;HORTALEZA;AVENIDA MANUEL FRAGA IRIBARNE, 125 C/V JORDI SOLE TURA;AVENIDA;MANUEL FRAGA IRIBARNE, 125 C/V JORDI SOLE TURA;;;;40.4923517;-3.6105398;10;CULTURA;190086,36;300000,00;3000000,00;1800000,00;;;5290086,36;EN PROCESO;;;;;25/04/2023;;
001;AYUNTAMIENTO;190;OBRAS Y EQUIPAMIENTOS;2021/000390;CASA DE FAMILIA VILLA DE VALLECAS. CONSTRUCCIÓN;2022;2025;;218;VILLA DE VALLECAS;AVENIDA ENSANCHE, 91 C/V FERNANDO CHUECAGOITIA;AVENIDA;ENSANCHE, 91 C/V FERNANDO CHUECAGOITIA;;;;40.36130898199516;-3.5938878779498156;03;PROTECCIÓN Y PROMOCIÓN SOCIAL;149987,68;;2800000,00;1550000,00;;;4499987,68;EN PROCESO;;;;;25/04/2023;;
001;AYUNTAMIENTO;120;PORTAVOZ, SEGURIDAD Y EMERGENCIAS;2021/000399;PARQUE DE BOMBEROS Nº 5. OBRAS DE REFORMA INTEGRAL;2021;2023;;212;USERA;PASEO SANTA MARÍA DE LA CABEZA, 95;PASEO DE;SANTA MARÍA DE LA CABEZA;95;;;40.3922859;-3.7089303;01;PROTECCIÓN CIVIL Y SEGURIDAD CIUDADANA;6771261,52;3099553,00;;;;;9870814,52;EN PROCESO;;;;;25/04/2023;;
001;AYUNTAMIENTO;120;PORTAVOZ, SEGURIDAD Y EMERGENCIAS;2021/000402;PARQUE DE BOMBEROS Nº 1. OBRAS DE REFORMA Y ADECUACIÓN;2021;2023;;207;CHAMBERÍ;CALLE DE SANTA ENGRACIA 116, 118 Y 120;CALLE;SANTA ENGRACIA;116, 118, 120;;;40.44038738649969;-3.7007173334334205;01;PROTECCIÓN CIVIL Y SEGURIDAD CIUDADANA;1554074,13;359089,23;;;;;1913163,36;EN PROCESO;;;;;25/04/2023;;
001;AYUNTAMIENTO;190;OBRAS Y EQUIPAMIENTOS;2021/000404;ANTIGUO MERCADO DE LEGAZPI. SUBSANACIÓN DE PATOLOGÍAS;2021;2024;;202;ARGANZUELA;PLAZA DE LEGAZPI;PLAZA;LEGAZPI;;;;40.391065;-3.6976967;00;INVERSIONES DE CARÁCTER GENERAL;8160763,46;4630994,24;1180000,00;;;;13971757,70;EN PROCESO;;;;;25/04/2023;;
001;AYUNTAMIENTO;120;PORTAVOZ, SEGURIDAD Y EMERGENCIAS;2021/000406;EDIFICIO POLICÍA MUNICIPAL C/ PLOMO, 14. OBRAS DE REHABILITACIÓN PARCIAL;2021;2023;;202;ARGANZUELA;C/PLOMO, 14;CALLE;PLOMO;14;;;40.39281490540317;-3.689732618094451;01;PROTECCIÓN CIVIL Y SEGURIDAD CIUDADANA;6215082,20;2500215,00;;;;;8715297,20;EN PROCESO;;;;;25/04/2023;;
001;AYUNTAMIENTO;190;OBRAS Y EQUIPAMIENTOS;2021/000423;CENTRO DE MAYORES C/ TELLEZ. CONSTRUCCION;2022;2025;;203;RETIRO;CALLE TÉLLEZ, 2;CALLE;TÉLLEZ;2;;;40.4042354;-3.6858061;03;PROTECCIÓN Y PROMOCIÓN SOCIAL;140110,80;4852630,59;4000000,00;1800000,00;;;10792741,39;EN PROCESO;;;;;25/04/2023;;
001;AYUNTAMIENTO;160;DESARROLLO URBANO;2021/000437;BORDE FORESTAL DE ORCASITAS. EJECUCIÓN DE BOSQUE METROPOLITANO;2021;2023;;212;USERA;BORDE FORESTAL DE ORCASITAS;;BORDE FORESTAL DE ORCASITAS;;;;40.36457818;-3.71745381;06;URBANISMO;2220249,51;1000000,00;;;;;3220249,51;EN PROCESO;;;;;25/04/2023;;
001;AYUNTAMIENTO;160;DESARROLLO URBANO;2021/000439;CUÑA ARROYO DEL FRESNO. EJECUCIÓN DE BOSQUE METROPOLITANO;2022;2023;;208;FUENCARRAL-EL PARDO;C/ LILÍ ÁLVAREZ C.V. GABRIELA MISTRAL  ;CALLE;LILI ALVAREZ C/V GABRIELA MISTRAL;;;;40.48344430433375;-3.7371622180888417;06;URBANISMO;839564,81;2000000,00;;;;;2839564,81;EN PROCESO;;;;;25/04/2023;;
001;AYUNTAMIENTO;160;DESARROLLO URBANO;2021/000440;CUÑA NORTE DE O´DONELL. EJECUCIÓN DE BOSQUE METROPOLITANO;2021;2023;;215;CIUDAD LINEAL;CUÑA NORTE DE O´DONELL;;CUÑA NORTE DE O´DONELL;;;;40.4156699;-3.62947201;06;URBANISMO;5422844,96;2500000,00;;;;;7922844,96;EN PROCESO;;;;;25/04/2023;;
001;AYUNTAMIENTO;190;OBRAS Y EQUIPAMIENTOS;2021/000442;EDIFICIO C/ DOCTOR ESQUERDO, 138. OBRAS DE REFORMA;2021;2023;;203;RETIRO;C/DOCTOR ESQUERDO, 138;CALLE;DOCTOR ESQUERDO;138;;;40.405725834574056 ;-3.6713416587184358;00;INVERSIONES DE CARÁCTER GENERAL;2723710,86;3104749,12;;;;;5828459,98;EN PROCESO;;;;;25/04/2023;;
001;AYUNTAMIENTO;190;OBRAS Y EQUIPAMIENTOS;2021/000469;RECINTOS FERIALES CASA CAMPO. ADECUACIÓN VIARIA;2021;2023;;209;MONCLOA-ARAVACA;RECINTOS FERIALES CASA CAMPO;;RECINTOS FERIALES CASA CAMPO;;;;40.41502215338127;-3.734403231025084;08;MANTENIMIENTO URBANO;2992023,84;1725992,38;;;;;4718016,22;EN PROCESO;;;;;25/04/2023;;
001;AYUNTAMIENTO;150;MEDIO AMBIENTE Y MOVILIDAD;2021/000496;CARRIL BICI EJE PRADO-RECOLETOS-CASTELLANA TRAMO PLAZA CASTILLA-RAIMUNDO FERNANDEZ VILLAVERDE;2021;2023;;205 (50%) - 206 (50%);CHAMARTÍN - TETUÁN;"PASEO DE LA CASTELLANA, 112 AL 200, LADO PARES, DISTRITO DE CHAMARTÍN.
PASEO DE LA CASTELLANA, 71 AL 187, LADO IMPARES, DISTRITO DE TETUÁN.";PASEO;DE LA CASTELLANA;112 AL 200;;;40.44689407084407;-3.6904570167187587;07;INFRAESTRUCTURAS;2681623,63;1486516,00;;;;;4168139,63;EN PROCESO;;;;;25/04/2023;;
001;AYUNTAMIENTO;190;OBRAS Y EQUIPAMIENTOS;2021/000502;ENTORNO PLAZA DE LOS MOSTENSES. REMODELACIÓN Y MEJORA MOVILIDAD;2022;2023;;201;CENTRO;ENTORNO PLAZA DE LOS MOSTENSES;PLAZA;DE LOS MOSTENSES;;;;40.42319875;-3.70878751;06;URBANISMO;772737,51;2655806,00;;;;;3428543,51;EN PROCESO;;;;;25/04/2023;;
001;AYUNTAMIENTO;131;DEPORTE;2021/001117;DEPORTIVO BÁSICO LOS POBLADOS. ACONDICIONAMIENTO CAMPO DE FÚTBOL Y VESTUARIOS;2022;2023;;211;CARABANCHEL;AV.DE LOS POBLADOS,106;AVENIDA;DE LOS POBLADOS;106;;;40.37376874611199;-3.735160474061030;11;DEPORTES, JUVENTUD  Y ESPARCIMIENTO;335401,60;851867,34;;;;;1187268,94;EN PROCESO;;;;;25/04/2023;;
001;AYUNTAMIENTO;190;OBRAS Y EQUIPAMIENTOS;2021/001152;AVENIDA DEL GENERAL PERÓN. REMODELACIÓN ESPACIOS ESTANCIALES E ITINERARIOS PEATONALES;2022;2023;;206;TETUÁN;AVENIDA DEL GENERAL PERÓN;AVENIDA;GENERAL PERON;;;;40.45255742;-3.69734223;06;URBANISMO;5801999,95;3898912,92;;;;;9700912,87;EN PROCESO;;;;;25/04/2023;;
001;AYUNTAMIENTO;190;OBRAS Y EQUIPAMIENTOS;2021/001330;CENTRO DEPORTIVO CERRO ALMODÓVAR. ADECUACIÓN PABELLÓN VOLEY PLAYA;2021;2023;;218;VILLA DE VALLECAS;C/ CERRO ALMODOVAR, 9;CALLE;CERRO ALMODÓVAR;9;;;40.382947591900496 ;-3.6024611317314394;11;DEPORTES, JUVENTUD  Y ESPARCIMIENTO;1311170,16;1997000,00;;;;;3308170,16;EN PROCESO;;;;;25/04/2023;;
001;AYUNTAMIENTO;190;OBRAS Y EQUIPAMIENTOS;2021/001335;VESTUARIOS CAMPOS DE RUGBY Y FÚTBOL EN ENTREVÍAS. CONSTRUCCIÓN;2021;2023;;213;PUENTE DE VALLECAS;RONDA DEL SUR, 4 (PARQUE DE ENTREVÍAS);RONDA;DEL SUR (PARQUE DE ENTREVÍAS);4;;;40.37787388790656;-3.6738970028962754;11;DEPORTES, JUVENTUD  Y ESPARCIMIENTO;192440,75;1184330,87;;;;;1376771,62;EN PROCESO;;;;;25/04/2023;;
001;AYUNTAMIENTO;190;OBRAS Y EQUIPAMIENTOS;2021/001403;CENTRO DEPORTIVO GIMNASIO MOSCARDÓ. OBRAS REFORMA PISCINA SAMARANCH;2021;2023;;204;SALAMANCA;C/ PILAR DE ZARAGOZA, 93;CALLE;PILAR DE ZARAGOZA;93;;;40.43808012712384 ;-3.6744838452233513;11;DEPORTES, JUVENTUD  Y ESPARCIMIENTO;5500000,00;1600000,00;;;;;7100000,00;EN PROCESO;;;;;25/04/2023;;
001;AYUNTAMIENTO;160;DESARROLLO URBANO;2021/001483;PARCELAS ÁMBITO VALDEGRULLA Y PARAJE VALDESENDERÍN. DESESCOMBRO Y RENATURALIZACIÓN;2021;2023;;208;FUENCARRAL-EL PARDO;M603 C.V. AV. MONTE DE VALDELATAS ;;M603 C/V AV. MONTE DE VALDELATAS;;;;40.51908561970688;-3.667892213325621;06;URBANISMO;2151889,44;2386185,85;;;;;4538075,29;EN PROCESO;;;;;25/04/2023;;
001;AYUNTAMIENTO;190;OBRAS Y EQUIPAMIENTOS;2022/000250;EDIFICIO C/ COMANDANTE AZCÁRRAGA 4. OBRAS DE REFORMA Y ACONDICIONAMIENTO;2022;2023;;205;CHAMARTÍN;CALLE COMANDANTE AZCÁRRAGA, 4;CALLE;COMANDANTE AZCÁRRAGA;4;;;40.461339027950004 ;-3.6687121317285794;01;PROTECCIÓN CIVIL Y SEGURIDAD CIUDADANA;3299762,14;;;;;;3299762,14;EN PROCESO;;;;;25/04/2023;;
001;AYUNTAMIENTO;190;OBRAS Y EQUIPAMIENTOS;2022/000282;CALLE AYERBE, TRAMO C/FUENTE DE TORREJONA - C/EMPEDRADA. REMODELACIÓN DE LA URBANIZACIÓN;2022;2023;;221;BARAJAS;CALLE AYERBE.TRAMO FUENTE TORREJONA-CALLE EMPEDRADA;CALLE;AYERBE;;;;40.47234488;-3.57624752;06;URBANISMO;2268836,92;4670993,00;;;;;6939829,92;EN PROCESO;;;Primera fase Ejecutada en código de proyecto 2020/000294;;25/04/2023;;
001;AYUNTAMIENTO;190;OBRAS Y EQUIPAMIENTOS;2022/000283;CARRETERA DE VALDECARROS. ADECUACIÓN DE VIALES;2023;2024;;218;VILLA DE VALLECAS;CARRETERA DE VALDECARROS;CARRETERA;VALDECARROS;;;;40.36126153;-3.62726055;07;INFRAESTRUCTURAS;;;2912224,00;;;;2912224,00;EN PROCESO;;;;;25/04/2023;;
001;AYUNTAMIENTO;190;OBRAS Y EQUIPAMIENTOS;2022/000284;PUENTE C/PEDRO BOSCH, BARRIO DE PACÍFICO. DEMOLICIÓN PARCIAL Y CONSTRUCCIÓN DE NUEVAS RAMPAS;2022;2023;;203;RETIRO;CALLE PEDRO BOSCH, BARRIO DE PACÍFICO;CALLE;PEDRO BOSCH ;;;;40.39914304;-3.67687697;07;INFRAESTRUCTURAS;8346051,06;5120413,94;;;;;13466465,00;EN PROCESO;;;;;25/04/2023;;
001;AYUNTAMIENTO;190;OBRAS Y EQUIPAMIENTOS;2022/000285;PUENTE DE LA CALLE EDUARDO BARREIROS SOBRE LA M-40. DESDOBLAMIENTO;2023;2024;;212 (15%) - 217 (85%);VILLAVERDE - USERA;CALLE EDUARDO BARREIROS;CALLE;EDUARDO BARREIROS;;;;40.36455103;-3.69869538;07;INFRAESTRUCTURAS;;;273487,00;;;;273487,00;EN PROCESO;;;;;25/04/2023;;
001;AYUNTAMIENTO;190;OBRAS Y EQUIPAMIENTOS;2022/000289;EJE PEDRO BOSCH-DOCTOR ESQUERDO. OBRAS DE REMODELACIÓN DE LA URBANIZACIÓN;2022;2023;;203;RETIRO;EJE PEDRO BOSCH-DOCTOR ESQUERDO;CALLE;PEDRO BOSCH - DOCTOR ESQUERDO;;;;40.4033514;-3.67287751;06;URBANISMO;5299999,99;3460104,55;;;;;8760104,54;EN PROCESO;;;;;25/04/2023;;
001;AYUNTAMIENTO;190;OBRAS Y EQUIPAMIENTOS;2022/000297;LATERAL DE LA AVENIDA DE LA ILUSTRACIÓN. OBRAS DE REURBANIZACIÓN;2022;2023;;208;FUENCARRAL-EL PARDO;LATERAL DE LA AVENIDA DE LA ILUSTRACIÓN;AVENIDA;ILUSTRACION;;;;40.48317782;-3.70454099;06;URBANISMO;3290786,69;5987090,63;;;;;9277877,32;EN PROCESO;;;;;25/04/2023;;
001;AYUNTAMIENTO;190;OBRAS Y EQUIPAMIENTOS;2022/000306;BASE SAMUR-PROTECCION CIVIL Y CENTRO DE SALUD DEL DISTRITO DE MORATALAZ. CONSTRUCCION;2022;2024;;214;MORATALAZ;CALLE BRUJAS, 28;CALLE;BRUJAS;28;;;40.40000939236909 ;-3.62810027406011;01;PROTECCIÓN CIVIL Y SEGURIDAD CIUDADANA;133714,38;;1823852,00;;;;1957566,38;EN PROCESO;;;;;25/04/2023;;
001;AYUNTAMIENTO;190;OBRAS Y EQUIPAMIENTOS;2022/000307;CENTRO MULTIFUNCIONAL C/ FRANCISCO REMIRO, 21. CONSTRUCCION;2022;2025;;204;SALAMANCA;C/FRANCISCO REMIRO, 21;CALLE;FRANCISCO REMIRO;21;;;40.43858779152413;-3.666769831729441;10;CULTURA;121325,37;1533194,03;4500000,00;4500000,00;;;10654519,40;EN PROCESO;;;;;25/04/2023;;
001;AYUNTAMIENTO;190;OBRAS Y EQUIPAMIENTOS;2022/000308;NUEVO AULARIO DEL CENTRO DE FORMACION DE SEGURIDAD Y EMERGENCIAS (CIFSE). CONSTRUCCION;2022;2025;;210;LATINA;CALLE SEPÚLVEDA, 153, 28011 MADRID;CALLE;SEPÚLVEDA;153;;;40.40286845108914 ;-3.7515003028953573;01;PROTECCIÓN CIVIL Y SEGURIDAD CIUDADANA;126501,54;74857,11;7250000,00;5566049,10;;;13017407,75;EN PROCESO;;;;;25/04/2023;;
001;AYUNTAMIENTO;120;PORTAVOZ, SEGURIDAD Y EMERGENCIAS;2022/000418;BASE 0 SAMUR-PROTECCIÓN CIVIL. OBRAS DE REFORMA;2022;2023;;209;MONCLOA-ARAVACA;RONDA DE LAS PROVINCIAS, 7;RONDA;DE LAS PRONVINCIAS;7;;;40.41176384535083;-3.743862787553562;01;PROTECCIÓN CIVIL Y SEGURIDAD CIUDADANA;749670,22;1753195,00;;;;;2502865,22;EN PROCESO;;;;;25/04/2023;;
001;AYUNTAMIENTO;120;PORTAVOZ, SEGURIDAD Y EMERGENCIAS;2022/000425;PARQUE 9 BOMBEROS. OBRAS PARA INSTALACIÓN DE CAMPA PROVISIONAL;2022;2023;;208;FUENCARRAL-EL PARDO;AVENIDA MONFORTE DE LEMOS, 20;AVENIDA;MONFORTE DE LEMOS;20;;;40.48022515029228 ;-3.6996125875510923;01;PROTECCIÓN CIVIL Y SEGURIDAD CIUDADANA;1708903,51;900290,00;;;;;2609193,51;EN PROCESO;;;;;25/04/2023;;
001;AYUNTAMIENTO;190;OBRAS Y EQUIPAMIENTOS;2022/000466;CENTRO DEPORTIVO C/MISTRAL, 4. PISCINA DE VERANO, VESTUARIOS, CERRAMIENTO E INSTALACIONES;2022;2023;;221;BARAJAS;CALLE MISTRAL, 4;CALLE;MISTRAL;4;;;40.47899049638749 ;-3.596845384536784;11;DEPORTES, JUVENTUD  Y ESPARCIMIENTO;360566,36;2511174,08;;;;;2871740,44;EN PROCESO;;;;;25/04/2023;;
001;AYUNTAMIENTO;190;OBRAS Y EQUIPAMIENTOS;2022/000467;CENTRO DEPORTIVO PASEO DE LA DIRECCION. PISCINA DE VERANO, VESTUARIOS,CERRAMIENTO E INSTALACIONES;2022;2023;;206;TETUÁN;C/PASEO DE LA DIRECCIÓN C/V C/OFELIA NIETO;CALLE;PASEO DE LA DIRECCIÓN C/V OFELIA NIETO;;;;40.46343190472349 ;-3.7072100671845565;11;DEPORTES, JUVENTUD  Y ESPARCIMIENTO;107319,37;2976218,89;;;;;3083538,26;EN PROCESO;;;;;25/04/2023;;
001;AYUNTAMIENTO;190;OBRAS Y EQUIPAMIENTOS;2022/000484;CARRIL BICI EN LA GRAN VÍA DE VILLAVERDE. OBRAS DE ADAPTACIÓN;2022;2023;;217;VILLAVERDE;GRAN VÍA DE VILLAVERDE;AVENIDA;GRAN VIA DE VILLAVERDE;;;;40.34588826224913;-3.6934544845763124;07;INFRAESTRUCTURAS;276480,80;915079,00;;;;;1191559,80;EN PROCESO;;;;;25/04/2023;;
001;AYUNTAMIENTO;190;OBRAS Y EQUIPAMIENTOS;2022/000485;GRAN VÍA DE VILLAVERDE. MEJORA ACCESIBILIDAD Y MOVILIDAD PEATONAL;2022;2023;;217;VILLAVERDE;GRAN VÍA DE VILLAVERDE;AVENIDA;GRAN VIA DE VILLAVERDE;;;;40.345904616213154;-3.6934598489939954;08;MANTENIMIENTO URBANO;283041,80;924922,00;;;;;1207963,80;EN PROCESO;;;;;25/04/2023;;
001;AYUNTAMIENTO;190;OBRAS Y EQUIPAMIENTOS;2022/000487;ESCUELA DE MÚSICA EN EL DISTRITO DE PUENTE DE VALLECAS. CONSTRUCCIÓN;2022;2025;;213;PUENTE DE VALLECAS;C/ JAVIER DE MIGUEL, 8 C/V C/ MARTÍNEZ DE LA RIVA;CALLE;JAVIER DE MIGUEL 8 C/V MARTÍNEZ DE LA RIVA;;;;40.38901771292814;-3.664102470612631;05;EDUCACIÓN;81548,72;28627,10;2350000,00;489000,00;;;2949175,82;EN PROCESO;;;;;25/04/2023;;
001;AYUNTAMIENTO;190;OBRAS Y EQUIPAMIENTOS;2022/000488;FACTORÍA INDUSTRIAL VILLA DE VALLECAS. CONSTRUCCIÓN;2022;2025;;218;VILLA DE VALLECAS;AVDA. DE CARTAGENA DE INDIAS, 50;AVENIDA;DE CARTAGENA DE INDIAS;50;;;40.364956;-3.640114;14;SECTORES PRODUCTIVOS;80343,82;150000,00;3800000,00;2750000,00;;;6780343,82;EN PROCESO;;;;;25/04/2023;;
001;AYUNTAMIENTO;212;DISTRITO DE USERA;2022/000494;DEPORTIVO BÁSICO EN C/ GAINZA, DISTRITO DE USERA. CONSTRUCCIÓN;2023;2023;;212;USERA;CALLE GAINZA;CALLE;GAINZA;;;;40.371720738015945;-3.7191775029696186;11;DEPORTES, JUVENTUD  Y ESPARCIMIENTO;;996306,89;;;;;996306,89;EN PROCESO;;;;;25/04/2023;;
001;AYUNTAMIENTO;130;CULTURA, TURISMO Y DEPORTE;2022/000541;MUSEO ARTE CONTEMPORÁNEO EN CONDE DUQUE. ACONDICIONAMIENTO NUEVAS SALAS;2023;2023;;201;CENTRO;CALLE DEL CONDE DUQUE, 9;CALLE;DEL CONDE DUQUE;9;;;40.42741912138544 ;-3.7107288317298197;10;CULTURA;;;;;;;0,00;EN PROCESO;;;;;25/04/2023;;
001;AYUNTAMIENTO;190;OBRAS Y EQUIPAMIENTOS;2022/001001;ESCUELA INFANTIL LOS PAJARITOS, DISTRITO DE RETIRO. CONSTRUCCIÓN;2022;2024;;203;RETIRO;C/ ADELFAS, 6;CALLE;ADELFAS;6;;;40.40279966157042 ;-3.6724092452246317;05;EDUCACIÓN;63585,28;21318,68;2850000,00;;;;2934903,96;EN PROCESO;;;;;25/04/2023;;
001;AYUNTAMIENTO;216;DISTRITO DE HORTALEZA;2022/002015;INSTALACIONES DEPORTIVAS PARQUE JUAN PABLO II. OBRAS DE REFORMA Y MEJORA (ID 19: 11672);2023;2023;;216;HORTALEZA;AVDA. DE LAS PICEAS 13. PARQUE JUAN PABLO II;AVENIDA;DE LAS PICEAS (PARQUE JUAN PABLO II);13;;;40.457908247312226;-3.6199757317287196;11;DEPORTES, JUVENTUD  Y ESPARCIMIENTO;;609127,72;;;;;609127,72;EN PROCESO;;;;;25/04/2023;;
001;AYUNTAMIENTO;190;OBRAS Y EQUIPAMIENTOS;2022/002042;ACERAS EN EL BARRIO DE LA CONCEPCIÓN. PAVIMENTACIÓN Y MEJORA (ID 20: 13325);2022;2023;;215;CIUDAD LINEAL;BARRIO DE LA CONCEPCIÓN;BARRIO;DE LA CONCEPCIÓN;;;;40.43748387563466;-3.6506546039000676;08;MANTENIMIENTO URBANO;43546,51;1147735,96;;;;;1191282,47;EN PROCESO;;;;;25/04/2023;;
001;AYUNTAMIENTO;120;PORTAVOZ, SEGURIDAD Y EMERGENCIAS;2023/000384;ESCUADRÓN DE LA POLICÍA MUNICIPAL. OBRAS REFORMA DE LA CANTINA;2023;2024;;209;MONCLOA-ARAVACA;CARRETERA DEL PARDO, 3;CARRETERA;DEL PARDO;3;;;40.47745229980593;-3.7513272182341164;01;PROTECCIÓN CIVIL Y SEGURIDAD CIUDADANA;;197580,00;1100000,00;;;;1297580,00;EN PROCESO;;;;;25/04/2023;;
001;AYUNTAMIENTO;120;PORTAVOZ, SEGURIDAD Y EMERGENCIAS;2023/000385;PARQUE DE BOMBEROS 9. OBRAS DE REHABILITACIÓN;2023;2023;;208;FUENCARRAL-EL PARDO;AVENIDA MONFORTE DE LEMOS, 20;AVENIDA;MONFORTE DE LEMOS;20;;;40.480208828940015 ;-3.69961258755109232;01;PROTECCIÓN CIVIL Y SEGURIDAD CIUDADANA;;;;;;;0,00;EN PROCESO;;;;;25/04/2023;;
001;AYUNTAMIENTO;120;PORTAVOZ, SEGURIDAD Y EMERGENCIAS;2023/000387;UNIDAD INTEGRAL POLICÍA MUNICIPAL USERA. OBRAS DE REHABILITACIÓN;2023;2024;;212;USERA;C/DOCTOR TOLOSA LATOUR, 16;CALLE;DOCTOR TOLOSA LATOUR;16;;;40.3759435930581 ;-3.702718487554872;01;PROTECCIÓN CIVIL Y SEGURIDAD CIUDADANA;;400000,00;1200000,00;;;;1600000,00;EN PROCESO;;;;;25/04/2023;;
001;AYUNTAMIENTO;160;DESARROLLO URBANO;2023/001016;ÁMBITO DE LA CUÑA VERDE DE O´DONNELL SUR. EJECUCIÓN DEL BOSQUE METROPOLITANO;2023;2023;;214;MORATALAZ;C/ ARROYO DE LA MEDIA LEGUA C.V. M23  ;CALLE;ARROYO DE VLA MEDIA LEGUA C/V M-23;;;;40.414187570960046;-3.649254368392708;06;URBANISMO;;1500000,00;;;;;1500000,00;EN PROCESO;;;;;25/04/2023;;
001;AYUNTAMIENTO;150;MEDIO AMBIENTE Y MOVILIDAD;2017/000244;PARQUE DE LA CASA DE CAMPO. ACTUACIONES DE REHABILITACIÓN;2017;2023;;209;MONCLOA-ARAVACA;Parque de la Casa de Campo;PARQUE;DE LA CASA DE CAMPO;;;;40.423433;-3.758581;09;MEDIO AMBIENTE;1852746,56;3098091,58;;;;;4950838,14;EN PROCESO;;;;;25/04/2023;;
001;AYUNTAMIENTO;150;MEDIO AMBIENTE Y MOVILIDAD;2019/003807;"PARQUE ""Z"" Y PARQUE C/ FUENTE CARRANTONA. MEJORAS";2020;2023;;214;MORATALAZ;CALLES MARROQUINA Y FUENTE CARRANTONA;CALLES;DE LA MARROQUINA Y FUENTE CARRANTONA;;;;40.40015400198730;-3.637412306702370;09;MEDIO AMBIENTE;194145,27;1165540,85;;;;;1359686,12;EN PROCESO;;;;;25/04/2023;;
001;AYUNTAMIENTO;190;OBRAS Y EQUIPAMIENTOS;2020/000564;PLAZAS ÁGATA Y MAYOR DISTRITO VILLAVERDE. OBRAS DE REMODELACIÓN;2020;2023;;217;VILLAVERDE;Plaza Ágata;PLAZA;ÁGATA;;;;40.346812;-3.7091745;06;URBANISMO;1468220,36;1419794,23;;;;;2888014,59;EN PROCESO;;;;;25/04/2023;;
001;AYUNTAMIENTO;190;OBRAS Y EQUIPAMIENTOS;2020/000566;PLAZA DE LA EMPERATRIZ DISTRITO CARABANCHEL. OBRAS DE REMODELACIÓN;2020;2023;;211;CARABANCHEL;PLAZA DE LA EMPERATRIZ;PLAZA;DE LA EMPERATRIZ;;;;40.373473;-3.7516615;06;URBANISMO;1314263,62;2051384,01;;;;;3365647,63;EN PROCESO;;;;;25/04/2023;;
001;AYUNTAMIENTO;190;OBRAS Y EQUIPAMIENTOS;2021/000446;EDIFICIO MUNICIPAL C/ MONTAMARTA, 7. OBRAS DE ACONDICIONAMIENTO PARA CENTRO CULTURAL;2021;2025;;220;SAN BLAS-CANILLEJAS;CALLE DE MONTAMARTA, 7;CALLE;DE MONTAMARTA;7;;;40.4230284;-3.621095;10;CULTURA;308597,98;90195,02;1287329,20;314554,87;;;2000677,07;EN PROCESO;;;;;25/04/2023;;
001;AYUNTAMIENTO;131;DEPORTE;2021/001118;PARQUE PARA DEPORTES URBANOS EN EL DISTRITO VILLAVERDE. CONSTRUCCIÓN;2021;2023;;217;VILLAVERDE;Pº PLATA Y CASTAÑAR, 5;PASEO;PLATA Y CASTAÑAR;5;;;40.350668;-3.721161;11;DEPORTES, JUVENTUD  Y ESPARCIMIENTO;45141,76;1976208,95;;;;;2021350,71;EN PROCESO;;;;;25/04/2023;;
001;AYUNTAMIENTO;190;OBRAS Y EQUIPAMIENTOS;2022/000294;CALLE BAILEN EN EL ENTORNO AL MUSEO DE COLECCIONES REALES. ADECUACIÓN ACCESOS;2023;2023;;201;CENTRO;CALLE DE BAILEN;CALLE;DE BAILEN;;;;40.414908;-3.7171685;08;MANTENIMIENTO URBANO;;1333822,14;;;;;1333822,14;EN PROCESO;;;;;25/04/2023;;
001;AYUNTAMIENTO;190;OBRAS Y EQUIPAMIENTOS;2022/000295;CALLE ALCALÁ EN EL TRAMO: QUINTANA-ARTURO SORIA. DISTRITO DE CIUDAD LINEAL. REMODELACIÓN;2022;2023;;215;CIUDAD LINEAL;CALLE DE ALCALÁ;CALLE;DE ALCALÁ;;;;40.4350189;-3.6486273;06;URBANISMO;1431302,74;4202444,00;;;;;5633746,74;EN PROCESO;;;;;25/04/2023;;
001;AYUNTAMIENTO;190;OBRAS Y EQUIPAMIENTOS;2022/000296;CALLE JUAN ÁLVAREZ MENDIZÁBAL DISTRITO DE MONCLOA-ARAVACA. OBRAS DE REMODELACIÓN;2023;2023;;209;MONCLOA-ARAVACA;CALLE DE JUAN ÁLVAREZ MENDIZÁBAL;CALLE;DE JUAN ÁLVAREZ MENDIZÁBAL;;;;40.4243759;-3.7137565;08;MANTENIMIENTO URBANO;;2057904,00;;;;;2057904,00;EN PROCESO;;;;;25/04/2023;;
001;AYUNTAMIENTO;190;OBRAS Y EQUIPAMIENTOS;2022/000301;CASCO HISTÓRICO DE BARAJAS. OBRAS DE PEATONALIZACIÓN;2023;2024;;221;BARAJAS;;;;;;;40.472061;-3.5842523;08;MANTENIMIENTO URBANO;;40922,00;3000000,00;;;;3040922,00;EN PROCESO;;;;;25/04/2023;;
001;AYUNTAMIENTO;150;MEDIO AMBIENTE Y MOVILIDAD;2022/001032;MONTAÑA DE LOS GATOS EN LOS JARDINES DEL BUEN RETIRO. RECUPERACIÓN INTEGRAL;2022;2023;;203;RETIRO;Paseo de Fernán Nuñez S/N;PASEO;DE FERNÁN NÚÑEZ;S/N;;;40.421115828189;-3.68054383287722;09;MEDIO AMBIENTE;155257,20;2012973,83;;;;;2168231,03;EN PROCESO;;;;;25/04/2023;;
001;AYUNTAMIENTO;190;OBRAS Y EQUIPAMIENTOS;2022/001067;CENTRO DEPORTIVO CONCEPCIÓN. SUBSANACIÓN DE PATOLOGÍAS GRADERÍOS CAMPO DE FÚTBOL;2022;2023;;215;CIUDAD LINEAL;C/ JOSE DEL HIERRO, 5;CALLE;JOSÉ DEL HIERRO;5;;;40.4372662;-3.6484385;11;DEPORTES, JUVENTUD  Y ESPARCIMIENTO;106155,24;1000000,00;;;;;1106155,24;EN PROCESO;;;;;25/04/2023;;
001;AYUNTAMIENTO;190;OBRAS Y EQUIPAMIENTOS;2022/001255;COLONIAS HISTÓRICAS DEL DISTRITO DE CHAMARTÍN. OBRAS DE REMODELACIÓN;2022;2023;;205;CHAMARTIN;CALLE DE EMILIO CAMPION, 13;CALLE;DE EMILIO CAMPION;13;;;40.44593437095230;-3.6789682463686200;08;MANTENIMIENTO URBANO;13983,05;4297124,74;;;;;4311107,79;EN PROCESO;;;;;25/04/2023;;
001;AYUNTAMIENTO;190;OBRAS Y EQUIPAMIENTOS;2022/001262;DIVERSAS CALLES DEL ENTORNO DE LA PLAZA DE OLAVIDE. OBRAS DE REURBANIZACIÓN;2023;2024;;207;CHAMBERI;;;;;;;40.4327769;-3.7054483;06;URBANISMO;;3989063,54;1519174,44;;;;5508237,98;EN PROCESO;;;;;25/04/2023;;
001;AYUNTAMIENTO;190;OBRAS Y EQUIPAMIENTOS;2022/001279;CENTRO DEPORTIVO DE ORCASITAS. REFORMA VASO DE PISCINA, GALERÍA VISITABLE, PLAYAS Y OTRAS;2022;2024;;212;USERA;AV.RAFAELA YBARRA, 52;AVENIDA;DE RAFAELA YBARRA;52;;;40.3755929;-3.7124488;11;DEPORTES, JUVENTUD  Y ESPARCIMIENTO;899999,97;4159984,66;3100000,00;;;;8159984,63;EN PROCESO;;;;;25/04/2023;;
001;AYUNTAMIENTO;190;OBRAS Y EQUIPAMIENTOS;2022/001285;CENTRO DEPORTIVO HORTALEZA. SUBSANACIÓN PATOLOGÍAS VASO OLÍMPICO Y ADAPTACIÓN A NORMATIVA;2022;2023;;216;HORTALEZA;CTERA. ESTACIÓN DE HORTALEZA, 11;CARRETERA;ESTACIÓN DE HORTALEZA;11;;;40.4787274;-3.6527117;11;DEPORTES, JUVENTUD  Y ESPARCIMIENTO;375999,99;1317361,62;;;;;1693361,61;EN PROCESO;;;;;25/04/2023;;
001;AYUNTAMIENTO;190;OBRAS Y EQUIPAMIENTOS;2022/001303;PABELLÓN DEPORTIVO EN CALLE MÓNACO, 10, DISTRITO SAN BLAS-CANILLEJAS. CONSTRUCCIÓN;2022;2025;;220;SAN BLAS-CANILLEJAS;C/ MÓNACO, 10;CALLE;DE MÓNACO;10;;;40.4316155;-3.6042837;11;DEPORTES, JUVENTUD  Y ESPARCIMIENTO;32070,74;838744,59;6200000,00;4098437,99;;;11169253,32;EN PROCESO;;;;;25/04/2023;;
001;AYUNTAMIENTO;131;DEPORTE;2022/001481;DEPORTIVO BÁSICO PIQUEÑAS. ADECUACIÓN CAMPO DE FÚTBOL CÉSPED ARTIFICIAL Y VESTUARIOS;2022;2024;;211;CARABANCHEL;C/ PINAR DE SAN JOSÉ C/V. C/ DE LA TORTA;CALLE;DEL PINAR DE SAN JOSÉ;64;;;40.360952;-3.768519;11;DEPORTES, JUVENTUD  Y ESPARCIMIENTO;5321,96;185321,96;1800000,00;;;;1990643,92;EN PROCESO;;;;;25/04/2023;;
001;AYUNTAMIENTO;131;DEPORTE;2022/001482;DEPORTIVO BÁSICO SANTA RITA. ADECUACIÓN CAMPO DE FÚTBOL CÉSPED ARTIFICIAL Y VESTUARIOS;2022;2024;;211;CARABANCHEL;C/ ALBA DE TORMES, 2;CALLE;DE ALBA DE TORMES;2;;;40.379236;-3.743367;11;DEPORTES, JUVENTUD  Y ESPARCIMIENTO;7471,37;297471,37;1900000,00;;;;2204942,74;EN PROCESO;;;;;25/04/2023;;
001;AYUNTAMIENTO;160;DESARROLLO URBANO;2022/001605;ÁMBITO CASTILLO DE LA ALAMEDA. OBRAS DE RENATURALIZACIÓN;2022;2023;;221;BARAJAS;C/ Manuel Aguilar Muñoz c.v Antonio Sancha c.v.Joaquín Ibarra;CALLES;DE MANUEL AGUILAR MUÑOZ C/V ANTONIO SANCHA Y JOAQUÍN IBARRA;;;;40.45987729999410;-3.592380701850930;06;URBANISMO;4718,00;1494535,84;;;;;1499253,84;EN PROCESO;;;;;25/04/2023;;
001;AYUNTAMIENTO;150;MEDIO AMBIENTE Y MOVILIDAD;2022/001621;ANTIGUA PASARELA MANTEROLA. RECONSTRUCCIÓN E INSTALACIÓN SOBRE RÍO MANZANARES EN AV. ARCENTALES;2023;2024;;220;SAN BLAS-CANILLEJAS;Avenida de Arcentales ;AVENIDA;DE ARCENTALES;;;;40.4330452;-3.6009783;07;INFRAESTRUCTURAS;;52878,40;4000000,00;;;;4052878,40;EN PROCESO;;;;;25/04/2023;;
001;AYUNTAMIENTO;160;DESARROLLO URBANO;2022/001647;C/ SOLEDAD CAZORLA. ACTUACIONES DE RENATURALIZACIÓN;2022;2023;;210;LATINA;C/ Soledad Cazorla 20;CALLE;DE SOLEDAD CAZORLA;20;;;40.37554181475530;-3.7713808134924500;06;URBANISMO;60352,96;1527098,65;;;;;1587451,61;EN PROCESO;;;;;25/04/2023;;
001;AYUNTAMIENTO;190;OBRAS Y EQUIPAMIENTOS;2022/002008;GIMNASIO EN CENTRO DEPORTIVO HORTALEZA. CONSTRUCCIÓN (ID 19: 8847);2022;2023;;216;HORTALEZA;CARRETERA DE LA ESTACIÓN DE HORTALEZA, 11;CARRETERA;ESTACIÓN DE HORTALEZA;11;;;40.4787274;-3.6527117;11;DEPORTES, JUVENTUD  Y ESPARCIMIENTO;42763,07;1589210,00;;;;;1631973,07;EN PROCESO;;;;;25/04/2023;;
001;AYUNTAMIENTO;150;MEDIO AMBIENTE Y MOVILIDAD;2023/000311;APARCAMIENTO EN PASEO ARTILLEROS S/N, DISTRITO DE VICÁLVARO. CONSTRUCCIÓN;2023;2023;;219;VICALVARO;Paseo de los Artilleros s/n. Semiesquina calle San Cipriano;PASEO ;DE LOS ARTILLEROS;S/N;;;40.4046979;-3.6091733;07;INFRAESTRUCTURAS;;2710000,00;;;;;2710000,00;EN PROCESO;;;;;25/04/2023;;
001;AYUNTAMIENTO;212;DISTRITO DE USERA;2023/001003;DEPORTIVO BÁSICO ROMÁN VALERO. ADECUACIÓN PISTA DE MULTIDEPORTE CUBIERTA;2023;2023;;212;USERA;CALLE DE ANDRÉS ARTEAGA nº 1;CALLE;DE ANDRÉS ARTEAGA;1;;;40.38791;-3.70469;11;DEPORTES, JUVENTUD  Y ESPARCIMIENTO;;1000000,00;;;;;1000000,00;EN PROCESO;;;;;25/04/2023;;
001;AYUNTAMIENTO;150;MEDIO AMBIENTE Y MOVILIDAD;2023/001006;CAMPUS SUR UNIVERSIDAD POLITÉCNICA DE MADRID Y ENTORNOS ESCOLARES VALLECAS. ZONAS DE BAJAS EMISIONES;2023;2024;;213 (70%) - 218 (30%);PUENTE DE VALLECAS - VILLA DE VALLECAS;Avenida del Campus Sur (recinto universitario);AVENIDA;DEL CAMPUS SUR;;;;40.387788;-3.6308581;07;INFRAESTRUCTURAS;;442239,00;13096637,00;;;;13538876,00;EN PROCESO;;;;;25/04/2023;;
001;AYUNTAMIENTO;150;MEDIO AMBIENTE Y MOVILIDAD;2023/001007;PLATAFORMA AUTOBÚS DE TRÁNSITO PRIORITARIO VALDEBEBAS - HOSPITAL RAMÓN Y CAJAL. CONSTRUCCIÓN;2023;2023;;208 (20%) - 216 (80%);FUENCARRAL-EL PARDO - HORTALEZA;Avenida Francisco Pi y Margall, 6;AVENIDA;DE FRANCISCO PI Y MARGALL;6;;;40.4902184;-3.6585492;07;INFRAESTRUCTURAS;;12940771,00;;;;;12940771,00;EN PROCESO;;;;;25/04/2023;;
001;AYUNTAMIENTO;160;DESARROLLO URBANO;2023/001014;CAMPF129:S132O DE FÚTBOL EN ARAVACA, C/ESCULTOR PERESEJO, BOSQUE METROPOLITANO. CONSTRUCCIÓN;2023;2023;;209;MONCLOA-ARAVACA;C/ Escultor Peresejo 94;CALLE;DEL ESCULTOR PERESEJO;94;;;40.452722372430600;-3.791872894861590;11;DEPORTES, JUVENTUD  Y ESPARCIMIENTO;;1500000,00;;;;;1500000,00;EN PROCESO;;;;;25/04/2023;;
001;AYUNTAMIENTO;160;DESARROLLO URBANO;2023/003004;CAMPOS DE FÚTBOL EN VALDEBEBAS (INSTALACIONES SOTENIBLES). CONSTRUCCIÓN (ID 22: 17695);2023;2023;;216;HORTALEZA;C/ Félix Candela c.v. Luis Moya Blanco c.v Josefina Aldecoa;CALLES;DE FÉLIX CANDELA C/V LUIS MOYA BLANCO Y JOSEFINA ALDECOA;;;;40.497327;-3.615194;11;DEPORTES, JUVENTUD  Y ESPARCIMIENTO;;1800000,00;;;;;1800000,00;EN PROCESO;;;;;25/04/2023;;
001;AYUNTAMIENTO;190;OBRAS Y EQUIPAMIENTOS;2023/003005;BIBLIOTECA PÚBLICA EN EL ENTORNO DE LA GLORIETA DEL MAR DE CRISTAL. CONSTRUCCIÓN (ID 22: 18793);2023;2025;;216;HORTALEZA;CALLE DE SILVANO, 101 C/V C/JOSÉ DOMINGO RUS;CALLE;DE SILVANO;101;;;40.46398431;-3.6325963;10;CULTURA;;160000,00;2340000,00;2000000,00;;;4500000,00;EN PROCESO;;;;;25/04/2023;;
001;AYUNTAMIENTO;150;MEDIO AMBIENTE Y MOVILIDAD;2023/003051;CARRIL BICI SEGREGADO AV.DE LA GRAN VÍA DE SAN FRANCISCO Y GLORIETA PUERTA DE TOLEDO (ID 22: 18424);2023;2024;;201;CENTRO;Av.Gran Vía de San Francisco 9;AVENIDA; DE LA GRAN VÍA DE SAN FRANCISCO;9;;;40.4096622;-3.7137001;07;INFRAESTRUCTURAS;;60000,00;1340000,00;;;;1400000,00;EN PROCESO;;;;;25/04/2023;;
001;AYUNTAMIENTO;130;CULTURA, TURISMO Y DEPORTE;2020/000419;PABELLÓN DE HEXÁGONOS CASA DE CAMPO. REHABILITACIÓN;2024;2025;;209;MONCLOA-ARAVACA;CALLE DE LOS HEXÁGONOS, 4;CALLE;DE LOS HEXÁGONOS;4;;;40.4126577;-3.7442902;10;CULTURA;;;2000000;1000000;;;3000000,00;EN PROCESO;;;;;25/04/2023;;
801;MERCAMADRID, S.A.;140;ECONOMÍA, INNOVACIÓN Y EMPLEO;2020/MERCA/001;MERCAMADRID. MEJORA ACCESOS, CONDICIONES DE MOVILIDAD E INSTALACIONES DE SEGURIDAD;2020;2024;;218;VILLA DE VALLECAS;Avenida Madrid S/N;Avenida;Madrid;;;;40.3616249;-3.664242;14;SECTORES PRODUCTIVOS;5.496.398,40;680.234,24;1.081.200,00;610.000,00;610.000,00;610.000,00;9.087.832,64;EN PROCESO;;;;;26/04/2023;;
801;MERCAMADRID, S.A.;140;ECONOMÍA, INNOVACIÓN Y EMPLEO;2020/MERCA/002;MERCADOS CENTRALES Y EDIFICACIONES;2020;2024;;218;VILLA DE VALLECAS;Avenida Madrid S/N;Avenida;Madrid;;;;40.3585575;-3.6675801;14;SECTORES PRODUCTIVOS;11.976.962,38;782.464,84;3.131.001,00;2.903.818,00;1.519.000,00;323.000,00;20.636.246,22;EN PROCESO;;;;;26/04/2023;;
801;MERCAMADRID, S.A.;140;ECONOMÍA, INNOVACIÓN Y EMPLEO;2020/MERCA/003;AMPLIACIÓN MERCAMADRID. REFORESTACIÓN Y ADECUACIÓN DEL ENTORNO, NUEVOS CENTROS DE FORMACIÓN ALIMENTARIA, APARCAMIENTO Y MEJORA DEL CENTRO ADMINISTRATIVO;2020;2024;;218;VILLA DE VALLECAS;Avenida Madrid S/N;Avenida;Madrid;;;;40.36557798757290;-3.668069465062160;14;SECTORES PRODUCTIVOS;5.956.237,29;1.877.620,03;5.123.567,00;4.485.679,00;5.742.912,00;7.050.000,00;30.236.015,32;EN PROCESO;;;;;26/04/2023;;
706;MADRID DESTINO, CULT.,TURISMO Y NEGOCIO, S.A.;130;CULTURA, TURISMO Y DEPORTE;MD/2016/003;REHABILITACIÓN EDIFICIOS TEATRO FERNÁN GÓMEZ;2016;2023;;204;SALAMANCA;Plaza Colón, 4;Plaza;Colón;4;;;40.424681417884300;-3.6899877647205600;10;CULTURA;3.153.256,93;201.076,69;    ;    ;    ;    ;3.354.333,62;FINALIZADO;;;;;26/04/2023;;
706;MADRID DESTINO, CULT.,TURISMO Y NEGOCIO, S.A.;130;CULTURA, TURISMO Y DEPORTE;MD/2016/002;MADRID ARENA. INSTALACIONES;2016;2023;;209;MONCLOA-ARAVACA;Avenida Principal, 16 Y Avenida Portugal S/n;Avenida;Principal, 16 Y Avenida Portugal S/n;;;;40.4144658;-3.7401438;11;DEPORTES, JUVENTUD  Y ESPARCIMIENTO;933.238,50;713.960,33;    ;    ;    ;    ;1.647.198,83;EN PROCESO;;;;;26/04/2023;;
706;MADRID DESTINO, CULT.,TURISMO Y NEGOCIO, S.A.;130;CULTURA, TURISMO Y DEPORTE;MD/2016/006;PABELLÓN CONVENCIONES. OBRA CIVIL, REHABILITACIÓN EDIFICIOS;2016;2023;;209;MONCLOA-ARAVACA;Avenida Principal, 16 Y Avenida Portugal S/n;Avenida;Principal, 16 Y Avenida Portugal S/n;;;;40.4144660;-3.7401438;14;SECTORES PRODUCTIVOS;1.973.017,75;126.039,67;    ;    ;    ;    ;2.099.057,42;FINALIZADO;;;;;26/04/2023;;
706;MADRID DESTINO, CULT.,TURISMO Y NEGOCIO, S.A.;130;CULTURA, TURISMO Y DEPORTE;MD/2022/01;DAOIZ Y VELARDE. PUESTA EN USO;2022;2024;;203;RETIRO;C/ del Alberche, 14;Calle;Alberche;14;;;;;10;CULTURA;    ;1.025.000,00;515.000,00;    ;    ;    ;1.540.000,00;EN PROCESO;;;;;26/04/2023;;
706;MADRID DESTINO, CULT.,TURISMO Y NEGOCIO, S.A.;130;CULTURA, TURISMO Y DEPORTE;MD/2022/02;MATADERO. EVACUATORIOS, FACHADAS Y NAVE 11;2022;2024;;202;ARGANZUELA;Plaza de Legazpi, 8;Plaza;de Legazpi;8;;;;;10;CULTURA;    ;1.318.653,00;15.000,00;    ;    ;    ;1.333.653,00;EN PROCESO;;;;;26/04/2023;;
706;MADRID DESTINO, CULT.,TURISMO Y NEGOCIO, S.A.;130;CULTURA, TURISMO Y DEPORTE;MD/2022/03;PABELLÓN XII. REHABILITACIÓN EDIFICIOS;2022;2025;;209;MONCLOA-ARAVACA;Avenida Principal, 16 Y Avenida Portugal S/n;Avenida;Principal, 16 Y Avenida Portugal S/n;;;;40.4144660;-3.7401438;0;INVERSIONES DE CARÁCTER GENERAL;    ;100.000,00;900.000,00;100.000,00;    ;    ;1.100.000,00;EN PROCESO;;;;;26/04/2023;;
706;MADRID DESTINO, CULT.,TURISMO Y NEGOCIO, S.A.;130;CULTURA, TURISMO Y DEPORTE;MD/2022/04;PABELLÓN DE CRISTAL. REHABILITACIÓN EDIFICIOS;2022;2025;;209;MONCLOA-ARAVACA;Avenida Principal, 16 Y Avenida Portugal S/n;Avenida;Principal, 16 Y Avenida Portugal S/n;;;;40.4144661;-3.7401438;0;INVERSIONES DE CARÁCTER GENERAL;    ;100.000,00;400.000,00;500.000,00;    ;    ;1.000.000,00;EN PROCESO;;;;;26/04/2023;;
706;MADRID DESTINO, CULT.,TURISMO Y NEGOCIO, S.A.;130;CULTURA, TURISMO Y DEPORTE;MD/2022/003;OBRAS CAJA MÁGICA;2022;2025;;212;USERA;Cmo. de Perales, 23;Camino;Perales;23;;;;;11;DEPORTES, JUVENTUD  Y ESPARCIMIENTO;    ;250.000,00;802.700,00;20.001.300,00;    ;    ;21.054.000,00;EN PROCESO;;;;;26/04/2023;;
708;EMPRESA MUNICIPAL DE SERVICIOS FUNERARIOS Y CEMENTERIOS, S.A.;120;PORTAVOZ, SEGURIDAD Y EMERGENCIAS;2020/EMSFMC/02;ACTUACIONES EN CEMENTERIO DE LA ALMUDENA;2020;2023;;215;CIUDAD LINEAL;Avenida De Daroca, 90 28017 Madrid;Avenida de;Daroca;90;;;40.4254386;-3.6490277;4;SALUD PÚBLICA;995.356,13;4.332.546,00;0;0;0;0;5.327.902,13;EN PROCESO;;;;;26/04/2023;;
708;EMPRESA MUNICIPAL DE SERVICIOS FUNERARIOS Y CEMENTERIOS, S.A.;120;PORTAVOZ, SEGURIDAD Y EMERGENCIAS;2020/EMSFMC/05;RENOVACIÓN  TANATORIOS M30;2020;2023;;215;CIUDAD LINEAL;Calle Salvador De Madariaga,11 28027 Madrid;Calle;Salvador De Madariaga;11;;;40.4401633;-3.6598874;4;SALUD PÚBLICA;3.440.083,00;1.336.160,00;0;0;0;0;4.776.243,00;EN PROCESO;;;;;26/04/2023;;
708;EMPRESA MUNICIPAL DE SERVICIOS FUNERARIOS Y CEMENTERIOS, S.A.;120;PORTAVOZ, SEGURIDAD Y EMERGENCIAS;001/2023/1;REHABILITACIÓN CEMENTERIOS Muros Almudena;2022;2026;;215;CIUDAD LINEAL;Avenida De Daroca, 90 28017 Madrid;Avenida de;Daroca;90;;;;;4;SALUD PÚBLICA;220.608,00;3.255.000,00;50.000,00;50.000,00;50.000,00;0;3.625.608,00;EN PROCESO;;;;;26/04/2023;;
708;EMPRESA MUNICIPAL DE SERVICIOS FUNERARIOS Y CEMENTERIOS, S.A.;120;PORTAVOZ, SEGURIDAD Y EMERGENCIAS;001/2023/2;REHABILITACIÓN CEMENTERIOS Carabanchel Sur;2023;2023;;211;CARABANCHEL;Calle Ildefonso González Valencia, 2, 28054 Madrid;Calle;Ildefonso González Valencia;2;;;;;4;SALUD PÚBLICA;0;1.850.000,00;0;0;0;0;1.850.000,00;EN PROCESO;;;;;26/04/2023;;
708;EMPRESA MUNICIPAL DE SERVICIOS FUNERARIOS Y CEMENTERIOS, S.A.;120;PORTAVOZ, SEGURIDAD Y EMERGENCIAS;002/2023/1;UNIDADES DE ENTERRAMIENTO (Almudena);2022;2026;;215;CIUDAD LINEAL;Avenida De Daroca, 90 28017 Madrid;Avenida de;Daroca;90;;;;;4;SALUD PÚBLICA;1.057.531,51;3.156.299,40;450.000,00;450.000,00;450.000,00;0;5.563.830,91;EN PROCESO;;;;;26/04/2023;;
708;EMPRESA MUNICIPAL DE SERVICIOS FUNERARIOS Y CEMENTERIOS, S.A.;120;PORTAVOZ, SEGURIDAD Y EMERGENCIAS;002/2023/2;UNIDADES DE ENTERRAMIENTO (Carabanchel Sur);2022;2026;;211;CARABANCHEL;Calle Ildefonso González Valencia, 2, 28054 Madrid;Calle;Ildefonso González Valencia;2;;;;;4;SALUD PÚBLICA;908.296,94;450.000,00;450.000,00;450.000,00;450.000,00;0;2.708.296,94;EN PROCESO;;;;;26/04/2023;;
701;EMPRESA MUNICIPAL VIVIENDA Y SUELO, S.A.;161; VIVIENDA;31;VIVIENDA DE PROTECCIÓN PÚBLICA BÁSICA ALQUILER. PROMOCIÓN VICALVARO. M 41B;2019;2024;;219;VICÁLVARO;Contrucción Calle Cerro Del Tesoro, 31;Calle;Cerro del Tesoro;31;;;40.4069441;-3.5531687;15;VIVENDA;1.057.845,57;3.531.536,34;7.373.076,35;4.909.569,99;0;0;16.872.028,25;EN PROCESO;;;;;26/04/2023;;
701;EMPRESA MUNICIPAL VIVIENDA Y SUELO, S.A.;161; VIVIENDA;29;VIVIENDA DE PROTECCIÓN PÚBLICA BÁSICA ALQUILER. PROMOCIÓN VICALVARO. M 39A;2019;2024;;219;VICÁLVARO;Contrucción Calle Diálogo, 79;Calle;Calle Diálogo;79;;;40.4067067;-3.5560424;15;VIVENDA;1.129.420,08;3.920.151,63;7.373.126,23;4.449.444,45;0;0;16.872.142,39;EN PROCESO;;;;;26/04/2023;;
701;EMPRESA MUNICIPAL VIVIENDA Y SUELO, S.A.;161; VIVIENDA;30;VIVIENDA DE PROTECCIÓN PÚBLICA BÁSICA ALQUILER. PROMOCIÓN VICALVARO. M 39B;2019;2024;;219;VICÁLVARO;Contrucción Calle Diálogo, 63;Calle;Calle Diálogo;63;;;40.4067044;-3.556465;15;VIVENDA;683.354,38;1.511.858,58;8.371.178,50;7.187.963,73;0;0;17.754.355,19;EN PROCESO;;;;;26/04/2023;;
701;EMPRESA MUNICIPAL VIVIENDA Y SUELO, S.A.;161; VIVIENDA;38;VIVIENDA DE PROTECCIÓN PÚBLICA BÁSICA ALQUILER. PROMOCIÓN VICALVARO. T 10BC;2020;2025;;219;VICÁLVARO;Contrucción Calle Ilusión, 41;Calle;Ilusión;41;;;40.405684;-3.5572887;15;VIVENDA;279.971,87;155.970,18;4.096.012,28;4.915.214,74;5.189.695,61;0;14.636.864,68;EN PROCESO;;;;;26/04/2023;;
701;EMPRESA MUNICIPAL VIVIENDA Y SUELO, S.A.;161; VIVIENDA;35;VIVIENDA DE PROTECCIÓN PÚBLICA BÁSICA ALQUILER. PROMOCIÓN VICALVARO. M 5C;2020;2025;;219;VICÁLVARO;Contrucción Calle Arroyo Cañaveral, 75;Calle;Arroyo Cañaveral;75;;;40.4002565;-3.5605078;15;VIVENDA;84.627,40;357.107,41;3.766.907,83;4.808.818,51;5.106.988,29;0;14.124.449,44;EN PROCESO;;;;;26/04/2023;;
701;EMPRESA MUNICIPAL VIVIENDA Y SUELO, S.A.;161; VIVIENDA;26;VIVIENDA DE PROTECCIÓN PÚBLICA BÁSICA ALQUILER. PROMOCIÓN VICALVARO M5A;2019;2024;;219;VICÁLVARO;Contrucción Cl Enrique Urquijo, 90;Calle;Enrique Urquijo;90;;;40.4006641;-3.5614487;15;VIVENDA;1.327.141,16;3.640.695,28;6.578.340,06;3.121.248,38;0;0;14.667.424,88;EN PROCESO;;;;;26/04/2023;;
701;EMPRESA MUNICIPAL VIVIENDA Y SUELO, S.A.;161; VIVIENDA;27;VIVIENDA DE PROTECCIÓN PÚBLICA BÁSICA ALQUILER. PROMOCIÓN8 VICALVARO M5B;2019;2024;;219;VICÁLVARO;Contrucción Cl Francisco Grande Covian, 170;Calle;Grande Covian;170;;;40.4014654;-3.5614492;15;VIVENDA;1.479.552,44;2.765.560,36;5.727.207,38;2.797.372,97;0;0;12.769.693,15;EN PROCESO;;;;;26/04/2023;;
701;EMPRESA MUNICIPAL VIVIENDA Y SUELO, S.A.;161; VIVIENDA;34;VIVIENDA DE PROTECCIÓN PÚBLICA BÁSICA ALQUILER. PROMOCIÓN VICALVARO. M 34B;2020;2025;;219;VICÁLVARO;Contrucción Avenida Miguel Delibes, 65;Avenida;Miguel Delibes;65;;;40.405514;-3.5615997;15;VIVENDA;23.768,33;476.116,55;3.787.940,71;4.734.925,89;6.977.248,52;0;16.000.000,00;EN PROCESO;;;;;26/04/2023;;
701;EMPRESA MUNICIPAL VIVIENDA Y SUELO, S.A.;161; VIVIENDA;37;VIVIENDA DE PROTECCIÓN PÚBLICA BÁSICA ALQUILER. PROMOCIÓN VICALVARO. T 6B;2020;2025;;219;VICÁLVARO;Contrucción Calle Enrique Urquijo, 91;Calle;Enrique Urquijo;91;;;40.4010441;-3.5618687;15;VIVENDA;155.839,79;107.690,05;1.898.600,86;2.476.435,91;2.731.465,46;0;7.370.032,07;EN PROCESO;;;;;26/04/2023;;
701;EMPRESA MUNICIPAL VIVIENDA Y SUELO, S.A.;161; VIVIENDA;36;VIVIENDA DE PROTECCIÓN PÚBLICA BÁSICA ALQUILER. PROMOCIÓN VICALVARO. T 6A;2020;2025;;219;VICÁLVARO;Contrucción Calle Enrique Urquijo, 81;Calle;Enrique Urquijo;81;;;40.4007041;-3.5621687;15;VIVENDA;55.819,72;212.801,00;1.898.600,86;2.476.435,91;3.556.881,29;0;8.200.538,78;EN PROCESO;;;;;26/04/2023;;
701;EMPRESA MUNICIPAL VIVIENDA Y SUELO, S.A.;161; VIVIENDA;32;VIVIENDA DE PROTECCIÓN PÚBLICA BÁSICA ALQUILER. PROMOCIÓN VICALVARO. M 30A;2019;2024;;219;VICÁLVARO;Contrucción Avenida Miguel Delibes, 50;Avenida;Miguel Delibes;50;;;40.4054441;-3.5638987;15;VIVENDA;811.926,93;2.629.724,68;6.288.702,91;3.940.738,76;0;0;13.671.093,28;EN PROCESO;;;;;26/04/2023;;
701;EMPRESA MUNICIPAL VIVIENDA Y SUELO, S.A.;161; VIVIENDA;33;VIVIENDA DE PROTECCIÓN PÚBLICA BÁSICA ALQUILER. PROMOCIÓN VICALVARO. M 30D;2019;2024;;219;VICÁLVARO;Contrucción Calle Jose Escobar Y Saliente, 80;Calle;Jose Escobar Y Saliente;80;;;40.4048787;-3.5647897;15;VIVENDA;589.795,93;687.385,58;6.359.823,52;5.851.485,99;0;0;13.488.491,02;EN PROCESO;;;;;26/04/2023;;
701;EMPRESA MUNICIPAL VIVIENDA Y SUELO, S.A.;161; VIVIENDA;25;VIVIENDA DE PROTECCIÓN PÚBLICA BÁSICA ALQUILER. PROMOCIÓN LA ROSILLA 3;2019;2024;;218;VILLA DE VALLECAS;Contrucción Calle Castejon De Henares;Calle;Castejon De Henares;;;;40.374148939335800;-3.63320586229997;15;VIVENDA;1.304.425,06;2.142.986,62;6.373.398,72;2.494.935,91;0;0;12.315.746,31;EN PROCESO;;;;;26/04/2023;;
701;EMPRESA MUNICIPAL VIVIENDA Y SUELO, S.A.;161; VIVIENDA;23;VIVIENDA DE PROTECCIÓN PÚBLICA BÁSICA ALQUILER. PROMOCIÓN LA ROSILLA 1;2019;2024;;218;VILLA DE VALLECAS;Contrucción Calle El Sitio De Baler Nº 1 A 11 Y Crta. Villaverde A Vallecas Nº 290;;;;;;40.374018500360700;-3.635026476527200;15;VIVENDA;1.949.656,42;3.913.612,04;7.495.572,06;1.125.357,19;0;0;14.484.197,71;EN PROCESO;;;;;26/04/2023;;
701;EMPRESA MUNICIPAL VIVIENDA Y SUELO, S.A.;161; VIVIENDA;24;VIVIENDA DE PROTECCIÓN PÚBLICA BÁSICA ALQUILER. PROMOCIÓN LA ROSILLA 2;2019;2024;;218;VILLA DE VALLECAS;Contrucción Calle De Nueva Creacion;;;;;;40.37351413395200;-3.635163450630150;15;VIVENDA;2.214.990,87;5.798.550,41;4.545.844,44;200.000,39;0;0;12.759.386,11;EN PROCESO;;;;;26/04/2023;;
701;EMPRESA MUNICIPAL VIVIENDA Y SUELO, S.A.;161; VIVIENDA;20;VIVIENDA DE PROTECCIÓN PÚBLICA BÁSICA ALQUILER. PROMOCIÓN SAN FRANCISCO JAVIER VI;2017;2023;;213;PUENTE DE VALLECAS;Contrucción Calle Eduardo Rojo;Calle;Eduardo Rojo;;;;40.38564471870830;-3.6636112588068200;15;VIVENDA;3.604.919,48;8.577.230,61;2.941.387,03;0;0;0;15.123.537,12;EN PROCESO;;;;;26/04/2023;;
701;EMPRESA MUNICIPAL VIVIENDA Y SUELO, S.A.;161; VIVIENDA;10;VIVIENDA DE PROTECCIÓN PÚBLICA BÁSICA ALQUILER. PROMOCIÓN NUESTRA SEÑORA  DE LOS ANGELES 3;2017;2024;;213;PUENTE DE VALLECAS;Contrucción Calle Martínez De La Riva, 100;Calle;Martínez de la Riva;100;;;40.386498;-3.6663675;15;VIVENDA;1.221.091,79;1.616.216,04;5.910.713,56;2.933.230,71;0;0;11.681.252,10;EN PROCESO;;;;;26/04/2023;;
701;EMPRESA MUNICIPAL VIVIENDA Y SUELO, S.A.;161; VIVIENDA;22;VIVIENDA DE PROTECCIÓN PÚBLICA BÁSICA ALQUILER. PROMOCIÓN NUESTRA SEÑORA  DE LOS ANGELES 4;2019;2024;;213;PUENTE DE VALLECAS;Contrucción Calle Peña Amaya, 1;Calle;Peña Amaya;1;;;40.3850508;-3.6668926;15;VIVENDA;1.246.436,38;2.557.880,89;5.095.934,30;1.170.764,85;0;0;10.071.016,42;EN PROCESO;;;;;26/04/2023;;
701;EMPRESA MUNICIPAL VIVIENDA Y SUELO, S.A.;161; VIVIENDA;9;VIVIENDA DE PROTECCIÓN PÚBLICA BÁSICA ALQUILER. PROMOCIÓN NUESTRA SEÑORA  DE LOS ANGELES 2;2017;2023;;213;PUENTE DE VALLECAS;Contrucción Calle Puerto De La Bonaigua, 45;Calle;Puerto de la Bonaigua;45;;;40.3864054;-3.6671987;15;VIVENDA;6.284.135,14;5.707.091,88;241.500,00;0;0;0;12.232.727,02;EN PROCESO;;;;;26/04/2023;;
701;EMPRESA MUNICIPAL VIVIENDA Y SUELO, S.A.;161; VIVIENDA;11;VIVIENDA DE PROTECCIÓN PÚBLICA BÁSICA ALQUILER. PROMOCIÓN NUESTRA SEÑORA  DE LOS ANGELES 14;2018;2024;;213;PUENTE DE VALLECAS;Contrucción Avenida San Diego, 89;Avenida;San Diego;89;;;40.3851781;-3.6680348;15;VIVENDA;3.306.899,36;4.435.799,32;10.884.239,32;5.034.451,83;0;0;23.661.389,83;EN PROCESO;;;;;26/04/2023;;
701;EMPRESA MUNICIPAL VIVIENDA Y SUELO, S.A.;161; VIVIENDA;28;VIVIENDA DE PROTECCIÓN PÚBLICA BÁSICA ALQUILER. PROMOCIÓN VILLAVERDE INGENIEROS;2019;2024;;217;VILLAVERDE;Contrucción Calle La Pícara Molinera, 62;Calle;La Pícara Molinera;62;;;40.3545193;-3.7050987;15;VIVENDA;1.302.316,18;3.825.613,35;8.574.833,26;4.050.515,19;0;0;17.753.277,98;EN PROCESO;;;;;26/04/2023;;
701;EMPRESA MUNICIPAL VIVIENDA Y SUELO, S.A.;161; VIVIENDA;40;VIVIENDA DE PROTECCIÓN PÚBLICA BÁSICA ALQUILER. PROMOCIÓN BLOQUES 300;2023;2026;;217;VILLAVERDE;Calle Rocafort 28-48;Calle;Rocafort 28-48;28-48;;;;;15;VIVENDA;;850.000,00;2.000.000,00;8.000.000,00;3.150.000,00;0;14.000.000,00;EN PROCESO;;;;;26/04/2023;;
701;EMPRESA MUNICIPAL VIVIENDA Y SUELO, S.A.;161; VIVIENDA;41;VIVIENDA DE PROTECCIÓN PÚBLICA BÁSICA ALQUILER. PROMOCIÓN LOS OLIVOS FASE 3;2021;2025;;210;LATINA;Calle San Fulgencio, 2;Calle;San Fulgencio, 2;2;;;;;15;VIVENDA;711,48;95.156,31;329.141,81;987.425,42;1.249.667,66;;2.662.102,68;EN PROCESO;;;;;26/04/2023;;
701;EMPRESA MUNICIPAL VIVIENDA Y SUELO, S.A.;161; VIVIENDA;42;VIVIENDA DE PROTECCIÓN PÚBLICA BÁSICA ALQUILER. PROMOCIÓN LOS OLIVOS FASE 4;2021;2025;;210;LATINA;CalleSan Timoteo, 27;Calle;San Timoteo, 27;27;;;;;15;VIVENDA;711,48;184.318,61;837.938,62;2.513.815,88;3.449.638,26;;6.986.422,85;EN PROCESO;;;;;26/04/2023;;
701;EMPRESA MUNICIPAL VIVIENDA Y SUELO, S.A.;161; VIVIENDA;44;VIVIENDA DE PROTECCIÓN PÚBLICA BÁSICA ALQUILER. PROMOCIÓN ARROYO DEL FRESNO 3B;2021;2026;;208;FUENCARRAL-EL PARDO;Calle María de Maeztu, 24;Calle;María de Maeztu, 24;24;;;;;15;VIVENDA;711,48;82.487,50;412.437,48;1.500.000,00;5.177.189,27;;7.172.825,73;EN PROCESO;;;;;26/04/2023;;
701;EMPRESA MUNICIPAL VIVIENDA Y SUELO, S.A.;161; VIVIENDA;45;VIVIENDA DE PROTECCIÓN PÚBLICA BÁSICA ALQUILER. PROMOCIÓN CARABANCHEL (4.7.2.) PMS 29676;2021;2026;;211;CARABANCHEL;Avda. del Euro 37;Avenida;Euro 37;37;;;;;15;VIVENDA;711,48;58.508,86;555.626,77;1.500.000,00;2.719.636,09;;4.834.483,20;EN PROCESO;;;;;26/04/2023;;
701;EMPRESA MUNICIPAL VIVIENDA Y SUELO, S.A.;161; VIVIENDA;46;VIVIENDA DE PROTECCIÓN PÚBLICA BÁSICA ALQUILER. PROMOCIÓN Pº DIRECCIÓN (D-1) PMS 31339;2021;2026;;206;TETUÁN;C/ Capitán Blanco Argibay nº 149;Calle;Capitán Blanco Argibay nº 149;149;;;;;15;VIVENDA;711,48;22.221,97;217.374,66;3.260.619,91;8.500.000,00;6.901.216,38;18.902.144,40;EN PROCESO;;;;;26/04/2023;;
701;EMPRESA MUNICIPAL VIVIENDA Y SUELO, S.A.;161; VIVIENDA;47;VIVIENDA DE PROTECCIÓN PÚBLICA BÁSICA ALQUILER. PROMOCIÓN EL CAÑAVERAL 13 (M34 CD);2021;2026;;219;VICÁLVARO;Calle Tolerancia, 19;Calle;Tolerancia, 19;19;;;;;15;VIVENDA;711,48;780.946,22;3.144.064,90;9.432.194,71;13.000.000,00;5.642.082,69;32.000.000,00;EN PROCESO;;;;;26/04/2023;;
701;EMPRESA MUNICIPAL VIVIENDA Y SUELO, S.A.;161; VIVIENDA;48;VIVIENDA DE PROTECCIÓN PÚBLICA BÁSICA ALQUILER. PROMOCIÓNEL ESPINILLO S6-P8;2021;2026;;217;VILLAVERDE;Calle de la Conciliación, 7;Calle;Conciliación, 7;7;;;;;15;VIVENDA;711,48;154,54;155.552,61;2.333.289,13;8.500.000,00;2.536.606,03;13.526.313,79;EN PROCESO;;;;;26/04/2023;;
701;EMPRESA MUNICIPAL VIVIENDA Y SUELO, S.A.;161; VIVIENDA;49;VIVIENDA DE PROTECCIÓN PÚBLICA BÁSICA ALQUILER. PROMOCIÓN NTRA.SEÑORA DE LORETO PARCELA 3;2022;2026;;221;BARAJAS;Calle Venus, 5;Calle;Venus, 5;5;;;;;15;VIVENDA;0;1.452,00;94.444,35;472.221,73;5.500.000,00;2.144.433,72;8.212.551,80;EN PROCESO;;;;;26/04/2023;;
701;EMPRESA MUNICIPAL VIVIENDA Y SUELO, S.A.;161; VIVIENDA;50;VIVIENDA DE PROTECCIÓN PÚBLICA BÁSICA ALQUILER. PROMOCIÓN NTRA. SEÑORA DE LORETO PARCELA 4;2022;2026;;221;BARAJAS;Calle Venus, 1;Calle;Venus, 1;1;;;;;15;VIVENDA;0;618,18;114.271,82;1.142.718,16;6.000.000,00;2.679.071,48;9.936.679,64;EN PROCESO;;;;;26/04/2023;;
701;EMPRESA MUNICIPAL VIVIENDA Y SUELO, S.A.;161; VIVIENDA;51;VIVIENDA DE PROTECCIÓN PÚBLICA BÁSICA ALQUILER. PROMOCIÓN PASEO DE LA DIRECCIÓN D-2;2021;2026;;206;TETUÁN;Calle Alberdi, 4;Calle;Alberdi, 4;4;;;;;15;VIVENDA;711,48;154,55;137.569,10;2.063.536,40;7.500.000,00;2.260.558,32;11.962.529,85;EN PROCESO;;;;;26/04/2023;;
701;EMPRESA MUNICIPAL VIVIENDA Y SUELO, S.A.;161; VIVIENDA;52;VIVIENDA DE PROTECCIÓN PÚBLICA BÁSICA ALQUILER. PROMOCIÓN VALLECAS 2,70;2021;2026;;218;VILLA DE VALLECAS;Avda. Ensanche de Vallecas, 33;Avenida;Ensanche de Vallecas, 33;33;;;;;15;VIVENDA;711,48;188.740,35;1.797.024,67;5.391.074,02;7.500.000,00;748.750,98;15.626.301,50;EN PROCESO;;;;;26/04/2023;;
701;EMPRESA MUNICIPAL VIVIENDA Y SUELO, S.A.;161; VIVIENDA;53;VIVIENDA DE PROTECCIÓN PÚBLICA BÁSICA ALQUILER. PROMOCIÓN VICÁLVARO LA CATALANA 1B Y 1 C;2021;2026;;219;VICÁLVARO;C/ del Abad Juan Catalán,62;Calle;Abad Juan Catalán,62;62;;;;;15;VIVENDA;3.558,76;21.934,54;139.571,67;2.093.575,02;7.500.000,00;2.378.026,77;12.136.666,76;EN PROCESO;;;;;26/04/2023;;
701;EMPRESA MUNICIPAL VIVIENDA Y SUELO, S.A.;161; VIVIENDA;41/2023;VIVIENDA DE PROTECCIÓN PÚBLICA BÁSICA ALQUILER 4.8.2 D DE LA UE1 DEL UZI 0.10 “ENSANCHE DE CARABA;2023;2026;;211;CARABANCHEL;C/Tremis, 2;Calle ;Tremis;2;;;;;15;VIVENDA;;150.000,00;2.470.077,04;3.000.000,00;555.115,57;;6.175.192,61;EN PROCESO;;;;;26/04/2023;;
700;EMPRESA MUNICIPAL DE TRANSPORTES, S.A.;;;PROY/EMT/001;CONSTRUCCIONES  Plan de Negocio Madrid Nuevo Norte;2021;2026;;205;CHAMARTÍN;Plan de Negocio Madrid Nuevo Norte;;;;;;40.621;-3.6766;6;URBANISMO;373.026,91;2.375.389,63;4.742.969,00;6.640.156,60;6.640.156,60;6.640.156,60;27.411.855,34;EN PROCESO;;;;;26/04/2023;;
700;EMPRESA MUNICIPAL DE TRANSPORTES, S.A.;;;OTROS/EMT/002;CONSTRUCCIONES  Nuevo Centro de Operaciones en las Tablas;2022;2026;;208;FUENCARRAL-EL PARDO;;Construcción Nuevo Centro de Operaciones en las Tablas;;;;;40.5051;-3.6695;2;TRÁFICO, ESTACIONAMIENTO Y TRANSPORTE PÚBLICO;0;285.000,00;0;44.745.217,06;53.227.823,59;53.227.823,59;151.485.864,24;EN PROCESO;;;;;26/04/2023;;
700;EMPRESA MUNICIPAL DE TRANSPORTES, S.A.;;;OTROS/EMT/002;CONSTRUCCIONES  Construcción de Nuevo Centro de Operacions en la Elipa;2018;2025;;215;CIUDAD LINEAL;;Construcción Nuevo Centro de Operaciones en la Elipa;;;;;40.4231;-3.6524;2;TRÁFICO, ESTACIONAMIENTO Y TRANSPORTE PÚBLICO;418.280,00;130.725,00;0;41.055.800,00;50.111.600,00;24.111.600,00;115.828.005,00;EN PROCESO;;;;;26/04/2023;;
