Programa de financiación;Título;Ce.gestor;Funcional;Económico;LI;Descripción Línea de Inversión;SL;Descripción Sublínea de Inversión;Distrito;Descripción;Impte.mon.ent.CP
2020/000138;MEMORIAL ESCULTÓRICO POR LA CULTURA DEMOCRÁTICA Y EL RESPETO A LOS DERECHOS HUMANOS;1100;23270;60900;10;CULTURA;6;ESTATUAS Y MONUMENTOS;201;CENTRO;300.000,00
2020/000034;CUADROS Y PLACAS DE ALCALDES EN PLAZA DE LA VILLA Nº 4;1100;91216;60900;10;CULTURA;5;PROMOCIÓN DE LA CULTURA;201;CENTRO;40.000,00
2020/000050;EQUIPAMIENTO SERVICIOS SECRETARIA GENERAL DEL PLENO;1100;91230;62500;0;INVERSIONES DE CARÁCTER GENERAL;1;SERVICIOS ADMINISTRATIVOS CENTRALES;999;NO DISTRITALIZABLE;8.000,00
2020/000050;EQUIPAMIENTO SERVICIOS SECRETARIA GENERAL DEL PLENO;1100;91230;62599;0;INVERSIONES DE CARÁCTER GENERAL;1;SERVICIOS ADMINISTRATIVOS CENTRALES;999;NO DISTRITALIZABLE;5.000,00
2020/000050;EQUIPAMIENTO SERVICIOS SECRETARIA GENERAL DEL PLENO;1100;91230;63600;0;INVERSIONES DE CARÁCTER GENERAL;1;SERVICIOS ADMINISTRATIVOS CENTRALES;999;NO DISTRITALIZABLE;220.000,00
2020/000057;EQUIPAMIENTO SERVICIOS GRUPOS POLITICOS;1100;91240;62500;0;INVERSIONES DE CARÁCTER GENERAL;1;SERVICIOS ADMINISTRATIVOS CENTRALES;999;NO DISTRITALIZABLE;10.000,00
2020/000057;EQUIPAMIENTO SERVICIOS GRUPOS POLITICOS;1100;91240;62599;0;INVERSIONES DE CARÁCTER GENERAL;1;SERVICIOS ADMINISTRATIVOS CENTRALES;999;NO DISTRITALIZABLE;5.000,00
2020/000078;SERVICIOS COORDINACIÓN  GENERAL DE LA ALCALDÍA. FURGONETAS;1102;92012;62400;0;INVERSIONES DE CARÁCTER GENERAL;1;SERVICIOS ADMINISTRATIVOS CENTRALES;999;NO DISTRITALIZABLE;80.000,00
2020/000079;SERVICIOS COORDINACIÓN GENERAL DE LA ALCALDIA. MOBILIARIO;1102;92012;62500;0;INVERSIONES DE CARÁCTER GENERAL;1;SERVICIOS ADMINISTRATIVOS CENTRALES;999;NO DISTRITALIZABLE;100.000,00
2020/000081;SERVICIOS COORDINACIÓN GENERAL DE LA ALCALDIA. AUDIOVISUALES;1102;92012;62599;0;INVERSIONES DE CARÁCTER GENERAL;1;SERVICIOS ADMINISTRATIVOS CENTRALES;999;NO DISTRITALIZABLE;135.000,00
2017/000227; SERVICIOS GERENCIA DE LA CIUDAD. INSTALACIONES;1102;92012;63301;0;INVERSIONES DE CARÁCTER GENERAL;1;SERVICIOS ADMINISTRATIVOS CENTRALES;999;NO DISTRITALIZABLE;827
2020/000082;SERVICIOS COORDINACIÓN GENERAL ALCALDIA. INSTALACIONES;1102;92012;63301;0;INVERSIONES DE CARÁCTER GENERAL;1;SERVICIOS ADMINISTRATIVOS CENTRALES;999;NO DISTRITALIZABLE;2.000,00
2020/000075;EQUIPAMIENTO SERVICIOS ÁREA DE GOBIERNO DE VICEALCALDÍA;1110;92010;62500;0;INVERSIONES DE CARÁCTER GENERAL;1;SERVICIOS ADMINISTRATIVOS CENTRALES;999;NO DISTRITALIZABLE;50.000,00
2020/000075;EQUIPAMIENTO SERVICIOS ÁREA DE GOBIERNO DE VICEALCALDÍA;1110;92010;62599;0;INVERSIONES DE CARÁCTER GENERAL;1;SERVICIOS ADMINISTRATIVOS CENTRALES;999;NO DISTRITALIZABLE;5.500,00
2020/000153;LICENCIAS DE PROGRAMAS INFORMÁTICOS PARA EL ÁREA DE GOBIERNO DE VICEALCALDÍA;1110;92010;64100;0;INVERSIONES DE CARÁCTER GENERAL;1;SERVICIOS ADMINISTRATIVOS CENTRALES;999;NO DISTRITALIZABLE;2.000,00
2020/000176;OFICINAS DE ATENCIÓN AL CIUDADANAO LÍNEA MADRID. MOBILIARIO;1111;92501;62500;12;OTROS BIENES PÚBLICOS DE CARÁCTER SOCIAL;0;ATENCIÓN AL CIUDADANO;998;VARIOS DISTRITOS;150.000,00
2020/000174;EQUIPAMIENTO OFICINAS DE ATENCIÓN AL CIUDADANO LÍNEA MADRID;1111;92501;62599;12;OTROS BIENES PÚBLICOS DE CARÁCTER SOCIAL;0;ATENCIÓN AL CIUDADANO;998;VARIOS DISTRITOS;30.000,00
2020/000172;OFICINAS DE ATENCIÓN AL CIUDADANO LÍNEA MADRID. SEÑALIZACIÓN;1111;92501;62901;12;OTROS BIENES PÚBLICOS DE CARÁCTER SOCIAL;0;ATENCIÓN AL CIUDADANO;998;VARIOS DISTRITOS;8.000,00
2020/000176;OFICINAS DE ATENCIÓN AL CIUDADANAO LÍNEA MADRID. MOBILIARIO;1111;92501;63500;12;OTROS BIENES PÚBLICOS DE CARÁCTER SOCIAL;0;ATENCIÓN AL CIUDADANO;998;VARIOS DISTRITOS;75.000,00
2020/000174;EQUIPAMIENTO OFICINAS DE ATENCIÓN AL CIUDADANO LÍNEA MADRID;1111;92501;63599;12;OTROS BIENES PÚBLICOS DE CARÁCTER SOCIAL;0;ATENCIÓN AL CIUDADANO;998;VARIOS DISTRITOS;2.000,00
2020/000172;OFICINAS DE ATENCIÓN AL CIUDADANO LÍNEA MADRID. SEÑALIZACIÓN;1111;92501;63901;12;OTROS BIENES PÚBLICOS DE CARÁCTER SOCIAL;0;ATENCIÓN AL CIUDADANO;998;VARIOS DISTRITOS;18.150,00
2018/000002;EDIFICIOS SERVICIOS BOMBEROS Y CENTRO FORMACIÓN SEGURIDAD Y EMERGENCIAS. OBRAS DE REFORMA;1120;13000;63200;1;PROTECCIÓN CIVIL Y SEGURIDAD CIUDADANA;1;BOMBEROS;998;VARIOS DISTRITOS;2.476.620,00
2020/000190;EDIFICIOS SERVICIOS POLICÍA MUNICIPAL Y SAMUR. OBRAS DE REFORMA.;1120;13000;63200;1;PROTECCIÓN CIVIL Y SEGURIDAD CIUDADANA;2;SAMUR - PROTECCIÓN CIVIL;998;VARIOS DISTRITOS;306.857,00
2020/000301;PARQUE DE BOMBEROS Nº 5. INSTALACIÓN DE CAMPA PROVISIONAL;1120;13000;63200;1;PROTECCIÓN CIVIL Y SEGURIDAD CIUDADANA;1;BOMBEROS;212;USERA;500.000,00
2020/000303;CENTRO INTEGRADO DE SEGURIDAD Y EMERGENCIAS. ADECUACIÓN SUELO VINÍLICO;1120;13000;63200;1;PROTECCIÓN CIVIL Y SEGURIDAD CIUDADANA;0;POLICIA MUNICIPAL;209;MONCLOA-ARAVACA;30.000,00
2020/000312;CENTRO INTEGRADO DE FORMACIÓN DE SEGURIDAD Y EMERGENCIAS. INSTALACIONES TÉCNICAS;1120;13001;62301;1;PROTECCIÓN CIVIL Y SEGURIDAD CIUDADANA;0;POLICIA MUNICIPAL;998;VARIOS DISTRITOS;19.000,00
2020/000313;EQUIPAMIENTO CENTRO INTEGRADO DE FORMACIÓN DE SEGURIDAD Y EMERGENCIAS;1120;13001;62500;1;PROTECCIÓN CIVIL Y SEGURIDAD CIUDADANA;0;POLICIA MUNICIPAL;998;VARIOS DISTRITOS;1.000,00
2020/000313;EQUIPAMIENTO CENTRO INTEGRADO DE FORMACIÓN DE SEGURIDAD Y EMERGENCIAS;1120;13001;62599;1;PROTECCIÓN CIVIL Y SEGURIDAD CIUDADANA;0;POLICIA MUNICIPAL;998;VARIOS DISTRITOS;43.000,00
2020/000314;CENTRO INTEGRADO DE FORMACIÓN DE SEGURIDAD Y EMERGENCIAS. EQUIPOS DE COMUNICACIÓN;1120;13001;63600;1;PROTECCIÓN CIVIL Y SEGURIDAD CIUDADANA;0;POLICIA MUNICIPAL;998;VARIOS DISTRITOS;9.000,00
2020/000299;SERVICIOS POLICÍA MUNICIPAL. DISPOSITIVOS MÓVILES SISTEMA INFORMACIÓN MOVIPOL;1120;13201;62601;1;PROTECCIÓN CIVIL Y SEGURIDAD CIUDADANA;0;POLICIA MUNICIPAL;998;VARIOS DISTRITOS;600.000,00
2020/000302;CENTRO INTEGRADO DE SEGURIDAD Y EMERGENCIAS (CISEM). PANTALLAS PARA OPERADORES;1120;13201;62601;1;PROTECCIÓN CIVIL Y SEGURIDAD CIUDADANA;0;POLICIA MUNICIPAL;998;VARIOS DISTRITOS;40.000,00
2020/000298;SERVICIOS POLICÍA MUNICIPAL. DISPOSITIVOS ELECTRÓNICOS DE CONTROL;1120;13201;62999;1;PROTECCIÓN CIVIL Y SEGURIDAD CIUDADANA;0;POLICIA MUNICIPAL;998;VARIOS DISTRITOS;600.000,00
2020/000300;SERVICIOS POLICÍA MUNICIPAL. ADQUISICIÓN DE DRONES;1120;13201;62999;1;PROTECCIÓN CIVIL Y SEGURIDAD CIUDADANA;0;POLICIA MUNICIPAL;998;VARIOS DISTRITOS;550.000,00
2020/000310;SERVICIOS SAMUR-PROTECCIÓN CIVIL. EQUIPOS DE COMUNICACIÓN;1120;13510;62600;1;PROTECCIÓN CIVIL Y SEGURIDAD CIUDADANA;2;SAMUR - PROTECCIÓN CIVIL;998;VARIOS DISTRITOS;150.000,00
2018/006618;HISTORIA CLÍNICA ELECTRÓNICA PROCESO ASISTENCIAL SAMUR;1120;13510;64100;1;PROTECCIÓN CIVIL Y SEGURIDAD CIUDADANA;2;SAMUR - PROTECCIÓN CIVIL;998;VARIOS DISTRITOS;284.500,00
2020/000311;CENTRO INTEGRADO DE SEGURIDAD Y EMERGENCIAS (CISEM). INSTALACIONES TÉCNICAS;1120;13610;62301;1;PROTECCIÓN CIVIL Y SEGURIDAD CIUDADANA;1;BOMBEROS;998;VARIOS DISTRITOS;150.000,00
2020/000311;CENTRO INTEGRADO DE SEGURIDAD Y EMERGENCIAS (CISEM). INSTALACIONES TÉCNICAS;1120;13610;63301;1;PROTECCIÓN CIVIL Y SEGURIDAD CIUDADANA;1;BOMBEROS;998;VARIOS DISTRITOS;541.250,00
2017/000107;APLICACIÓN INFORMÁTICA PARA LOS SERVICIOS DE BOMBEROS;1120;13610;64100;1;PROTECCIÓN CIVIL Y SEGURIDAD CIUDADANA;1;BOMBEROS;998;VARIOS DISTRITOS;42.701,00
2020/000002;SERVICIOS COMUNICACIÓN ÁREA PORTAVOZ, SEGURIDAD Y EMERGENCIAS. ÚTILES Y HERRAMIENTAS;1120;92202;62302;0;INVERSIONES DE CARÁCTER GENERAL;1;SERVICIOS ADMINISTRATIVOS CENTRALES;999;NO DISTRITALIZABLE;20.000,00
2020/000003;EQUIPAMIENTO SERVICIOS COMUNICACIÓN, ÁREA PORTAVOZ, SEGURIDAD Y EMERGENCIAS;1120;92202;62500;0;INVERSIONES DE CARÁCTER GENERAL;1;SERVICIOS ADMINISTRATIVOS CENTRALES;999;NO DISTRITALIZABLE;10.000,00
2020/000003;EQUIPAMIENTO SERVICIOS COMUNICACIÓN, ÁREA PORTAVOZ, SEGURIDAD Y EMERGENCIAS;1120;92202;62599;0;INVERSIONES DE CARÁCTER GENERAL;1;SERVICIOS ADMINISTRATIVOS CENTRALES;999;NO DISTRITALIZABLE;1.000,00
2020/000027;SERVICIOS COMUNICACIÓN ÁREA PORTAVOZ, SEGURIDAD Y EMERGENCIAS. MATERIAL INFORMÁTICO;1120;92202;62601;0;INVERSIONES DE CARÁCTER GENERAL;1;SERVICIOS ADMINISTRATIVOS CENTRALES;999;NO DISTRITALIZABLE;6.000,00
2020/000092;SERVICIOS ADMINISTRATIVOS DE CULTURA, TURISMO Y DEPORTE. INSTALACIONES TÉCNICAS;1130;33000;62301;0;INVERSIONES DE CARÁCTER GENERAL;1;SERVICIOS ADMINISTRATIVOS CENTRALES;999;NO DISTRITALIZABLE;34.040,00
2020/000090;EQUIPAMIENTO SERVICIOS ADMINISTRATIVOS CULTURA, TURISMO Y DEPORTE;1130;33000;62500;0;INVERSIONES DE CARÁCTER GENERAL;1;SERVICIOS ADMINISTRATIVOS CENTRALES;999;NO DISTRITALIZABLE;5.000,00
2020/000090;EQUIPAMIENTO SERVICIOS ADMINISTRATIVOS CULTURA, TURISMO Y DEPORTE;1130;33000;62599;0;INVERSIONES DE CARÁCTER GENERAL;1;SERVICIOS ADMINISTRATIVOS CENTRALES;999;NO DISTRITALIZABLE;4.000,00
2020/000085;SERVICIOS ADMINISTRATIVOS CULTURA, TURISMO Y DEPORTE. SEÑALIZACIÓN;1130;33000;62901;0;INVERSIONES DE CARÁCTER GENERAL;1;SERVICIOS ADMINISTRATIVOS CENTRALES;999;NO DISTRITALIZABLE;4.000,00
2020/000086;SEÑALIZACIÓN DE BIBLIOTECAS PÚBLICAS MUNICIPALES;1130;33210;62901;10;CULTURA;0;BIBLIOTECAS Y PATRIMONIO BIBLIOGRÁFICO;998;VARIOS DISTRITOS;18.000,00
2020/000083;UNIDAD TÉCNICA DE BIBLIOTECAS. ADQUISICIÓN DE LIBROS;1130;33210;62999;10;CULTURA;0;BIBLIOTECAS Y PATRIMONIO BIBLIOGRÁFICO;998;VARIOS DISTRITOS;270.000,00
2020/000084;UNIDAD TÉCNICA DE BIBLIOTECAS. ADQUISICIÓN DE MATERIAL MULTIMEDIA Y AUDIOVISUAL;1130;33210;62999;10;CULTURA;0;BIBLIOTECAS Y PATRIMONIO BIBLIOGRÁFICO;998;VARIOS DISTRITOS;56.955,00
2019/000536;SISTEMA DE ALMACENAMIENTO ESPECÍFICO PARA LA BIBLIOTECA DIGITAL;1130;33210;63601;10;CULTURA;0;BIBLIOTECAS Y PATRIMONIO BIBLIOGRÁFICO;998;VARIOS DISTRITOS;30.000,00
2020/000087;EQUIPAMIENTO ARCHIVO DE VILLA;1130;33220;62599;10;CULTURA;1;ARCHIVOS Y PATRIMONIO DOCUMENTAL;201;CENTRO;18.000,00
2020/000087;EQUIPAMIENTO ARCHIVO DE VILLA;1130;33220;63599;10;CULTURA;1;ARCHIVOS Y PATRIMONIO DOCUMENTAL;201;CENTRO;72.909,00
2020/000087;EQUIPAMIENTO ARCHIVO DE VILLA;1130;33220;63601;10;CULTURA;1;ARCHIVOS Y PATRIMONIO DOCUMENTAL;201;CENTRO;15.500,00
2019/000192;MUSEOGRAFÍA TEMPLO DE DEBOD: RENOVACIÓN INTEGRAL;1130;33301;63999;10;CULTURA;2;MUSEOS Y COLECCIONES;209;MONCLOA-ARAVACA;40.500,00
2020/000107;PLACAS PLAN MEMORIA DE MADRID;1130;33401;60900;10;CULTURA;5;PROMOCIÓN DE LA CULTURA;998;VARIOS DISTRITOS;7.100,00
2020/000113;RESTAURACIÓN DEL BELÉN DEL AYUNTAMIENTO DE MADRID;1130;33401;63900;10;CULTURA;5;PROMOCIÓN DE LA CULTURA;203;RETIRO;3.000,00
2020/000106;ADQUISICIÓN DE INSTRUMENTOS MUSICALES PARA LA BANDA SINFÓNICA MUNICIPAL;1130;33405;62999;10;CULTURA;5;PROMOCIÓN DE LA CULTURA;998;VARIOS DISTRITOS;25.000,00
2020/000110;ADQUISICIÓN DE PARTITURAS PARA LA BANDA SINFONICA MUNICIPAL;1130;33405;64001;10;CULTURA;5;PROMOCIÓN DE LA CULTURA;998;VARIOS DISTRITOS;5.000,00
2018/005292;MONUMENTO A LAS VÍCTIMAS DEL YAK-42;1130;33601;60900;10;CULTURA;6;ESTATUAS Y MONUMENTOS;209;MONCLOA-ARAVACA;50.091,00
2020/000032;MONUMENTO VÍCTIMAS DEL TERRORISMO;1130;33601;60900;10;CULTURA;6;ESTATUAS Y MONUMENTOS;204;SALAMANCA;300.000,00
2020/000035;INSTALACIÓN ARTÍSTICA DE PEDESTAL DE LA PLAZA DE COLÓN;1130;33601;60900;10;CULTURA;6;ESTATUAS Y MONUMENTOS;204;SALAMANCA;30.000,00
2020/000038;INTERVENCIÓN ARTISTICA EN LA PLAZA DE ESPAÑA;1130;33601;60900;10;CULTURA;5;PROMOCIÓN DE LA CULTURA;209;MONCLOA-ARAVACA;30.000,00
2018/005261;ERMITA DE SAN ROQUE.RESTAURACION;1130;33601;61900;10;CULTURA;6;ESTATUAS Y MONUMENTOS;208;FUENCARRAL-EL PARDO;45.735,00
2018/005285;MONUMENTO A LAS VÍCTIMAS DEL 11-M DE ATOCHA. REFORMA;1130;33601;61900;10;CULTURA;6;ESTATUAS Y MONUMENTOS;203;RETIRO;261.182,00
2020/000045;REHABILITACIÓN PATRIMONIO HISTÓRICO. ESTATUAS Y MONUMENTOS;1130;33601;61900;10;CULTURA;6;ESTATUAS Y MONUMENTOS;998;VARIOS DISTRITOS;29.293,00
2009/000430;BIBLIOTECA MUNICIPAL EN BARRIO DE SAN FERMÍN. CONSTRUCCIÓN;1130;33601;62200;10;CULTURA;0;BIBLIOTECAS Y PATRIMONIO BIBLIOGRÁFICO;212;USERA;1.785.000,00
2016/000295;"PALACIO ""EL CAPRICHO"". REHABILITACIÓN PARA DESARROLLO MUSEOGRÁFICO";1130;33601;63200;10;CULTURA;2;MUSEOS Y COLECCIONES;221;BARAJAS;85.000,00
2016/000575;BIBLIOTECA PÚBLICA JOSÉ SARAMAGO. OBRAS DE REHABILITACIÓN Y REPARACIÓN;1130;33601;63200;10;CULTURA;0;BIBLIOTECAS Y PATRIMONIO BIBLIOGRÁFICO;208;FUENCARRAL-EL PARDO;3.107,00
2018/000484;FRONTÓN BETI JAI. REHABILITACIÓN;1130;33601;63200;11;DEPORTES, JUVENTUD  Y ESPARCIMIENTO;1;POLIDEPORTIVOS;207;CHAMBERI;443.667,00
2018/006051;"PALACIO ""EL CAPRICHO"". REHABILITACIÓN PARA DESARROLLO MUSEOGRÁFICO";1130;33601;63200;10;CULTURA;2;MUSEOS Y COLECCIONES;221;BARAJAS;994.000,00
2019/000525;BIBLIOTECA PÚBLICA ÁNGEL GONZÁLEZ. ADECUACIÓN SISTEMA CLIMATIZACIÓN;1130;33601;63200;10;CULTURA;0;BIBLIOTECAS Y PATRIMONIO BIBLIOGRÁFICO;210;LATINA;15.000,00
2019/000526;BIBLIOTECA PÚBLICA ANA MARÍA MATUTE. ADECUACIÓN SISTEMA CLIMATIZACIÓN;1130;33601;63200;10;CULTURA;0;BIBLIOTECAS Y PATRIMONIO BIBLIOGRÁFICO;211;CARABANCHEL;15.000,00
2018/000343;PABELLÓN DE BANCADAS DE LA CASA DE CAMPO. REHABILITACIÓN;1130;33601;63900;10;CULTURA;4;OTROS CENTROS PARA MANIFESTACIONES CULTURALES;209;MONCLOA-ARAVACA;141.570,00
2019/000524;IMPRENTA MUNICIPAL-ARTES DEL LIBRO. ADECUACIÓN SISTEMA CLIMATIZACIÓN;1130;33601;63900;10;CULTURA;2;MUSEOS Y COLECCIONES;201;CENTRO;174.942,00
2019/000527;MUSEO DE SAN ISIDRO. OBRAS ADECUACIÓN PARA SOSTENIBILIDAD;1130;33601;63900;10;CULTURA;2;MUSEOS Y COLECCIONES;201;CENTRO;250.000,00
2019/000528;MUSEO DE HISTORIA DE MADRID. ADECUACIÓN SISTEMA CLIMATIZACIÓN;1130;33601;63900;10;CULTURA;2;MUSEOS Y COLECCIONES;201;CENTRO;15.000,00
2019/000530;BIBLIOTECA PÚBLICA IVÁN DE VARGAS. ADECUACIÓN SISTEMA CLIMATIZACIÓN;1130;33601;63900;10;CULTURA;0;BIBLIOTECAS Y PATRIMONIO BIBLIOGRÁFICO;201;CENTRO;15.000,00
2019/000531;CUARTEL CONDE DUQUE. ADECUACIÓN PROTECCIÓN CONTRA INCENDIOS;1130;33601;63900;10;CULTURA;4;OTROS CENTROS PARA MANIFESTACIONES CULTURALES;201;CENTRO;110.000,00
2019/000532;CUARTEL CONDE DUQUE. ADECUACIÓN INSTALACIÓN ELÉCTRICA E ILUMINACIÓN;1130;33601;63900;10;CULTURA;4;OTROS CENTROS PARA MANIFESTACIONES CULTURALES;201;CENTRO;145.000,00
2019/000556;MUSEO DE ARTE CONTEMPORÁNEO. OBRAS DE ACONDICIONAMIENTO;1130;33601;63900;10;CULTURA;2;MUSEOS Y COLECCIONES;201;CENTRO;50.000,00
2019/000708;CUARTEL CONDE DUQUE. MONITORIZACIÓN DE CLIMATIZACIÓN;1130;33601;63900;10;CULTURA;4;OTROS CENTROS PARA MANIFESTACIONES CULTURALES;201;CENTRO;250.000,00
2020/000039;REHABILITACIÓN PATRIMONIO HISTORICO. EDIFICIOS;1130;33601;63900;10;CULTURA;4;OTROS CENTROS PARA MANIFESTACIONES CULTURALES;998;VARIOS DISTRITOS;65.711,00
2020/000043;CASA DE VARGAS. REHABILITACIÓN CASA-PALACIO Y JARDÍN DE FELIPE II;1130;33601;63900;10;CULTURA;4;OTROS CENTROS PARA MANIFESTACIONES CULTURALES;209;MONCLOA-ARAVACA;200.000,00
2020/000011;NUEVA SEDE DIRECCIÓN GENERAL DE DEPORTE. MOBILIARIO;1131;34102;62500;0;INVERSIONES DE CARÁCTER GENERAL;1;SERVICIOS ADMINISTRATIVOS CENTRALES;999;NO DISTRITALIZABLE;41.800,00
2020/000030;NUEVA SEDE DE LA DIRECCIÓN GENERAL DE DEPORTE. SEÑALIZACIÓN;1131;34102;62901;0;INVERSIONES DE CARÁCTER GENERAL;1;SERVICIOS ADMINISTRATIVOS CENTRALES;999;NO DISTRITALIZABLE;18.000,00
2020/000056;EQUIPAMIENTO ESTADIO DE ATLETISMO VALLEHERMOSO;1131;34201;62599;11;DEPORTES, JUVENTUD  Y ESPARCIMIENTO;1;POLIDEPORTIVOS;207;CHAMBERI;3.300,00
2020/000053;ESTADIO DE ATLETISMO VALLEHERMOSO. SEÑALIZACIÓN;1131;34201;62901;11;DEPORTES, JUVENTUD  Y ESPARCIMIENTO;1;POLIDEPORTIVOS;207;CHAMBERI;17.000,00
2020/000205;EQUIPAMIENTO SERVICIOS ADMINISTRATIVOS ÁREA ECONOMÍA, INNOVACIÓN Y EMPLEO;1140;43300;62500;0;INVERSIONES DE CARÁCTER GENERAL;1;SERVICIOS ADMINISTRATIVOS CENTRALES;999;NO DISTRITALIZABLE;35.000,00
2019/000020;FACTORÍAS INDUSTRIALES. INSTALACIONES;1140;43301;62301;14;SECTORES PRODUCTIVOS;1;PROMOCIÓN ECONÓMICA;998;VARIOS DISTRITOS;26.000,00
2019/000021;EQUIPAMIENTO FACTORÍAS INDUSTRIALES;1140;43301;62500;14;SECTORES PRODUCTIVOS;1;PROMOCIÓN ECONÓMICA;998;VARIOS DISTRITOS;82.000,00
2019/000021;EQUIPAMIENTO FACTORÍAS INDUSTRIALES;1140;43301;62599;14;SECTORES PRODUCTIVOS;1;PROMOCIÓN ECONÓMICA;998;VARIOS DISTRITOS;5.500,00
2019/000020;FACTORÍAS INDUSTRIALES. INSTALACIONES;1140;43301;63301;14;SECTORES PRODUCTIVOS;1;PROMOCIÓN ECONÓMICA;998;VARIOS DISTRITOS;3.000,00
2018/005023;EQUIPOS AUDIOVISUALES DE LA NAVE. INSTALACIÓN;1141;46300;62301;13;OTROS BIENES PÚBLICOS DE CARÁCTER ECONÓMICO;3;INVESTIGACIÓN, INNOVACIÓN Y DESARROLLO;217;VILLAVERDE;530.366,00
2018/005014;COMPRA PÚBLICA DE INNOVACIÓN. MEDICIÓN EMISIONES GASEOSAS DE VALDEMINGÓMEZ;1141;46300;64099;13;OTROS BIENES PÚBLICOS DE CARÁCTER ECONÓMICO;3;INVESTIGACIÓN, INNOVACIÓN Y DESARROLLO;218;VILLA DE VALLECAS;104.175,00
2018/005015;COMPRA PÚBLICA DE INNOVACIÓN. MEDICIÓN DE NANOPARTÍCULAS;1141;46300;64099;13;OTROS BIENES PÚBLICOS DE CARÁCTER ECONÓMICO;3;INVESTIGACIÓN, INNOVACIÓN Y DESARROLLO;998;VARIOS DISTRITOS;347.239,00
2018/005016;COMPRA PÚBLICA DE INNOVACIÓN. DETECCIÓN REMOTA VEHÍCULOS ALTAMENTE CONTAMINANTES;1141;46300;64099;13;OTROS BIENES PÚBLICOS DE CARÁCTER ECONÓMICO;3;INVESTIGACIÓN, INNOVACIÓN Y DESARROLLO;998;VARIOS DISTRITOS;939.644,00
2018/005018;COMPRA PÚBLICA DE INNOVACIÓN. CARRO DE LIMPIEZA CON ASISTENCIA ELÉCTRICA;1141;46300;64099;13;OTROS BIENES PÚBLICOS DE CARÁCTER ECONÓMICO;3;INVESTIGACIÓN, INNOVACIÓN Y DESARROLLO;998;VARIOS DISTRITOS;498.080,00
2018/005019;COMPRA PÚBLICA DE INNOVACIÓN. SENSORES EN PAPELERAS PARA OPTIMIZAR RECOGIDA DE RESIDUOS;1141;46300;64099;13;OTROS BIENES PÚBLICOS DE CARÁCTER ECONÓMICO;3;INVESTIGACIÓN, INNOVACIÓN Y DESARROLLO;998;VARIOS DISTRITOS;349.725,00
2018/005022;COMPRA PÚBLICA DE INNOVACION.CARGA VEHÍCULOS ELÉCTRICOS EN LA NAVE CON ENERGÍAS RENOVABLES;1141;46300;64099;13;OTROS BIENES PÚBLICOS DE CARÁCTER ECONÓMICO;3;INVESTIGACIÓN, INNOVACIÓN Y DESARROLLO;217;VILLAVERDE;664.699,00
2018/008211;SEÑALIZACIÓN VIARIO EN CALLES CON POCA VISIBILIDAD DISTRITO DE SAN BLAS-CANILLEJAS (ID: 633);1150;13301;60912;2;TRÁFICO, ESTACIONAMIENTO Y TRANSPORTE PÚBLICO;0;TRÁFICO Y SEÑALIZACIÓN;220;SAN BLAS;18.000,00
2017/000542;AVISADORES ACÚSTICOS SEMAFOROS;1150;13301;62300;2;TRÁFICO, ESTACIONAMIENTO Y TRANSPORTE PÚBLICO;0;TRÁFICO Y SEÑALIZACIÓN;998;VARIOS DISTRITOS;404.628,00
2019/000347;ASDQUISICIÓN DE BICICLETAS Y SU EQUIPO PARA LOS SERVICIOS DE MOVILIDAD;1150;13301;62400;2;TRÁFICO, ESTACIONAMIENTO Y TRANSPORTE PÚBLICO;0;TRÁFICO Y SEÑALIZACIÓN;998;VARIOS DISTRITOS;5.000,00
2020/000140;SERVICIOS AGENTES DE MOVILIDAD. MOBILIARIO SALÓN DE ACTOS;1150;13301;62500;0;INVERSIONES DE CARÁCTER GENERAL;1;SERVICIOS ADMINISTRATIVOS CENTRALES;999;NO DISTRITALIZABLE;70.000,00
2019/000348;PROYECTO CRUCES SEMAFORIZADOS;1150;13301;62799;2;TRÁFICO, ESTACIONAMIENTO Y TRANSPORTE PÚBLICO;0;TRÁFICO Y SEÑALIZACIÓN;998;VARIOS DISTRITOS;1.168.000,00
2019/000349;PANELES MENSAJES VARIABLES INTEGRADOS SERVICIOS DE TRÁFICO;1150;13301;62799;2;TRÁFICO, ESTACIONAMIENTO Y TRANSPORTE PÚBLICO;0;TRÁFICO Y SEÑALIZACIÓN;998;VARIOS DISTRITOS;348.000,00
2019/003340;NUEVOS DISPOSITIVOS FOTOROJO SERVICIOS DE TRÁFICO;1150;13301;62799;2;TRÁFICO, ESTACIONAMIENTO Y TRANSPORTE PÚBLICO;0;TRÁFICO Y SEÑALIZACIÓN;998;VARIOS DISTRITOS;125.000,00
2019/009186;SEMÁFOROS CON PRIORIDAD DE AUTOBÚS. INSTALACIÓN (ID: 12122);1150;13301;62799;2;TRÁFICO, ESTACIONAMIENTO Y TRANSPORTE PÚBLICO;0;TRÁFICO Y SEÑALIZACIÓN;998;VARIOS DISTRITOS;100.000,00
2020/000143;INSTALACIÓN DE LECTORES DE MATRÍCULA;1150;13301;62799;2;TRÁFICO, ESTACIONAMIENTO Y TRANSPORTE PÚBLICO;0;TRÁFICO Y SEÑALIZACIÓN;998;VARIOS DISTRITOS;250.000,00
2020/000160;EDIFICIO SILO AGENTES DE MOVILIDAD. OBRAS ADECUACIÓN DE SEGURIDAD;1150;13301;63200;0;INVERSIONES DE CARÁCTER GENERAL;1;SERVICIOS ADMINISTRATIVOS CENTRALES;209;MONCLOA-ARAVACA;50.000,00
2019/000351;ADQUISICIÓN DE MOTOS PARA LOS AGENTES DE MOVILIDAD;1150;13301;63400;2;TRÁFICO, ESTACIONAMIENTO Y TRANSPORTE PÚBLICO;0;TRÁFICO Y SEÑALIZACIÓN;998;VARIOS DISTRITOS;270.000,00
2020/000178;SERVICIOS DE TRÁFICO, AGENTES DE MOVILIDAD. MOBILIARIO;1150;13301;63500;0;INVERSIONES DE CARÁCTER GENERAL;1;SERVICIOS ADMINISTRATIVOS CENTRALES;999;NO DISTRITALIZABLE;95.000,00
2020/000042;EQUIPOS DE COMUNICACIÓN PARA LOS AGENTES DE MOVILIDAD;1150;13301;63600;2;TRÁFICO, ESTACIONAMIENTO Y TRANSPORTE PÚBLICO;0;TRÁFICO Y SEÑALIZACIÓN;998;VARIOS DISTRITOS;18.000,00
2020/000044;APARCAMIENTO DISUASORIO EN SUPERFICIE PITIS. CONSTRUCCIÓN;1150;13302;60999;7;INFRAESTRUCTURAS;2;CONSTRUCCIÓN Y/O ADQUISICIÓN DE APARCAMIENTOS;208;FUENCARRAL-EL PARDO;2.273.825,00
2020/000209;OBRAS DE CONSTRUCCIÓN DE APARCAMIENTOS DISUASORIOS;1150;13302;60999;7;INFRAESTRUCTURAS;2;CONSTRUCCIÓN Y/O ADQUISICIÓN DE APARCAMIENTOS;998;VARIOS DISTRITOS;11.717.900,00
2020/000289;APARCAMIENTO DISUASORIO EN SUPERFICIE FUENTE DE LA MORA. CONSTRUCCIÓN;1150;13302;60999;7;INFRAESTRUCTURAS;2;CONSTRUCCIÓN Y/O ADQUISICIÓN DE APARCAMIENTOS;216;HORTALEZA;1.440.429,00
2017/001449;APARCAMIENTO SUBTERRÁNEO CAMINO DE VALDERRIBAS, PUENTE DE VALLECAS. CONSTRUCCIÓN;1150;13302;62200;7;INFRAESTRUCTURAS;2;CONSTRUCCIÓN Y/O ADQUISICIÓN DE APARCAMIENTOS;213;PUENTE DE VALLECAS;161.647,00
2020/000207;APARCAMIENTO DISUASORIO EN PASEO ARTILLEROS. CONSTRUCCIÓN;1150;13302;62200;7;INFRAESTRUCTURAS;2;CONSTRUCCIÓN Y/O ADQUISICIÓN DE APARCAMIENTOS;219;VICALVARO;2.179.721,00
2020/000204;SERVICIOS DE GESTIÓN DE APARCAMIENTOS. LINTERNAS, CÁMARAS DE FOTOS Y OTROS ÚTILES;1150;13302;63302;2;TRÁFICO, ESTACIONAMIENTO Y TRANSPORTE PÚBLICO;1;CONSERVACIÓN APARCAMIENTOS;998;VARIOS DISTRITOS;1.800,00
2011/000318;MADRID CALLE 30 S.A. INVERSIONES DE REPOSICIÓN;1150;15323;61901;7;INFRAESTRUCTURAS;1;CIRCUNVALACIÓN M-30;998;VARIOS DISTRITOS;11.130.105,00
2020/000278;OBRAS EJECUCIÓN NUDO NORTE M-30 MADRID;1150;15330;60999;7;INFRAESTRUCTURAS;1;CIRCUNVALACIÓN M-30;998;VARIOS DISTRITOS;3.300.000,00
2020/000280;PLAZA ELÍPTICA. OBRAS MEJORA DE LA MOVILIDAD;1150;15330;60999;7;INFRAESTRUCTURAS;6;OTRAS INVERSIONES EN INFRAESTRUCTURAS URBANAS;998;VARIOS DISTRITOS;100.000,00
2020/000282;OBRAS DE EJECUCIÓN DEL SOTERRAMIENTO DE LA AUTOPISTA A-5 EN MADRID;1150;15330;60999;7;INFRAESTRUCTURAS;6;OTRAS INVERSIONES EN INFRAESTRUCTURAS URBANAS;998;VARIOS DISTRITOS;200.000,00
2020/000284;OBRAS DE APARCAMIENTO Y MEJORA DE LA MOVILIDAD EN MENÉNDEZ PELAYO;1150;15330;62200;7;INFRAESTRUCTURAS;2;CONSTRUCCIÓN Y/O ADQUISICIÓN DE APARCAMIENTOS;203;RETIRO;100.000,00
2020/000286;SERVICIOS INFRAESTRUCTURAS DE MOVILIDAD. LINTERNAS, CÁMARAS FOTOS Y OTROS ÚTILES;1150;15330;62302;7;INFRAESTRUCTURAS;6;OTRAS INVERSIONES EN INFRAESTRUCTURAS URBANAS;998;VARIOS DISTRITOS;1.800,00
2015/000223;TRAMO SUPERIOR ARROYO DE LOS MIGUELES. ACONDICIONAMIENTO;1150;16001;60904;9;MEDIO AMBIENTE;4;INSTALACIONES PARA LA DEPURACIÓN DEL AGUA;219;VICALVARO;1.069.172,00
2016/000919;RENATURALIZACIÓN RÍO MANZANARES ENTRE PUENTE DE LOS FRANCESES Y PUENTE REINA VICTORIA;1150;16001;60904;9;MEDIO AMBIENTE;7;DESARROLLO MEDIO AMBIENTAL, SOSTENIBILIDAD;209;MONCLOA-ARAVACA;44.991,00
2018/005260;ARROYO DE POZUELO. OBRAS DE ACONDICIONAMIENTO;1150;16001;60904;9;MEDIO AMBIENTE;7;DESARROLLO MEDIO AMBIENTAL, SOSTENIBILIDAD;209;MONCLOA-ARAVACA;171.656,00
2020/000162;DIQUE ARROYO MEAQUES. OBRAS DE ACTUACIÓN;1150;16001;60904;9;MEDIO AMBIENTE;7;DESARROLLO MEDIO AMBIENTAL, SOSTENIBILIDAD;209;MONCLOA-ARAVACA;50.000,00
2015/000215;COLECTOR DOBLADO DE VICÁLVARO. CONSTRUCCIÓN;1150;16001;60914;9;MEDIO AMBIENTE;3;ALCANTARILLADO Y COLECTORES;219;VICALVARO;10.095.340,00
2015/000216;DRENAJE VÍA DE SERVICIO DE LA N-III A LA ALTURA DEL ENSANCHE DE VALLECAS;1150;16001;60914;9;MEDIO AMBIENTE;3;ALCANTARILLADO Y COLECTORES;219;VICALVARO;4.569.851,00
2015/000224;AUMENTO DE LA CAPACIDAD DEL DESAGÜE DEL TRAMO INFERIOR ARROYO DE LOS MIGUELES;1150;16001;60914;9;MEDIO AMBIENTE;3;ALCANTARILLADO Y COLECTORES;219;VICALVARO;110.000,00
2019/000356;REDACCIÓN DE PROYECTOS INGENIERÍA DEL AGUA;1150;16001;60914;9;MEDIO AMBIENTE;7;DESARROLLO MEDIO AMBIENTAL, SOSTENIBILIDAD;998;VARIOS DISTRITOS;535.521,00
2019/000666;COLECTOR VICÁLVARO A, SECTOR LOS AHIJONES. CONSTRUCCIÓN;1150;16001;60914;9;MEDIO AMBIENTE;3;ALCANTARILLADO Y COLECTORES;219;VICALVARO;2.487.910,00
2020/000163;PARQUE LINEAL DEL MANZANARES CONCEPCION OLIVA. OBRAS DEL JARDÍN DE LLUVIA;1150;16001;60914;9;MEDIO AMBIENTE;3;ALCANTARILLADO Y COLECTORES;217;VILLAVERDE;60.000,00
2020/000164;COLECTOR LOPEZ DE HOYOS EN PASO INFERIOR ALFONSO XIII. OBRAS DOBLADO;1150;16001;60914;9;MEDIO AMBIENTE;3;ALCANTARILLADO Y COLECTORES;205;CHAMARTIN;330.000,00
2020/000168;REDACCIÓN DE PROYECTOS DE OBRAS INGENIERÍA DEL AGUA;1150;16001;60914;9;MEDIO AMBIENTE;4;INSTALACIONES PARA LA DEPURACIÓN DEL AGUA;998;VARIOS DISTRITOS;789.320,00
2017/000219;HIDRANTES EN LA VÍA PÚBLICA. INSTALACIÓN;1150;16001;60915;8;MANTENIMIENTO URBANO;2;VÍAS PÚBLICAS;998;VARIOS DISTRITOS;80.000,00
2018/005179;REHABILITACIÓN DEL CAJERO DEL RÍO MANZANARES A LA ALTURA DE LA PRESA 4;1150;16001;61999;9;MEDIO AMBIENTE;7;DESARROLLO MEDIO AMBIENTAL, SOSTENIBILIDAD;209;MONCLOA-ARAVACA;170.663,00
2018/005182;CENTRO DE CONTROL DE LA CHINA. INSTALACIÓN SISTEMA SUPERVISIÓN Y VIGILANCIA REMOTA;1150;16001;61999;9;MEDIO AMBIENTE;7;DESARROLLO MEDIO AMBIENTAL, SOSTENIBILIDAD;209;MONCLOA-ARAVACA;44.005,00
2018/005184;REHABILITACIÓN DEL VIAJE DE AGUA DE FUENTE DEL BERRO;1150;16001;61999;9;MEDIO AMBIENTE;7;DESARROLLO MEDIO AMBIENTAL, SOSTENIBILIDAD;204;SALAMANCA;44.043,00
2018/006544;PROLONGACIÓN DE LA RED DE AGUA REGENERADA AL PARQUE FLUVIAL DEL MANZANARES;1150;16001;61999;9;MEDIO AMBIENTE;4;INSTALACIONES PARA LA DEPURACIÓN DEL AGUA;998;VARIOS DISTRITOS;83.720,00
2019/000544;ESTACIÓN REGENERADORA DE AGUAS RESIDUALES DE REJAS. OBRAS ADECUACIÓN Y MEJORA;1150;16001;62700;9;MEDIO AMBIENTE;3;ALCANTARILLADO Y COLECTORES;221;BARAJAS;84.852,00
2019/000545;ESTACIÓN REGENERADORA DE AGUAS RESIDUALES DE VALDEBEBAS. OBRAS DE ADECUACIÓN Y MEJORA;1150;16001;62700;9;MEDIO AMBIENTE;3;ALCANTARILLADO Y COLECTORES;221;BARAJAS;81.331,00
2020/000249;PLATAFORMAS PREFABRICADAS PARA MEJORA DE ACCESIBILIDAD A CONTENEDORES DE RESIDUOS;1150;16210;62999;9;MEDIO AMBIENTE;5;TRATAMIENTO DE RESIDUOS;998;VARIOS DISTRITOS;500.000,00
2019/000217;PARQUE TECNOLÓGICO DE VALDEMINGÓMEZ. SISTEMAS DE DESODORIZACIÓN BIOMETANIZACION;1150;16230;62701;9;MEDIO AMBIENTE;5;TRATAMIENTO DE RESIDUOS;218;VILLA DE VALLECAS;7.514.134,00
2019/000219;PLANTA BIOMETANIZACIÓN LAS DEHESAS . ADAPTACIÓN A RESIDUOS FORS;1150;16230;62701;9;MEDIO AMBIENTE;5;TRATAMIENTO DE RESIDUOS;218;VILLA DE VALLECAS;1.816.838,00
2019/000344;NUEVA PLANTA DE MATERIA ORGÁNICA EN EL PARQUE TECNOLÓGICO DE VALDEMINGÓMEZ;1150;16230;62701;9;MEDIO AMBIENTE;5;TRATAMIENTO DE RESIDUOS;218;VILLA DE VALLECAS;317.250,00
2018/001158;ELEMENTOS DISUASORIOS DE PROTECCIÓN ANTITERRORISTA EN DIVERSAS ZONAS DE MADRID;1150;16301;60913;8;MANTENIMIENTO URBANO;1;MOBILIARIO URBANO;998;VARIOS DISTRITOS;53.512,00
2020/000270;ÁREAS DE JUEGO INFANTIL SINGULARES. INSTALACIÓN;1150;16301;60913;8;MANTENIMIENTO URBANO;1;MOBILIARIO URBANO;998;VARIOS DISTRITOS;750.000,00
2020/000271;ÁREAS DEPORTIVAS ELEMENTALES. INSTALACIÓN;1150;16301;60913;8;MANTENIMIENTO URBANO;1;MOBILIARIO URBANO;998;VARIOS DISTRITOS;2.100.000,00
2020/000272;ÁREAS INFANTILES DETERIORADAS. RENOVACIÓN;1150;16301;61913;8;MANTENIMIENTO URBANO;1;MOBILIARIO URBANO;998;VARIOS DISTRITOS;1.500.000,00
2020/000021;EQUIPAMIENTO SERVICIOS DEL ÁREA DE GOBIERNO DE MEDIO AMBIENTE Y MOVILIDAD;1150;17000;62500;0;INVERSIONES DE CARÁCTER GENERAL;1;SERVICIOS ADMINISTRATIVOS CENTRALES;999;NO DISTRITALIZABLE;10.000,00
2020/000021;EQUIPAMIENTO SERVICIOS DEL ÁREA DE GOBIERNO DE MEDIO AMBIENTE Y MOVILIDAD;1150;17000;62599;0;INVERSIONES DE CARÁCTER GENERAL;1;SERVICIOS ADMINISTRATIVOS CENTRALES;999;NO DISTRITALIZABLE;1.500,00
2017/000696;FUENTES DE AGUA POTABLE EN EL DISTRITO CENTRO. INSTALACIÓN;1150;17101;60916;9;MEDIO AMBIENTE;2;FUENTES Y ESTANQUES;201;CENTRO;862.345,00
2017/007082;FUENTES DE AGUA POTABLE EN EL DISTRITO CENTRO. INSTALACIÓN (ID: 73);1150;17101;60916;9;MEDIO AMBIENTE;2;FUENTES Y ESTANQUES;201;CENTRO;4.405,00
2017/007094;NUEVAS FUENTES EN PARQUES DEL DISTRITO DE MORATALAZ. INSTALACIÓN (ID: 3588);1150;17101;60916;9;MEDIO AMBIENTE;2;FUENTES Y ESTANQUES;214;MORATALAZ;2.360,00
2017/007102;FUENTES DE AGUA POTABLE EN EL DISTRITO DE RETIRO. INSTALACIÓN (ID: 4801);1150;17101;60916;9;MEDIO AMBIENTE;2;FUENTES Y ESTANQUES;203;RETIRO;1.416,00
2017/007303;FUENTES AGUA POTABLE DISTRITO CHAMARTÍN. INSTALACIÓN (ID: 558);1150;17101;60916;9;MEDIO AMBIENTE;2;FUENTES Y ESTANQUES;205;CHAMARTIN;1.888,00
2017/007304;FUENTES DE AGUA PORTABLE EN EL DISTRITO DE LATINA. INSTALACIÓN (ID: 558);1150;17101;60916;9;MEDIO AMBIENTE;2;FUENTES Y ESTANQUES;210;LATINA;1.731,00
2017/007305;FUENTES DE AGUA POTABLE EN EL DISTRITO DE CARABANCHEL. INSTALACIÓN (ID: 558);1150;17101;60916;9;MEDIO AMBIENTE;2;FUENTES Y ESTANQUES;211;CARABANCHEL;1.416,00
2017/007306;FUENTES DE AGUA POTABLE EN EL DISTRITO DE USERA. INSTALACIÓN (ID: 558);1150;17101;60916;9;MEDIO AMBIENTE;2;FUENTES Y ESTANQUES;212;USERA;1.573,00
2017/007307;FUENTES DE AGUA POTABLE EN EL DISTRITO PUENTE DE VALLECAS. INSTALACIÓN (ID: 558);1150;17101;60916;9;MEDIO AMBIENTE;2;FUENTES Y ESTANQUES;213;PUENTE DE VALLECAS;1.731,00
2017/007344;FUENTES DE AGUA POTABLE DISTRITO ARGANZUELA. INSTALACIÓN (ID: 558);1150;17101;60916;9;MEDIO AMBIENTE;2;FUENTES Y ESTANQUES;202;ARGANZUELA;787
2017/007346;FUENTES DE AGUA POTABLE DISTRITO SALAMANCA. INSTALACIÓN (ID: 558);1150;17101;60916;9;MEDIO AMBIENTE;2;FUENTES Y ESTANQUES;204;SALAMANCA;787
2017/007347;FUENTES DE AGUA POTABLE DISTRITO TETUÁN. INSTALACIÓN (ID: 558);1150;17101;60916;9;MEDIO AMBIENTE;2;FUENTES Y ESTANQUES;206;TETUAN;787
2017/007348;FUENTES DE AGUA POTABLE DISTRITO CHAMBERÍ. INSTALACIÓN (ID: 558);1150;17101;60916;9;MEDIO AMBIENTE;2;FUENTES Y ESTANQUES;207;CHAMBERI;787
2017/007349;FUENTES DE AGUA POTABLE DISTRITO FUENCARRAL-EL PARDO. INSTALACIÓN (ID: 558);1150;17101;60916;9;MEDIO AMBIENTE;2;FUENTES Y ESTANQUES;208;FUENCARRAL-EL PARDO;630
2017/007350;FUENTES DE AGUA POTABLE DISTRITO MONCLOA-ARAVACA. INSTALACIÓN (ID: 558);1150;17101;60916;9;MEDIO AMBIENTE;2;FUENTES Y ESTANQUES;209;MONCLOA-ARAVACA;630
2017/007351;FUENTES AGUA POTABLE DISTRITO CIUDAD LINEAL. INSTALACIÓN (ID: 558);1150;17101;60916;9;MEDIO AMBIENTE;2;FUENTES Y ESTANQUES;215;CIUDAD LINEAL;787
2017/007352;FUENTES DE AGUA POTABLE DISTRITO HORTALEZA. INSTALACIÓN (ID: 558);1150;17101;60916;9;MEDIO AMBIENTE;2;FUENTES Y ESTANQUES;216;HORTALEZA;787
2017/007353;FUENTES DE AGUA POTABLE DISTRITO VILLAVERDE. INSTALACIÓN (ID: 558);1150;17101;60916;9;MEDIO AMBIENTE;2;FUENTES Y ESTANQUES;217;VILLAVERDE;787
2017/007354;FUENTES DE AGUA POTABLE DISTRITO VILLA DE VALLECAS. INSTALACIÓN (ID: 558);1150;17101;60916;9;MEDIO AMBIENTE;2;FUENTES Y ESTANQUES;218;VILLA DE VALLECAS;787
2017/007355;FUENTES DE AGUA POTABLE DISTRITO VICÁLVARO. INSTALACIÓN (ID: 558);1150;17101;60916;9;MEDIO AMBIENTE;2;FUENTES Y ESTANQUES;219;VICALVARO;787
2017/007356;FUENTES DE AGUA POTABLE DISTRITO SAN BLAS-CANILLEJAS. INSTALACIÓN (ID: 558);1150;17101;60916;9;MEDIO AMBIENTE;2;FUENTES Y ESTANQUES;220;SAN BLAS - CANILLEJAS;787
2017/007357;FUENTES DE AGUA POTABLE DISTRITO BARAJAS. INSTALACIÓN (ID: 558);1150;17101;60916;9;MEDIO AMBIENTE;2;FUENTES Y ESTANQUES;221;BARAJAS;787
2017/007083;REFORESTACIÓN DIVERSAS ZONAS DE MADRID. REDISTRIBUCIÓN ESPACIOS NATURALES (ID: 84);1150;17101;60921;9;MEDIO AMBIENTE;1;ZONAS AJARDINADAS;998;VARIOS DISTRITOS;59.631,00
2019/000374;ENSANCHE DE VALLECAS. ACONDICIONAMIENTO DE CAMINOS Y ZONAS ESTANCIALES;1150;17101;60921;9;MEDIO AMBIENTE;1;ZONAS AJARDINADAS;218;VILLA DE VALLECAS;536.600,00
2019/000646;REFORESTACIÓN PARAJES MONTECARMELO Y LAS TABLAS. REDISTRIBUCIÓN ESPACIOS NATURALES (2017/ID: 84);1150;17101;60921;9;MEDIO AMBIENTE;1;ZONAS AJARDINADAS;208;FUENCARRAL-EL PARDO;356.700,00
2019/000647;REFORESTACIÓN PARAJES SANCHINARRO. REDISTRIBUCIÓN ESPACIOS NATURALES (2017/ID: 84);1150;17101;60921;9;MEDIO AMBIENTE;1;ZONAS AJARDINADAS;216;HORTALEZA;143.300,00
2020/000169;PARQUE FORESTAL VALDEBEBAS. INSTALACION DE ASEOS PÚBLICOS;1150;17101;60999;9;MEDIO AMBIENTE;0;PARQUES;221;BARAJAS;395.000,00
2015/000213;FINCA DE TORRE ARIAS. REMODELACIÓN DEL ENTORNO;1150;17101;61920;9;MEDIO AMBIENTE;0;PARQUES;220;SAN BLAS - CANILLEJAS;400.000,00
2016/000471;PARQUE LINEAL DEL MANZANARES. DIVERSAS ACTUACIONES DE MEJORA;1150;17101;61920;9;MEDIO AMBIENTE;0;PARQUES;998;VARIOS DISTRITOS;144.795,00
2017/000242;PARQUE CUÑA VERDE O'DONNELL. AMPLIACIÓN;1150;17101;61920;9;MEDIO AMBIENTE;0;PARQUES;214;MORATALAZ;6.387.928,00
2017/000247;PARQUE MADRID RÍO. ACTUACIONES DE REHABILITACIÓN;1150;17101;61920;9;MEDIO AMBIENTE;0;PARQUES;998;VARIOS DISTRITOS;96.622,00
2017/000251;JARDINES DE SABATINI. REMODELACIÓN;1150;17101;61920;9;MEDIO AMBIENTE;0;PARQUES;201;CENTRO;900.000,00
2018/005206;AVENIDA DE LA GAVIA. OBRAS DE RIEGO, AJARDINAMIENTO Y REORDENACIÓN DE ESPACIOS;1150;17101;61920;9;MEDIO AMBIENTE;1;ZONAS AJARDINADAS;218;VILLA DE VALLECAS;250.000,00
2018/005208;LAS REJAS Y TAJAMARES DE ARROYOS ANTEQUINA Y PORTUGUÉS, CASA DE CAMPO. RECUPERACIÓN;1150;17101;61920;9;MEDIO AMBIENTE;0;PARQUES;209;MONCLOA-ARAVACA;430.949,00
2018/005223;PARQUE SIERRA DEL VALLE Y ALEDAÑOS. REHABILITACIÓN Y ORDENACIÓN DE USOS;1150;17101;61920;9;MEDIO AMBIENTE;0;PARQUES;213;PUENTE DE VALLECAS;100.000,00
2018/005224;PARQUE DE VALDEBERNARDO - M-40. REHABILITACIÓN Y ORDENACIÓN DE USOS;1150;17101;61920;9;MEDIO AMBIENTE;0;PARQUES;219;VICALVARO;209.000,00
2018/005233;JARDINES DEL BUEN RETIRO. REHABILITACIÓN INTEGRAL DEL PASEO DE MÉJICO;1150;17101;61920;9;MEDIO AMBIENTE;0;PARQUES;203;RETIRO;1.771.746,00
2018/005236;PARQUE DEL OESTE. ACONDICIONAMIENTO PASEOS PARA MOVILIDAD REDUCIDA EN LA ROSALEDA;1150;17101;61920;9;MEDIO AMBIENTE;0;PARQUES;209;MONCLOA-ARAVACA;22.000,00
2018/005238;VIVERO ESTUFAS DEL RETIRO. MEJORA DE ACCESOS Y ADAPTACIÓN A MOVILIDAD REDUCIDA;1150;17101;61920;9;MEDIO AMBIENTE;0;PARQUES;203;RETIRO;30.000,00
2018/005239;VIVERO ESTUFAS DEL RETIRO. INSTALACIÓN NUEVOS UMBRÁCULOS PARA MEJORA PRODUCCIÓN DE PLANTA;1150;17101;61920;9;MEDIO AMBIENTE;0;PARQUES;203;RETIRO;85.000,00
2019/000332;REDACCIÓN DE PROYECTOS PARQUES (REMODELACIÓN);1150;17101;61920;9;MEDIO AMBIENTE;0;PARQUES;998;VARIOS DISTRITOS;590.432,00
2020/000037;REDACCIÓN DE PROYECTOS DE OBRAS PATRIMONIO VERDE;1150;17101;61920;9;MEDIO AMBIENTE;0;PARQUES;998;VARIOS DISTRITOS;600.000,00
2020/000215;PLAN DIRECTOR DEL ARBOLADO DEL RETIRO;1150;17101;61920;9;MEDIO AMBIENTE;0;PARQUES;203;RETIRO;797.500,00
2020/000218;CASETA 1 DEL PARQUE DEL RETIRO. REMODELACIÓN;1150;17101;61920;9;MEDIO AMBIENTE;0;PARQUES;203;RETIRO;54.982,00
2020/000250;LA FAISANERA. ADECUACIÓN E INSTALACIONES;1150;17101;61920;9;MEDIO AMBIENTE;0;PARQUES;209;MONCLOA-ARAVACA;150.000,00
2020/000254;PLAN INTEGRAL DEL ARBOLADO DE LA CIUDAD DE MADRID Y ZONAS VERDES;1150;17101;61920;9;MEDIO AMBIENTE;0;PARQUES;998;VARIOS DISTRITOS;100.000,00
2018/005204;ZONA VERDE PLAZA PADRE LLANOS. REHABILITACIÓN DE USOS;1150;17101;61921;9;MEDIO AMBIENTE;1;ZONAS AJARDINADAS;213;PUENTE DE VALLECAS;207.000,00
2018/005227;PARQUE LINEAL DEL MANZANARES. EJECUCIÓN DE CANTÓN DE JARDINEROS;1150;17101;62200;9;MEDIO AMBIENTE;0;PARQUES;217;VILLAVERDE;36.000,00
2018/006536;PARQUE MADRID RÍO. INSTALACIÓN ESPACIOS EXPOSITIVOS DE LA NATURALEZA;1150;17101;62999;9;MEDIO AMBIENTE;0;PARQUES;202;ARGANZUELA;24.700,00
2020/000258;ÁREA FORESTAL TRES CANTOS. REPARACIÓN DE EDIFICACIONES;1150;17101;63200;9;MEDIO AMBIENTE;0;PARQUES;999;NO DISTRITALIZABLE;1.000.000,00
2016/000833;PARQUE DE LA GAVIA, DISTRITO VILLA DE VALLECAS. OBRAS DE REHABILITACIÓN;1150;17102;60920;9;MEDIO AMBIENTE;0;PARQUES;218;VILLA DE VALLECAS;8.698.519,00
2018/005221;PARQUE DE LA VICALVARADA. REHABILITACIÓN Y ORDENACIÓN DE USOS;1150;17102;61920;9;MEDIO AMBIENTE;0;PARQUES;219;VICALVARO;90.000,00
2018/005978;PARQUE ENRIQUE TIERNO GALVÁN. RECUPERACIÓN (ID 17: 665);1150;17102;61920;9;MEDIO AMBIENTE;0;PARQUES;202;ARGANZUELA;59.000,00
2018/008081;PARQUE DEL CERRO DEL TÍO PÍO. REMODELACIÓN (ID: 67);1150;17102;61920;9;MEDIO AMBIENTE;0;PARQUES;213;PUENTE DE VALLECAS;188.000,00
2018/005197;ZONA VERDE CAÑADA DEL SANTÍSIMO. REHABILITACIÓN Y ORDENACIÓN DE USOS;1150;17102;61921;9;MEDIO AMBIENTE;1;ZONAS AJARDINADAS;218;VILLA DE VALLECAS;35.000,00
2018/005979;MEJORA ZONAS VERDES Y CREACIÓN ÁREAS CANINAS EN LA CIUDAD DE MADRID (ID 17: 189,3305,4594;1150;17102;61921;9;MEDIO AMBIENTE;1;ZONAS AJARDINADAS;998;VARIOS DISTRITOS;60.000,00
2018/005980;C/ CORAZÓN DE MARÍA CON AV.AMÉRICA, 47. ADECUACIÓN ZONAS VERDES DE OCIO (ID 17: 2962,3221);1150;17102;61921;9;MEDIO AMBIENTE;1;ZONAS AJARDINADAS;205;CHAMARTIN;17.000,00
2018/005981;PLAZA SOBRE APARCAMIENTO RESIDENTES C/ ANTONIO MACHADO. AJARDINAMIENTO (ID 17: 3941);1150;17102;61921;9;MEDIO AMBIENTE;1;ZONAS AJARDINADAS;209;MONCLOA-ARAVACA;32.000,00
2018/005983;PLANTACIONES DE ARBOLADO DISTRITOS DE SAN BLAS-CANILLEJAS Y VICÁLVARO  (ID 17: 472,4019);1150;17102;61921;9;MEDIO AMBIENTE;1;ZONAS AJARDINADAS;998;VARIOS DISTRITOS;11.000,00
2018/005984;MEJORA INFRAESTRUCTURAS ZONAS VERDES DISTRITO SAN BLAS-CANILLEJAS (ID 17: 1804,4147);1150;17102;61921;9;MEDIO AMBIENTE;1;ZONAS AJARDINADAS;220;SAN BLAS - CANILLEJAS;30.000,00
2018/005985;MEJORA ZONAS VERDES USERA Y CREACIÓN ÁREAS CANINAS TETUÁN (ID 17: 4347,4618,4695,3804);1150;17102;61921;9;MEDIO AMBIENTE;1;ZONAS AJARDINADAS;998;VARIOS DISTRITOS;59.000,00
2018/005990;AVENIDA ORCASUR. REMODELACIÓN ZONAS VERDES;1150;17102;61921;9;MEDIO AMBIENTE;1;ZONAS AJARDINADAS;212;USERA;14.000,00
2020/000040;REDACCIÓN DE PROYECTOS DE OBRAS ZONAS VERDES;1150;17102;61921;9;MEDIO AMBIENTE;1;ZONAS AJARDINADAS;998;VARIOS DISTRITOS;297.616,00
2018/006762;ÁREAS INFANTILES DE LA CIUDAD DE MADRID. VALLADO Y CARTELES DE SEÑALIZACIÓN;1150;17103;60913;8;MANTENIMIENTO URBANO;1;MOBILIARIO URBANO;998;VARIOS DISTRITOS;790.421,00
2018/006761;MOBILIARIO URBANO DE LA CIUDAD DE MADRID. ADAPTACIÓN A NORMATIVA DE ACCESIBILIDAD;1150;17103;61913;8;MANTENIMIENTO URBANO;1;MOBILIARIO URBANO;998;VARIOS DISTRITOS;500.571,00
2020/000167;PARADAS DE AUTOBÚS ACCESIBLES EN LA CIUDAD DE MADRID. OBRAS DE ADECUACIÓN;1150;44110;60913;2;TRÁFICO, ESTACIONAMIENTO Y TRANSPORTE PÚBLICO;2;TRANSPORTE PÚBLICO;998;VARIOS DISTRITOS;450.000,00
2018/005991;PARQUE DE PRADOLONGO. REGENERACIÓN;1150;17102;61920;9;MEDIO AMBIENTE;0;PARQUES;212;USERA;55.000,00
2018/005992;PARQUE DE PLATA Y CASTAÑAR. REHABILITACIÓN;1150;17102;61920;9;MEDIO AMBIENTE;0;PARQUES;217;VILLAVERDE;49.000,00
2018/005982;MEJORA INFRAESTRUCTURAS ZONAS VERDES DISTRITOS VICÁLVARO Y MORATALAZ (ID 17: 2285,5152);1150;17102;61921;9;MEDIO AMBIENTE;1;ZONAS AJARDINADAS;998;VARIOS DISTRITOS;39.000,00
2018/005986;C/ JAZMÍN. MEJORAS ZONAS AJARDINADAS ENTORNO URBANO;1150;17102;61921;9;MEDIO AMBIENTE;1;ZONAS AJARDINADAS;215;CIUDAD LINEAL;17.000,00
2018/005987;BARRIO PUEBLO NUEVO. MEJORA ESCENA URBANA Y REHABILITACIÓN ZONAS VERDES;1150;17102;61921;9;MEDIO AMBIENTE;1;ZONAS AJARDINADAS;215;CIUDAD LINEAL;33.000,00
2018/005988;BARRIO LA ELIPA. REHABILITACIÓN ESCENA URBANA Y ZONAS VERDES;1150;17102;61921;9;MEDIO AMBIENTE;1;ZONAS AJARDINADAS;215;CIUDAD LINEAL;15.500,00
2018/005989;C/ PROVENCIO. ACTUACIÓN EN ZONA VERDE CON ZONA INFANTIL Y DE MAYORES;1150;17102;61921;9;MEDIO AMBIENTE;1;ZONAS AJARDINADAS;216;HORTALEZA;60.000,00
2020/000269;SERVICIOS DESARROLLO URBANO. ADQUISICIÓN PRODUCTOS INFORMÁTICOS Y TELECOMUNICACIONES;1160;15000;62601;0;INVERSIONES DE CARÁCTER GENERAL;1;SERVICIOS ADMINISTRATIVOS CENTRALES;999;NO DISTRITALIZABLE;19.000,00
2003/001274;ADQUISICIÓN DE SUELO EN C/SAN CIPRIANO. ZONAS VERDES;1160;15102;60000;6;URBANISMO;0;ADQUISICIÓN SUELO PARA INFRASTRUCTURAS Y USO GENER;219;VICALVARO;400.000,00
2018/000506;ADQUISICIÓN DE SUELO EN C/SARDINETA. VIARIO Y ZONA VERDE;1160;15102;60000;6;URBANISMO;0;ADQUISICIÓN DE SUELO PARA INFRAESTRUCTURAS Y USO G;208;FUENCARRAL-EL PARDO;434.000,00
2018/001109;ADQUISICIÓN SUELO JUNTA COMPENSACIÓN API 08.02 POLÍGONO A DE PEÑAGRANDE;1160;15102;60000;6;URBANISMO;0;ADQUISICIÓN DE SUELO PARA INFRAESTRUCTURAS Y USO G;208;FUENCARRAL-EL PARDO;452.000,00
2018/001151;ADQUISICIÓN SUELO UE 5, APE 20.10 COLONIA FIN DE SEMANA. ZONA VERDE Y VIARIO;1160;15102;60000;6;URBANISMO;0;ADQUISICIÓN DE SUELO PARA INFRAESTRUCTURAS Y USO G;220;SAN BLAS - CANILLEJAS;173.512,00
2018/001164;ADQUISICIÓN DE SUELO P.E. 00.304 NUEVA AVENIDA ALAMEDA DE OSUNA-CIUDAD PEGASO;1160;15102;60000;6;URBANISMO;0;ADQUISICIÓN DE SUELO PARA INFRAESTRUCTURAS Y USO G;998;VARIOS DISTRITOS;1.800.000,00
2020/000223;ADQUISICIÓN DE SUELO CALLE SANTA LEONOR, 9. ZONA VERDE Y VIARIO;1160;15102;60000;6;URBANISMO;0;ADQUISICIÓN DE SUELO PARA INFRAESTRUCTURAS Y USO G;220;SAN BLAS - CANILLEJAS;27.000,00
2020/000227;ADQUISICIÓN SUELO EN PAU OLIVAR DE LA HINOJOSA;1160;15102;60000;6;URBANISMO;0;ADQUISICIÓN DE SUELO PARA INFRAESTRUCTURAS Y USO G;216;HORTALEZA;1.250.000,00
2020/000231;ADQUISICION DE SUELO ZONAS VERDES Y VIARIO;1160;15102;60000;6;URBANISMO;0;ADQUISICIÓN DE SUELO PARA INFRAESTRUCTURAS Y USO G;998;VARIOS DISTRITOS;3.000.000,00
2004/001020;ARROYO DEL FRESNO. JUNTA DE COMPENSACIÓN;1160;15102;60901;6;URBANISMO;2;urbanización suelo a través del sist.compensación;208;FUENCARRAL-EL PARDO;25.000,00
2006/000377;SISTEMAS DE COMPENSACIÓN. PERI 14-06 SANTA LUISA INDUSTRIAL;1160;15102;60901;6;URBANISMO;2;URBANIZACIÓN SUELO A TRAVÉS DEL SIST.COMPENSACIÓN;218;VILLA DE VALLECAS;11.613,00
2009/000488;UZP 2.03 DESARROLLO DEL ESTE LOS AHIJONES. COMPENSACIÓN;1160;15102;60901;6;URBANISMO;2;URBANIZACIÓN SUELO A TRAVÉS DEL SIST.COMPENSACIÓN;219;VICALVARO;718.970,00
2010/000216;ÁREA DE PLANEAMIENTO REMITIDO 08.01 CALLE CANTALEJO. COMPENSACIÓN;1160;15102;60901;6;URBANISMO;2;URBANIZACIÓN SUELO A TRAVÉS DEL SIST.COMPENSACIÓN;208;FUENCARRAL-EL PARDO;61.005,00
2014/000198;JUNTA DE COMPENSACIÓN PLANETARIO MENESES. OBRAS DE URBANIZACIÓN;1160;15102;60901;6;URBANISMO;2;URBANIZACIÓN SUELO A TRAVÉS DEL SIST.COMPENSACIÓN;202;ARGANZUELA;9.000,00
2015/000464;CALLE LENGUAS ESTE. URBANIZACIÓN A TRAVÉS DEL SISTEMA DE COMPENSACIÓN;1160;15102;60901;6;URBANISMO;2;URBANIZACIÓN SUELO A TRAVÉS DEL SIST.COMPENSACIÓN;217;VILLAVERDE;140.000,00
2019/000154;APE 21.07/M IBERICA LINEAS AEREAS DE ESPAÑA. URBANIZACION;1160;15102;60901;6;URBANISMO;2;URBANIZACIÓN SUELO A TRAVÉS DEL SIST.COMPENSACIÓN;221;BARAJAS;190.354,00
2017/000277;ADQUISICION SUELO APR 21.02 BARRIO DEL AEROPUERTO;1160;15102;68100;6;URBANISMO;5;ADQUISICIÓN SUELO PATRIMONIAL;221;BARAJAS;1.820.000,00
2018/000510;ADQUISICIÓN DE SUELO EN C/ RAMÍREZ TOMÉ.;1160;15102;68100;6;URBANISMO;5;ADQUISICIÓN SUELO PATRIMONIAL;213;PUENTE DE VALLECAS;550.000,00
2019/000200;ADQUISICIÓN SUELO APE 21.07/M IBERIA LINEAS AÉREAS DE ESPAÑA;1160;15102;68100;6;URBANISMO;5;ADQUISICIÓN SUELO PATRIMONIAL;221;BARAJAS;31.292,00
2019/000204;ADQUISICIÓN SUELO APR 08.01 CANTALEJO;1160;15102;68100;6;URBANISMO;5;ADQUISICIÓN SUELO PATRIMONIAL;208;FUENCARRAL-EL PARDO;187.255,00
2020/000232;ADQUISICIÓN DE SUELO CALLE SANTA LEONOR, 9;1160;15102;68100;6;URBANISMO;5;ADQUISICIÓN SUELO PATRIMONIAL;220;SAN BLAS - CANILLEJAS;123.000,00
2020/000233;ADQUISICIÓN DE SUELO PATRIMONIAL;1160;15102;68100;6;URBANISMO;5;ADQUISICIÓN SUELO PATRIMONIAL;998;VARIOS DISTRITOS;10.534.939,00
2018/000645;ADOPCIÓN MEDIDAS DE SEGURIDAD EN EDIFICIOS MUNICIPALES;1160;15103;63200;0;INVERSIONES DE CARÁCTER GENERAL;3;EDIFICIOS PARA EL USO GENERAL;998;VARIOS DISTRITOS;2.026.347,00
2020/000307;BOSQUE METROPOLITANO. EJECUCIÓN;1160;15104;60920;9;MEDIO AMBIENTE;0;PARQUES;998;VARIOS DISTRITOS;2.000.000,00
2006/000513;SOPORTES Y DESARROLLOS CARTOGRÁFICOS URBANISMO;1160;15104;62999;0;INVERSIONES DE CARÁCTER GENERAL;1;SERVICIOS ADMINISTRATIVOS CENTRALES;999;NO DISTRITALIZABLE;41.989,00
2018/000644;DERRIBOS EN ÁMBITOS DE EXPROPIACIÓN;1160;15105;60000;6;URBANISMO;0;ADQUISICIÓN DE SUELO PARA INFRAESTRUCTURAS Y USO G;998;VARIOS DISTRITOS;1.100.000,00
2018/000643;URBANIZACIÓN DE SUELO EN EL TÉRMINO MUNICIPAL DE MADRID;1160;15105;60904;6;URBANISMO;1;URBANIZACIÓN SUELO A CARGO DEL AYUNTAMIENTO;998;VARIOS DISTRITOS;2.650.000,00
2018/000642;DERRIBOS EN SUELO PATRIMONIAL;1160;15105;68100;6;URBANISMO;5;ADQUISICIÓN SUELO PATRIMONIAL;998;VARIOS DISTRITOS;1.100.000,00
2020/000155;ADQUISICION DE VEHICULOS ELECTRICOS PARA DEPENDENCIAS MUNICIPALES;1170;92003;62400;0;INVERSIONES DE CARÁCTER GENERAL;1;SERVICIOS ADMINISTRATIVOS CENTRALES;999;NO DISTRITALIZABLE;75.000,00
2020/000234;NUEVO ALMACÉN DE VILLA. INSTALACIONES DE SEGURIDAD;1170;93100;62301;0;INVERSIONES DE CARÁCTER GENERAL;1;SERVICIOS ADMINISTRATIVOS CENTRALES;219;VICALVARO;88.000,00
2020/000235;DETECTOR DE MATRÍCULAS DE GARAJES DE CALLES ALCALÁ 45 Y BARQUILLO 16;1170;93100;62301;0;INVERSIONES DE CARÁCTER GENERAL;1;SERVICIOS ADMINISTRATIVOS CENTRALES;999;NO DISTRITALIZABLE;10.000,00
2020/000236;EQUIPAMIENTO SERVICIOS ADMINISTRATIVOS DEL ÁREA DE HACIENDA Y PERSONAL.;1170;93100;62500;0;INVERSIONES DE CARÁCTER GENERAL;1;SERVICIOS ADMINISTRATIVOS CENTRALES;999;NO DISTRITALIZABLE;18.000,00
2020/000236;EQUIPAMIENTO SERVICIOS ADMINISTRATIVOS DEL ÁREA DE HACIENDA Y PERSONAL.;1170;93100;62599;0;INVERSIONES DE CARÁCTER GENERAL;1;SERVICIOS ADMINISTRATIVOS CENTRALES;999;NO DISTRITALIZABLE;5.000,00
2020/000237;EDIFICIOS ÁREA DE HACIENDA Y PERSONAL. CARTELES PARA FACHADAS;1170;93100;63901;0;INVERSIONES DE CARÁCTER GENERAL;1;SERVICIOS ADMINISTRATIVOS CENTRALES;201;CENTRO;7.000,00
2020/000290;SERVICIOS DE INTERVENCIÓN GENERAL. APLICACIONES INFORMÁTICAS DE CONTROL FINANCIERO;1170;93102;64100;0;INVERSIONES DE CARÁCTER GENERAL;1;SERVICIOS ADMINISTRATIVOS CENTRALES;999;NO DISTRITALIZABLE;350.000,00
2020/000123;EQUIPAMIENTO MOBILIARIO AREA DE GOBIERNO DE FAMILIAS, IGUALDAD Y BIENESTAR SOCIAL;1180;23100;62500;0;INVERSIONES DE CARÁCTER GENERAL;1;SERVICIOS ADMINISTRATIVOS CENTRALES;999;NO DISTRITALIZABLE;25.000,00
2020/000123;EQUIPAMIENTO MOBILIARIO AREA DE GOBIERNO DE FAMILIAS, IGUALDAD Y BIENESTAR SOCIAL;1180;23100;62599;0;INVERSIONES DE CARÁCTER GENERAL;1;SERVICIOS ADMINISTRATIVOS CENTRALES;999;NO DISTRITALIZABLE;4.000,00
2020/000131;SEÑALIZACION EDIFICIOS AREA DE GOBIERNO DE FAMILIA, IGUALDAD Y BIENESTAR SOCIAL;1180;23100;62901;0;INVERSIONES DE CARÁCTER GENERAL;1;SERVICIOS ADMINISTRATIVOS CENTRALES;999;NO DISTRITALIZABLE;10.000,00
2020/000136;INSTALACIONES EDIFICIOS AREA DE GOBIERNO DE FAMILIAS, IGUALDAD Y BIENESTAR SOCIAL;1180;23100;63301;0;INVERSIONES DE CARÁCTER GENERAL;1;SERVICIOS ADMINISTRATIVOS CENTRALES;999;NO DISTRITALIZABLE;242.000,00
2020/000123;EQUIPAMIENTO MOBILIARIO AREA DE GOBIERNO DE FAMILIAS, IGUALDAD Y BIENESTAR SOCIAL;1180;23100;63500;0;INVERSIONES DE CARÁCTER GENERAL;1;SERVICIOS ADMINISTRATIVOS CENTRALES;999;NO DISTRITALIZABLE;5.000,00
2020/000131;SEÑALIZACION EDIFICIOS AREA DE GOBIERNO DE FAMILIA, IGUALDAD Y BIENESTAR SOCIAL;1180;23100;63901;0;INVERSIONES DE CARÁCTER GENERAL;1;SERVICIOS ADMINISTRATIVOS CENTRALES;999;NO DISTRITALIZABLE;6.000,00
2020/000316;ESPACIOS DE IGUALDAD DE LA CIUDAD DE MADRID. ADQUISICIÓN MOBILIARIO DIVERSO;1180;23101;62599;3;PROTECCIÓN Y PROMOCIÓN SOCIAL;4;ATENCIÓN SOCIAL A LA MUJER;998;VARIOS DISTRITOS;141.000,00
2020/000181;EQUIPAMIENTO CENTROS DE DIA Y RESIDENCIAS DE MAYORES;1180;23103;63599;3;PROTECCIÓN Y PROMOCIÓN SOCIAL;0;CENTROS DE DÍA Y RESIDENCIAS DE MAYORES;998;VARIOS DISTRITOS;83.672,00
2018/006044;MOBILIARIO PARA LAS NUEVAS ESCUELAS INFANTILES;1180;32301;62599;5;EDUCACIÓN;1;ESCUELAS INFANTILES;998;VARIOS DISTRITOS;168.136,00
2020/000191;EQUIPAMIENTO ESCUELAS INFANTILES MUNICIPALES;1180;32301;62599;5;EDUCACIÓN;1;ESCUELAS INFANTILES;998;VARIOS DISTRITOS;45.000,00
2020/000194;EQUIPAMIENTO RESIDENCIA INTERNADO SAN ILDEFONSO;1180;32301;62599;5;EDUCACIÓN;5;OTROS CENTROS DE ENSEÑANZA;201;CENTRO;2.000,00
2020/000304;ESCUELA MUNICIPAL DE CERÁMICA. INSTALACIÓN DE TOLDOS;1180;32601;62200;5;EDUCACIÓN;5;OTROS CENTROS DE ENSEÑANZA;209;MONCLOA-ARAVACA;25.000,00
2020/000184;EQUIPAMIENTO ESCUELA MUNICIPAL DE CERÁMICA;1180;32601;62301;5;EDUCACIÓN;5;OTROS CENTROS DE ENSEÑANZA;209;MONCLOA-ARAVACA;6.000,00
2020/000186;EQUIPAMIENTO RESIDENCIA LA PALOMA CERCEDILLA;1180;32601;62302;5;EDUCACIÓN;5;OTROS CENTROS DE ENSEÑANZA;999;NO DISTRITALIZABLE;500
2020/000185;EQUIPAMIENTO ESCUELAS MUNICIPALES DE MÚSICA;1180;32601;62599;5;EDUCACIÓN;3;ESCUELAS DE MÚSICA;998;VARIOS DISTRITOS;80.000,00
2020/000186;EQUIPAMIENTO RESIDENCIA LA PALOMA CERCEDILLA;1180;32601;62599;5;EDUCACIÓN;5;OTROS CENTROS DE ENSEÑANZA;999;NO DISTRITALIZABLE;6.200,00
2020/000184;EQUIPAMIENTO ESCUELA MUNICIPAL DE CERÁMICA;1180;32601;63300;5;EDUCACIÓN;5;OTROS CENTROS DE ENSEÑANZA;209;MONCLOA-ARAVACA;150.000,00
2020/000184;EQUIPAMIENTO ESCUELA MUNICIPAL DE CERÁMICA;1180;32601;63599;5;EDUCACIÓN;5;OTROS CENTROS DE ENSEÑANZA;209;MONCLOA-ARAVACA;15.000,00
2020/000185;EQUIPAMIENTO ESCUELAS MUNICIPALES DE MÚSICA;1180;32601;63599;5;EDUCACIÓN;3;ESCUELAS DE MÚSICA;998;VARIOS DISTRITOS;20.000,00
2020/000195;EQUIPAMIENTO CENTROS JUVENILES;1180;33701;62302;11;DEPORTES, JUVENTUD  Y ESPARCIMIENTO;3;CENTROS JUVENILES;998;VARIOS DISTRITOS;1.000,00
2020/000197;SEÑALIZACION CENTROS JUVENILES;1180;33701;62901;11;DEPORTES, JUVENTUD  Y ESPARCIMIENTO;3;CENTROS JUVENILES;998;VARIOS DISTRITOS;1.500,00
2020/000074;ÁREA DE GOBIERNO DE OBRAS Y EQUPAMIENTOS. MOBILIARIO;1190;15320;62500;0;INVERSIONES DE CARÁCTER GENERAL;1;SERVICIOS ADMINISTRATIVOS CENTRALES;999;NO DISTRITALIZABLE;30.000,00
2020/000115;ÁREA DE GOBIERNO DE OBRAS Y EQUIPAMIENTOS. SEÑALÉTICA;1190;15320;62901;0;INVERSIONES DE CARÁCTER GENERAL;1;SERVICIOS ADMINISTRATIVOS CENTRALES;999;NO DISTRITALIZABLE;18.150,00
2019/000414;BARRIO DEL AEROPUERTO. REURBANIZACIÓN;1190;15321;60904;6;URBANISMO;1;URBANIZACIÓN SUELO A CARGO DEL AYUNTAMIENTO;221;BARAJAS;125.209,00
2015/000226;ANILLO VERDE CICLISTA. OBRAS DE REMODELACIÓN;1190;15321;61904;7;INFRAESTRUCTURAS;6;OTRAS INVERSIONES EN INFRAESTRUCTURAS URBANAS;998;VARIOS DISTRITOS;4.937.196,00
2018/005151;ELIMINACION BARRERAS ARQUITECTÓNICAS DISTRITO PUENTE DE VALLECAS  (ID 17: 4881 );1190;15321;61904;8;MANTENIMIENTO URBANO;2;VÍAS PÚBLICAS;213;PUENTE DE VALLECAS;512.213,00
2018/006532;BARRIOS DE LA CHOPERA Y DELICIAS. MEJORA DE LA URBANIZACIÓN;1190;15321;61904;6;URBANISMO;1;URBANIZACIÓN SUELO A CARGO DEL AYUNTAMIENTO;202;ARGANZUELA;176.199,00
2018/006533;ACERA EN CALLE GREGORIO SÁNCHEZ HERRAEZ, ENTRE CALLE SANTA VIRGILIA Y M-40;1190;15321;61904;6;URBANISMO;1;URBANIZACIÓN SUELO A CARGO DEL AYUNTAMIENTO;215;CIUDAD LINEAL;177.052,00
2017/004127;SANEAMIENTO Y CONSOLIDACIÓN DEL FIRME EN LAS VÍAS PÚBLICAS DEL PAU DE VALLECAS;1190;15321;61910;8;MANTENIMIENTO URBANO;2;VÍAS PÚBLICAS;218;VILLA DE VALLECAS;95.809,00
2017/004587; CALLE HERNÁNDEZ DE COLÓN, 26. ADECUACIÓN ESCALERA Y CONDICIONES DE ACCESIBILIDAD;1190;15321;61910;8;MANTENIMIENTO URBANO;2;VÍAS PÚBLICAS;216;HORTALEZA;4.469,00
2017/004589;CALLE VILLABLANCA. ACCESIBILIDAD ACERAS;1190;15321;61910;8;MANTENIMIENTO URBANO;2;VÍAS PÚBLICAS;219;VICALVARO;4.962,00
2017/004591; VIAL CAMINO ALTO DE SAN ISIDRO. SEGURIDAD Y ACCESIBILIDAD;1190;15321;61910;8;MANTENIMIENTO URBANO;2;VÍAS PÚBLICAS;211;CARABANCHEL;15.949,00
2017/004596; PLAZA PUERTO RUBIO-PEÑA GORBEA. CONEXIÓN;1190;15321;61910;6;URBANISMO;1;URBANIZACIÓN SUELO A CARGO DEL AYUNTAMIENTO;213;PUENTE DE VALLECAS;19.163,00
2018/005133;ADECUACION DE ALCORQUES Y ZONAS PERIMETRALES EN LA CIUDAD DE MADRID;1190;15321;61910;8;MANTENIMIENTO URBANO;2;VÍAS PÚBLICAS;998;VARIOS DISTRITOS;684.508,00
2018/005134;MEJORA DE PAVIMENTACION DE VIARIO PRINCIPAL DE LA CIUDAD DE MADRID;1190;15321;61910;8;MANTENIMIENTO URBANO;2;VÍAS PÚBLICAS;998;VARIOS DISTRITOS;462.006,00
2018/005135;PLAN DE BARRIOS.  CALZADAS;1190;15321;61910;8;MANTENIMIENTO URBANO;2;VÍAS PÚBLICAS;998;VARIOS DISTRITOS;43.840,00
2018/005136;ZONA LAS CAROLINAS, BARRIOS DE ALMENDARALES Y ORCASUR. PAVIMENTACIÓN;1190;15321;61910;8;MANTENIMIENTO URBANO;2;VÍAS PÚBLICAS;212;USERA;211.144,00
2018/005138;CONEXIÓN PEATONAL BARRIO LEGAZPI CON MÉNDEZ ÁLVARO. MEJORA (ID 17: 4885);1190;15321;61910;8;MANTENIMIENTO URBANO;2;VÍAS PÚBLICAS;202;ARGANZUELA;210.392,00
2018/005142;PASEO DE RECOLETOS. REURBANIZACIÓN Y MEJORA DE PAVIMENTOS;1190;15321;61910;8;MANTENIMIENTO URBANO;2;VÍAS PÚBLICAS;998;VARIOS DISTRITOS;463.222,00
2018/005146;DIVERSAS CALLES EN BARRIOS DEL DISTRITO FUENCARRAL-EL PARDO. REURBANIZACIÓN;1190;15321;61910;8;MANTENIMIENTO URBANO;2;VÍAS PÚBLICAS;208;FUENCARRAL-EL PARDO;868.288,00
2018/006029;DIVERSAS CALLES DISTRITO DE TETUÁN. MEJORA CONDICIONES DE ACCESIBILIDAD UNIVERSAL;1190;15321;61910;8;MANTENIMIENTO URBANO;2;VÍAS PÚBLICAS;206;TETUAN;34.569,00
2018/006030;ÁREA VULNERABLE DE MORATALAZ 14.02. RECUALIFICACIÓN DE ESPACIOS PÚBLICOS URBANOS;1190;15321;61910;8;MANTENIMIENTO URBANO;2;VÍAS PÚBLICAS;214;MORATALAZ;76.690,00
2018/006031;MEJORA SEGURIDAD VIAL EN EL PAU DE CARABANCHEL Y SU ENTORNO;1190;15321;61910;8;MANTENIMIENTO URBANO;2;VÍAS PÚBLICAS;211;CARABANCHEL;612.250,00
2018/006525;PAVIMENTO ACERAS EN EL BARRIO DE MORATALAZ. MEJORA (ID 2017: 5724);1190;15321;61910;8;MANTENIMIENTO URBANO;2;VÍAS PÚBLICAS;214;MORATALAZ;460.041,00
2018/006526;PAVIMENTO ACERAS DEL POBLADO DIRIGIDO DE ORCASITAS. MEJORA (ID 2017: 6876);1190;15321;61910;8;MANTENIMIENTO URBANO;2;VÍAS PÚBLICAS;212;USERA;147.823,00
2018/006527;ACERAS Y CALLES DEL DISTRITO DE CARABANCHEL. ACONDICIONAMIENTO (ID 2017: 5556);1190;15321;61910;8;MANTENIMIENTO URBANO;2;VÍAS PÚBLICAS;211;CARABANCHEL;268.160,00
2018/006548;REHABILITACIÓN PAVIMENTO CALZADAS DE DIVERSAS CALLES DE LA CIUDAD DE MADRID;1190;15321;61910;8;MANTENIMIENTO URBANO;2;VÍAS PÚBLICAS;998;VARIOS DISTRITOS;650.813,00
2018/006733;OBRAS DE MEJORA EN ACERAS, PAVIMENTOS Y ALCORQUES. PLANES INTEGRALES DE BARRIO;1190;15321;61910;8;MANTENIMIENTO URBANO;2;VÍAS PÚBLICAS;998;VARIOS DISTRITOS;27.618,00
2018/008128;ACERAS EN EL ENTORNO DE PROSPERIDAD. OBRAS DE MEJORA (ID: 875);1190;15321;61910;8;MANTENIMIENTO URBANO;2;VÍAS PÚBLICAS;205;CHAMARTIN;328.240,00
2018/008289;CALZADAS BARRIO DE ORCASITAS. REHABILITACIÓN (ID: 1480);1190;15321;61910;8;MANTENIMIENTO URBANO;2;VÍAS PÚBLICAS;212;USERA;233.145,00
2019/000396;OBRAS REPARACIÓN CALZADAS. PLANES INTEGRALES DE BARRIO. DISTRITOS DE CENTRO Y TETUÁN;1190;15321;61910;8;MANTENIMIENTO URBANO;2;VÍAS PÚBLICAS;998;VARIOS DISTRITOS;38.563,00
2018/005126;REMODELACION TÚNEL BAJO GRAN VIA VILLAVERDE Y ESTACION CERCANÍAS VILLAVERDE BAJO  (ID 17: 4091 );1190;15321;61911;8;MANTENIMIENTO URBANO;4;CONSERVACIÓN  PASOS A DISTINTO NIVEL;217;VILLAVERDE;369.796,00
2018/005128;CONEXION PEATONAL TUNEL SUR DE LAS TABLAS CON ESTACIÓN DE CERCANÍAS;1190;15321;61911;8;MANTENIMIENTO URBANO;4;CONSERVACIÓN  PASOS A DISTINTO NIVEL;208;FUENCARRAL-EL PARDO;417.996,00
2018/005129;ACONDICIONAMIENTO Y RENOVACIÓN DE TÚNELES Y OBRAS DE PASO EN LA CIUDAD DE MADRID;1190;15321;61911;8;MANTENIMIENTO URBANO;4;CONSERVACIÓN  PASOS A DISTINTO NIVEL;998;VARIOS DISTRITOS;2.211.560,00
2016/000519;APR 13.01 SIERRA TOLEDANA. URBANIZACIÓN;1190;15321;68101;6;URBANISMO;6;URBANIZACIÓN SUELO PATRIMONIAL;213;PUENTE DE VALLECAS;3.565.960,00
2020/000292;CUBRICIÓN DE LA M-30 EN EL ÁMBITO DEL VICENTE CALDERÓN;1190;15340;60999;7;INFRAESTRUCTURAS;1;CIRCUNVALACIÓN M-30;202;ARGANZUELA;750.000,00
2015/000207;PLAZA DE ESPAÑA. OBRAS DE REMODELACIÓN;1190;15340;61904;6;URBANISMO;1;URBANIZACIÓN SUELO A CARGO DEL AYUNTAMIENTO;998;VARIOS DISTRITOS;30.000.000,00
2018/005147;REURBANIZACIÓN DE CALLES Y ESPACIOS EN EL ENTORNO DEL PASEO DE LA DIRECCIÓN;1190;15340;61904;6;URBANISMO;1;URBANIZACIÓN SUELO A CARGO DEL AYUNTAMIENTO;206;TETUAN;528.995,00
2018/005148;CONEXIÓN PEATONAL C/ MENDEZ ALVARO - AVDA. SAN DIEGO. MEJORA (ID 17: 1211 );1190;15340;61904;6;URBANISMO;1;URBANIZACIÓN SUELO A CARGO DEL AYUNTAMIENTO;213;PUENTE DE VALLECAS;210.734,00
2018/005157;CARRERA DE SAN JERÓNIMO, CEDACEROS, ARLABAN Y VIRGEN DE LOS PELIGROS. REMODELACIÓN;1190;15340;61904;6;URBANISMO;1;URBANIZACIÓN SUELO A CARGO DEL AYUNTAMIENTO;201;CENTRO;1.956.614,00
2018/006529;APARCAMIENTO DISUASORIO EN VILLAVERDE BAJO (ID 2017: 4403);1190;15340;61904;7;INFRAESTRUCTURAS;2;CONSTRUCCIÓN Y/O ADQUISICIÓN DE APARCAMIENTOS;217;VILLAVERDE;119.769,00
2018/006531;REURBANIZACIÓN DE DIVERSOS VIALES DE LA CIUDAD DE MADRID;1190;15340;61904;6;URBANISMO;1;URBANIZACIÓN SUELO A CARGO DEL AYUNTAMIENTO;998;VARIOS DISTRITOS;120.765,00
2020/000291;CALLE EDUARDO BARREIROS. REURBANIZACIÓN;1190;15340;61904;6;URBANISMO;1;URBANIZACIÓN SUELO A CARGO DEL AYUNTAMIENTO;217;VILLAVERDE;500.000,00
2020/000294;CALLE AYERBE. REMODELACIÓN URBANIZACIÓN;1190;15340;61904;6;URBANISMO;1;URBANIZACIÓN SUELO A CARGO DEL AYUNTAMIENTO;221;BARAJAS;950.000,00
2020/000295;CONEXIÓN DE LA CALLE FÁVILA CON LA CALLE TEJARES;1190;15340;61904;6;URBANISMO;1;URBANIZACIÓN SUELO A CARGO DEL AYUNTAMIENTO;211;CARABANCHEL;450.000,00
2018/005145;ENTORNO DE LA AVDA. ARCENTALES . ADECUACIÓN DE VIALES;1190;15340;61910;8;MANTENIMIENTO URBANO;2;VÍAS PÚBLICAS;220;SAN BLAS - CANILLEJAS;1.442.325,00
2018/005127;MEJORA DE INSTALACIONES DE VENTILACIÓN Y SEGURIDAD EN PASOS A DISTINTO NIVEL;1190;16501;61911;8;MANTENIMIENTO URBANO;4;CONSERVACIÓN  PASOS A DISTINTO NIVEL;998;VARIOS DISTRITOS;687.957,00
2016/000277;CENTRO DE SERVICIOS SOCIALES ENTREVIAS, C/ YUSTE, 8. AMPLIACIÓN;1190;93301;62200;3;PROTECCIÓN Y PROMOCIÓN SOCIAL;2;CENTROS DE SERVICIOS SOCIALES;213;PUENTE DE VALLECAS;1.815.647,00
2016/000341;INSTALACIÓN DEPORTIVA ENSANCHE DE VALLECAS (PAU VALLECAS). CONSTRUCCIÓN;1190;93301;62200;11;DEPORTES, JUVENTUD  Y ESPARCIMIENTO;1;POLIDEPORTIVOS;218;VILLA DE VALLECAS;8.036.143,00
2016/000427;CENTRO CULTURAL EN VALDERRIVAS, C/ TITANIO. CONSTRUCCIÓN;1190;93301;62200;10;CULTURA;3;CENTROS CULTURALES;219;VICALVARO;686.122,00
2016/000470;CENTRO DEPORTIVO C/COSTANILLA DESAMPARADOS, 15 C/V A C/FÚCAR, 6. CONSTRUCCIÓN;1190;93301;62200;11;DEPORTES, JUVENTUD  Y ESPARCIMIENTO;1;POLIDEPORTIVOS;201;CENTRO;5.785.164,00
2016/000475;CENTRO DE MAYORES Y SERVICIOS SOCIALES TRAVESÍA CAÑO, 5. CONSTRUCCIÓN;1190;93301;62200;3;PROTECCIÓN Y PROMOCIÓN SOCIAL;1;CENTROS DE MAYORES;209;MONCLOA-ARAVACA;3.403.993,00
2016/000505;FACTORÍA INDUSTRIAL EN VILLAVERDE (LA RESINA). CONSTRUCCIÓN;1190;93301;62200;14;SECTORES PRODUCTIVOS;1;PROMOCIÓN ECONÓMICA;217;VILLAVERDE;4.389.840,00
2016/000529;CENTRO DE MAYORES C/ BLAS CABRERA. CONSTRUCCIÓN (ID 17: 5177);1190;93301;62200;3;PROTECCIÓN Y PROMOCIÓN SOCIAL;1;CENTROS DE MAYORES;210;LATINA;2.189.223,00
2016/000533;CENTRO DEPORTIVO LA CEBADA. CONSTRUCCIÓN;1190;93301;62200;11;DEPORTES, JUVENTUD  Y ESPARCIMIENTO;1;POLIDEPORTIVOS;201;CENTRO;4.999.693,00
2016/000537;CENTRO JUVENIL ZOFIO. CONSTRUCCIÓN;1190;93301;62200;11;DEPORTES, JUVENTUD  Y ESPARCIMIENTO;3;CENTROS JUVENILES;212;USERA;3.291.007,00
2016/000538;CENTRO DE SERVICIOS SOCIALES ENSANCHE DE VALLECAS. CONSTRUCCIÓN;1190;93301;62200;3;PROTECCIÓN Y PROMOCIÓN SOCIAL;2;CENTROS DE SERVICIOS SOCIALES;218;VILLA DE VALLECAS;5.454.721,00
2017/000187;CENTRO JUVENIL C/BRONCE. CONSTRUCCIÓN;1190;93301;62200;11;DEPORTES, JUVENTUD  Y ESPARCIMIENTO;3;CENTROS JUVENILES;202;ARGANZUELA;442.921,00
2017/000189;UNIDAD INTEGRAL POLICÍA DISTRITO RETIRO Y CENTRO DE SALUD COMUNITARIO. CONSTRUCCIÓN;1190;93301;62200;1;PROTECCIÓN CIVIL Y SEGURIDAD CIUDADANA;0;POLICIA MUNICIPAL;203;RETIRO;3.113.433,00
2017/000191;PISCINA CUBIERTA C/CEA BERMUDEZ. CONSTRUCCIÓN;1190;93301;62200;11;DEPORTES, JUVENTUD  Y ESPARCIMIENTO;1;POLIDEPORTIVOS;207;CHAMBERI;2.755.347,00
2017/000456;ESCUELA INFANTIL PARQUE INGENIEROS. CONSTRUCCIÓN;1190;93301;62200;5;EDUCACIÓN;1;ESCUELAS INFANTILES;217;VILLAVERDE;1.022.886,00
2017/000597;CENTRO DE SERVICIOS SOCIALES EN SAN BLAS, C/POBLADURA DEL VALLE, 13. CONSTRUCCIÓN;1190;93301;62200;3;PROTECCIÓN Y PROMOCIÓN SOCIAL;2;CENTROS DE SERVICIOS SOCIALES;220;SAN BLAS - CANILLEJAS;2.114.654,00
2017/001498;UNIDAD INTEGRAL POLICÍA MUNICIPAL HORTALEZA. C/ AREQUIPA, 2. CONSTRUCCIÓN;1190;93301;62200;1;PROTECCIÓN CIVIL Y SEGURIDAD CIUDADANA;0;POLICIA MUNICIPAL;216;HORTALEZA;3.789.280,00
2018/000113;EDIFICIO EN C/ PRAT 59, C/V C/ APEADERO 1. (MARES DE MADRID). CONSTRUCCION;1190;93301;62200;14;SECTORES PRODUCTIVOS;1;PROMOCIÓN ECONÓMICA;219;VICALVARO;720.267,00
2018/001065;CASA DE LA JUVENTUD C/ RÍO ESMERALDA, 15. CONSTRUCCIÓN;1190;93301;62200;11;DEPORTES, JUVENTUD  Y ESPARCIMIENTO;3;CENTROS JUVENILES;213;PUENTE DE VALLECAS;1.505.847,00
2018/001090;PARQUE DE BOMBEROS Y EDIFICIO SAMUR C/ SANTERAS, 39. CONSTRUCCIÓN;1190;93301;62200;1;PROTECCIÓN CIVIL Y SEGURIDAD CIUDADANA;1;BOMBEROS;219;VICALVARO;4.937.883,00
2018/001118;CENTRO MAYORES Y SERVICIOS SOCIALES C/CANAL DE PANAMÁ C/V.CANAL MOZAMBIQUE . CONSTRUCCIÓN;1190;93301;62200;3;PROTECCIÓN Y PROMOCIÓN SOCIAL;1;CENTROS DE MAYORES;215;CIUDAD LINEAL;200.000,00
2018/006012;ESCUELA INFANTIL C/ RODAS, 20-22. CONSTRUCCIÓN;1190;93301;62200;5;EDUCACIÓN;1;ESCUELAS INFANTILES;201;CENTRO;1.000.000,00
2018/008294;ESCUELA INFANTIL EN CANILLEJAS. CONSTRUCCIÓN (ID: 539);1190;93301;62200;5;EDUCACIÓN;1;ESCUELAS INFANTILES;220;SAN BLAS - CANILLEJAS;220.000,00
2019/000302;CENTRO DE SERVICIOS SOCIALES SAN DIEGO. AMPLIACIÓN;1190;93301;62200;3;PROTECCIÓN Y PROMOCIÓN SOCIAL;2;CENTROS DE SERVICIOS SOCIALES;213;PUENTE DE VALLECAS;1.854.680,00
2020/000150;ESTUDIOS Y TRABAJOS TECNICOS. EDIFICIOS DE NUEVA PLANTA;1190;93301;62200;0;INVERSIONES DE CARÁCTER GENERAL;3;EDIFICIOS PARA EL USO GENERAL;998;VARIOS DISTRITOS;500.000,00
2020/000252;CENTRO CULTURAL Y BIBLIOTECA EN MONTECARMELO. CONSTRUCCIÓN;1190;93301;62200;10;CULTURA;3;CENTROS CULTURALES;208;FUENCARRAL-EL PARDO;150.000,00
2020/000253;CENTRO CULTURAL Y BIBLIOTECA EN LAS TABLAS. CONSTRUCCIÓN;1190;93301;62200;10;CULTURA;3;CENTROS CULTURALES;208;FUENCARRAL-EL PARDO;150.000,00
2020/000256;CENTRO DE MAYORES EN EL BARRIO DE MIRASIERRA. CONSTRUCCIÓN;1190;93301;62200;3;PROTECCIÓN Y PROMOCIÓN SOCIAL;1;CENTROS DE MAYORES;208;FUENCARRAL-EL PARDO;150.000,00
2020/000257;CENTRO DE ATENCIÓN A LA FAMILIA EN MONTECARMELO. CONSTRUCCIÓN;1190;93301;62200;3;PROTECCIÓN Y PROMOCIÓN SOCIAL;3;INFANCIA Y FAMILIA;208;FUENCARRAL-EL PARDO;150.000,00
2020/000259;CENTRO CULTURAL EN EL PAU DE CARABANCHEL. CONSTRUCCIÓN;1190;93301;62200;10;CULTURA;3;CENTROS CULTURALES;211;CARABANCHEL;150.000,00
2020/000260;EDIFICIO SEDE DEL DISTRITO DE PUENTE DE VALLECAS. CONSTRUCCIÓN;1190;93301;62200;0;INVERSIONES DE CARÁCTER GENERAL;2;SERVICIOS ADMINISTRATIVOS  TERRITORIALES;213;PUENTE DE VALLECAS;300.000,00
2020/000261;INIDAD INTEGRAL DE POLICIA MUNICIPAL Y SAMUR PUENTE DE VALLECAS. CONSTRUCCIÓN;1190;93301;62200;1;PROTECCIÓN CIVIL Y SEGURIDAD CIUDADANA;0;POLICIA MUNICIPAL;213;PUENTE DE VALLECAS;450.000,00
2020/000262;UNIDAD INTEGRAL DE POLICÍA MUNICIPAL VILLA DE VALLECAS. CONSTRUCCIÓN;1190;93301;62200;1;PROTECCIÓN CIVIL Y SEGURIDAD CIUDADANA;0;POLICIA MUNICIPAL;218;VILLA DE VALLECAS;150.000,00
2020/000263;UNIDAD INTEGRAL DE POLICÍA MUNICIPAL CIUDAD LINEAL. CONSTRUCCIÓN;1190;93301;62200;1;PROTECCIÓN CIVIL Y SEGURIDAD CIUDADANA;0;POLICIA MUNICIPAL;215;CIUDAD LINEAL;150.000,00
2020/000264;ESCUELA INFANTIL EN EL CAÑAVERAL. CONSTRUCCIÓN;1190;93301;62200;5;EDUCACIÓN;1;ESCUELAS INFANTILES;219;VICALVARO;150.000,00
2020/000296;BIBLIOTECA EN EL DISTRITO DE MONCLOA. CONSTRUCCIÓN;1190;93301;62200;10;CULTURA;0;BIBLIOTECAS Y PATRIMONIO BIBLIOGRÁFICO;209;MONCLOA-ARAVACA;150.000,00
2020/000297;BIBLIOTECA EN EL DISTRITO DE CARABANCHEL. CONSTRUCCIÓN;1190;93301;62200;10;CULTURA;0;BIBLIOTECAS Y PATRIMONIO BIBLIOGRÁFICO;211;CARABANCHEL;150.000,00
2017/001143;EDIFICIO C/ FRANCISCO LAGUNA, 38. ADECUACIÓN PARA CENTRO PROMOCIÓN ECONOMÍA SOCIAL;1190;93301;63200;14;SECTORES PRODUCTIVOS;1;PROMOCIÓN ECONÓMICA;213;PUENTE DE VALLECAS;5.252,00
2017/004710;CENTRO DEPORTIVO CASA DE CAMPO. SUBSANACIÓN PATOLOGÍAS EN LA PISCINA CLIMATIZADA;1190;93301;63200;11;DEPORTES, JUVENTUD  Y ESPARCIMIENTO;1;POLIDEPORTIVOS;209;MONCLOA-ARAVACA;23.906,00
2017/004712;UNIDAD LOGÍSTICA POLICÍA MUNICIPAL, AVENIDA DE VALLADOLID, 6. SUBSANACIÓN DE PATOLOGÍAS;1190;93301;63200;1;PROTECCIÓN CIVIL Y SEGURIDAD CIUDADANA;0;POLICIA MUNICIPAL;209;MONCLOA-ARAVACA;1.621.187,00
2018/005005;CENTRO DEPORTIVO JOSÉ Mª CAGIGAL. SUBSANACIÓN PATOLOGÍAS SALA POLIVALENTE Y EDIFICIO VESTUARIOS;1190;93301;63200;11;DEPORTES, JUVENTUD  Y ESPARCIMIENTO;1;POLIDEPORTIVOS;209;MONCLOA-ARAVACA;500.000,00
2018/005007;CENTRO DEPORTIVO SAN BLAS. SUBSANACIÓN DE PATOLOGÍAS EN PISCINA CUBIERTA;1190;93301;63200;11;DEPORTES, JUVENTUD  Y ESPARCIMIENTO;1;POLIDEPORTIVOS;220;SAN BLAS - CANILLEJAS;815.000,00
2018/005045;EDIFICIO VALLEHERMOSO, 47 C/V.FERNÁNDEZ DE LOS RÍOS. REHABILITACIÓN PARA CENTRO DE MAYORES;1190;93301;63200;3;PROTECCIÓN Y PROMOCIÓN SOCIAL;1;CENTROS DE MAYORES;207;CHAMBERI;150.000,00
2018/005047;CENTRO DEPORTIVO CASA DE CAMPO.SUBSANACIÓN PATOLOGÍAS ENVOLVENTE PISCINA CUBIERTA INVIERNO;1190;93301;63200;11;DEPORTES, JUVENTUD  Y ESPARCIMIENTO;1;POLIDEPORTIVOS;209;MONCLOA-ARAVACA;600.000,00
2018/005049;UNIDAD DE LOGÍSTICA POLICÍA MUNICIPAL AV. VALLADOLID, 6. SUBSANACIÓN DE PATOLOGÍAS NAVE;1190;93301;63200;1;PROTECCIÓN CIVIL Y SEGURIDAD CIUDADANA;0;POLICIA MUNICIPAL;209;MONCLOA-ARAVACA;500.000,00
2018/005057;PALACIO TORRE ARIAS. SUBSANACIÓN DE PATOLOGÍAS Y CONSOLIDACIÓN FORJADOS Y MUROS;1190;93301;63200;0;INVERSIONES DE CARÁCTER GENERAL;3;EDIFICIOS PARA EL USO GENERAL;220;SAN BLAS - CANILLEJAS;1.518.372,00
2018/005062;CENTRO DEPORTIVO ALUCHE. SUBSANACIÓN PATOLOGÍAS DEL PABELLÓN GRANDE;1190;93301;63200;11;DEPORTES, JUVENTUD  Y ESPARCIMIENTO;1;POLIDEPORTIVOS;210;LATINA;730.000,00
2018/005072;CENTRO DEPORTIVO VICÁLVARO. SUBSANACIÓN DE PATOLOGÍAS EN GALERÍA PISCINA DE VERANO;1190;93301;63200;11;DEPORTES, JUVENTUD  Y ESPARCIMIENTO;1;POLIDEPORTIVOS;219;VICALVARO;1.717.108,00
2018/006011;CENTRO DEPORTIVO MUNICIPAL JOSÉ MARÍA CAGIGAL. REHABILITACIÓN;1190;93301;63200;11;DEPORTES, JUVENTUD  Y ESPARCIMIENTO;1;POLIDEPORTIVOS;209;MONCLOA-ARAVACA;1.354.000,00
2018/006115;NUEVA ESCUELA INFANTIL EN EL BARRIO DE PACÍFICO. OBRAS DE REFORMA Y AMPLIACIÓN DE NAVE;1190;93301;63200;5;EDUCACIÓN;1;ESCUELAS INFANTILES;203;RETIRO;200.000,00
2018/006707;CENTRO DEPORTIVO DE SAN BLAS. SUBSANACIÓN DE PATOLOGÍAS EN VESTUARIOS Y ALMACÉN;1190;93301;63200;11;DEPORTES, JUVENTUD  Y ESPARCIMIENTO;1;POLIDEPORTIVOS;220;SAN BLAS - CANILLEJAS;670.000,00
2019/000501;EDIFICIO CALLE ALBERTO PALACIOS, 13. OBRAS DE MEJORA;1190;93301;63200;0;INVERSIONES DE CARÁCTER GENERAL;3;EDIFICIOS PARA EL USO GENERAL;217;VILLAVERDE;49.997,00
2019/000585;CASA DE CISNEROS. PLAZA DE LA VILLA, 4. SUBSANACIÓN PATOLOGÍAS EN EL ARTESONADO;1190;93301;63200;0;INVERSIONES DE CARÁCTER GENERAL;1;SERVICIOS ADMINISTRATIVOS CENTRALES;201;CENTRO;164.806,00
2019/000697;CENTRO DEPORTIVO SAN BLAS. OBRAS ADECUACIÓN PAVIMENTO;1190;93301;63200;11;DEPORTES, JUVENTUD  Y ESPARCIMIENTO;1;POLIDEPORTIVOS;220;SAN BLAS - CANILLEJAS;405.000,00
2020/000158;OBRAS DE CONSERVACION Y MANTENIMIENTO EN EDIFICIOS MUNICIPALES;1190;93301;63200;0;INVERSIONES DE CARÁCTER GENERAL;3;EDIFICIOS PARA EL USO GENERAL;998;VARIOS DISTRITOS;3.000.000,00
2020/000159;OBRAS DE SUBSANACIÓN DE PATOLOGÍAS EN EDIFICIOS MUNICIPALES;1190;93301;63200;0;INVERSIONES DE CARÁCTER GENERAL;3;EDIFICIOS PARA EL USO GENERAL;998;VARIOS DISTRITOS;2.000.000,00
2020/000161;ESTUDIOS Y TRABAJOS TECNICOS. REFORMA DE EDIFICIOS;1190;93301;63200;0;INVERSIONES DE CARÁCTER GENERAL;3;EDIFICIOS PARA EL USO GENERAL;998;VARIOS DISTRITOS;150.000,00
2020/000265;CENTRO CULTURAL BUENAVISTA. OBRAS DE AMPLIACIÓN;1190;93301;63200;10;CULTURA;3;CENTROS CULTURALES;204;SALAMANCA;150.000,00
2020/000266;CENTRO DE MAYORES VALLEHERMOSO. ADECUACIÓN PARA SAMUR- PROTECCIÓN CIVIL;1190;93301;63200;1;PROTECCIÓN CIVIL Y SEGURIDAD CIUDADANA;2;SAMUR - PROTECCIÓN CIVIL;207;CHAMBERI;150.000,00
2020/000267;CENTRO DEPORTIVO CASA DE CAMPO. SUBSANACIÓN PATOLOGÍAS LOCALES ANEJO PISCINA INVIERNO;1190;93301;63200;11;DEPORTES, JUVENTUD  Y ESPARCIMIENTO;1;POLIDEPORTIVOS;209;MONCLOA-ARAVACA;700.000,00
2020/000268;CENTRO DEPORTIVO JOSÉ MARÍA CAGIGAL. SUBSANACIÓN PATOLOGÍAS VESTUARIOS Y PABELLÓN;1190;93301;63200;11;DEPORTES, JUVENTUD  Y ESPARCIMIENTO;1;POLIDEPORTIVOS;209;MONCLOA-ARAVACA;1.900.000,00
2020/000276;EDIFICIO C/ FRANCOS RODRIGUEZ, 77.CONSOLIDACION ESTRUCTURAL Y ADAPTACION A NORMATIVA;1190;93301;63200;0;INVERSIONES DE CARÁCTER GENERAL;2;SERVICIOS ADMINISTRATIVOS  TERRITORIALES;209;MONCLOA-ARAVACA;3.500.000,00
2020/000279;BIBLIOTECA LA CHATA. SUBSANACIÓN DE PATOLOGÍAS;1190;93301;63200;10;CULTURA;0;BIBLIOTECAS Y PATRIMONIO BIBLIOGRÁFICO;211;CARABANCHEL;350.000,00
2020/000281;CENTRO DEPORTIVO PEPU HERNÁNDEZ. SUBSANACIÓN DE PATOLOGIAS FACHADA;1190;93301;63200;11;DEPORTES, JUVENTUD  Y ESPARCIMIENTO;1;POLIDEPORTIVOS;220;SAN BLAS - CANILLEJAS;350.000,00
2019/000580;REPARACIÓN CALZADAS.PLANES INTEGRALES BARRIO. DISTRITOS DE CARABACHEL, USERA Y VILLAVERDE;1190;15321;61910;8;MANTENIMIENTO URBANO;2;VÍAS PÚBLICAS;998;VARIOS DISTRITOS;465.915,00
2016/000724;PASARELA PEATONAL ACCESO CERCANÍAS SAN CRISTÓBAL DE LOS ÁNGELES DESDE Bº DE BUTARQUE;1190;15340;60911;7;INFRAESTRUCTURAS;4;CONSTRUCCIÓN PASARELAS PEATONALES;217;VILLAVERDE;950.000,00
2017/000195;EDIFICIO DOTACIONAL C/EDUARDO MORALES, 28. CONSTRUCCIÓN;1190;93301;62200;0;INVERSIONES DE CARÁCTER GENERAL;3;EDIFICIOS PARA EL USO GENERAL;211;CARABANCHEL;3.307.423,00
2017/000198;ESCUELA DE MÚSICA C/CORREGIDOR DIEGO VALDERRÁBANO. CONSTRUCCIÓN;1190;93301;62200;5;EDUCACIÓN;3;ESCUELAS DE MÚSICA;214;MORATALAZ;2.616.326,00
2017/000317;BIBLIOTECA DE VILLAVERDE. CONSTRUCCIÓN;1190;93301;62200;10;CULTURA;0;BIBLIOTECAS Y PATRIMONIO BIBLIOGRÁFICO;217;VILLAVERDE;150.000,00
2020/000067;ZONAS AJARDINADAS DEL DISTRITO CENTRO. OBRAS DE REMODELACIÓN;1201;17102;61921;9;MEDIO AMBIENTE;1;ZONAS AJARDINADAS;201;CENTRO;150.000,00
2020/000059;EQUIPAMIENTO CENTRO DE MAYORES Y SERVICIOS SOCIALES DISTRITO CENTRO;1201;23103;63599;3;PROTECCIÓN Y PROMOCIÓN SOCIAL;1;CENTROS DE MAYORES;201;CENTRO;15.000,00
2020/000015;OBRAS DE CONSERVACION CENTROS DOCENTES DE ENSEÑANZA DISTRITO DE CENTRO;1201;32301;63200;5;EDUCACIÓN;0;COLEGIOS;201;CENTRO;600.000,00
2020/000016;EQUIPAMIENTO ESCUELAS INFANTILES DISTRITO CENTRO;1201;32301;63599;5;EDUCACIÓN;1;ESCUELAS INFANTILES;201;CENTRO;5.000,00
2020/000017;EQUIPAMIENTO PROGRAMACIÓN CULTURAL DISTRITO CENTRO;1201;33401;62599;10;CULTURA;5;PROMOCIÓN DE LA CULTURA;201;CENTRO;10.000,00
2020/000018;OBRAS DE CONSERVACIÓN INSTALACIONES DEPORTIVAS DISTRITO DE CENTRO;1201;34201;63200;11;DEPORTES, JUVENTUD  Y ESPARCIMIENTO;1;POLIDEPORTIVOS;201;CENTRO;48.000,00
2020/000019;OBRAS DE CONSERVACIÓN DE EDIFICIOS DISTRITO CENTRO;1201;93302;63200;0;INVERSIONES DE CARÁCTER GENERAL;3;EDIFICIOS PARA EL USO GENERAL;201;CENTRO;105.000,00
2020/000114;OBRAS DE CONSERVACION CENTROS DOCENTES DE ENSEÑANZA DISTRITO DE ARGANZUELA;1202;32301;63200;5;EDUCACIÓN;0;COLEGIOS;202;ARGANZUELA;139.461,00
2020/000116;OBRAS CONSERVACION EDIFICIOS SERVICIOS COMPLEMENTARIOS EDUCACION ARGANZUELA;1202;32601;63200;5;EDUCACIÓN;3;ESCUELAS DE MÚSICA;202;ARGANZUELA;8.900,00
2020/000117;OBRAS DE CONSERVACIÓN INSTALACIONES DEPORTIVAS DISTRITO DE ARGANZUELA;1202;34201;63200;11;DEPORTES, JUVENTUD  Y ESPARCIMIENTO;1;POLIDEPORTIVOS;202;ARGANZUELA;139.462,00
2020/000119;EQUIPAMIENTO SERVICIOS ADMINISTRATIVOS DISTRITO ARGANZUELA;1202;92001;62302;0;INVERSIONES DE CARÁCTER GENERAL;2;SERVICIOS ADMINISTRATIVOS  TERRITORIALES;202;ARGANZUELA;500
2020/000118;OBRAS DE CONSERVACIÓN EDIFICIOS DISTRITO DE ARGANZUELA;1202;93302;63200;0;INVERSIONES DE CARÁCTER GENERAL;3;EDIFICIOS PARA EL USO GENERAL;202;ARGANZUELA;60.000,00
2020/000122;OBRAS DE CONSERVACION CENTROS DOCENTES DE ENSEÑANZA DISTRITO DE SALAMANCA;1204;32301;63200;5;EDUCACIÓN;0;COLEGIOS;204;SALAMANCA;65.000,00
2020/000125;OBRAS DE CONSERVACION INSTALACIONES DEPORTIVAS DISTRITO DE SALAMANCA;1204;34201;63200;11;DEPORTES, JUVENTUD  Y ESPARCIMIENTO;1;POLIDEPORTIVOS;204;SALAMANCA;90.000,00
2019/000368;GIMNASIO MOSCARDÓ. REPOSICIÓN MÁQUINA DESHUMECTADORA PISCINA;1204;34201;63301;11;DEPORTES, JUVENTUD  Y ESPARCIMIENTO;1;POLIDEPORTIVOS;204;SALAMANCA;500
2020/000127;OBRAS DE CONSERVACIÓN EDIFICIOS DISTRITO DE SALAMANCA;1204;93302;63200;0;INVERSIONES DE CARÁCTER GENERAL;3;EDIFICIOS PARA EL USO GENERAL;204;SALAMANCA;115.426,00
2020/000024;SERVICIOS DE SALUBRIDAD DISTRITO DE CHAMARTÍN. EQUIPOS DE ANÁLISIS Y CONTROL;1205;31101;62302;4;SALUD PÚBLICA;0;PROMOCIÓN DE LA SALUD Y AT. SANITARIA;205;CHAMARTIN;900
2020/000134;PISTA DE PATINAJE LIBRE EN C/COLOMBIA, 59. OBRAS DE ACONDICIONAMIENTO;1205;34201;61999;11;DEPORTES, JUVENTUD  Y ESPARCIMIENTO;2;PISTAS DEPORTIVAS ELEMENTALES;205;CHAMARTIN;97.726,00
2020/000062;EQUIPAMIENTO CENTRO DEPORTIVO MUNICIPAL PRADILLO;1205;34201;62500;11;DEPORTES, JUVENTUD  Y ESPARCIMIENTO;1;POLIDEPORTIVOS;205;CHAMARTIN;765
2020/000062;EQUIPAMIENTO CENTRO DEPORTIVO MUNICIPAL PRADILLO;1205;34201;62599;11;DEPORTES, JUVENTUD  Y ESPARCIMIENTO;1;POLIDEPORTIVOS;205;CHAMARTIN;3.010,00
2019/000435;RAMPA COMUNICACIÓN CALLE MAURICIO LEGENDRE CON CALLE PABLO LUNA. CONSTRUCCIÓN;1205;15322;61910;8;MANTENIMIENTO URBANO;2;VÍAS PÚBLICAS;205;CHAMARTIN;110.983,00
2020/000128;ZONAS AJARDINADAS DEL DISTRITO DE TETUÁN. REMODELACIÓN;1206;17102;61921;9;MEDIO AMBIENTE;1;ZONAS AJARDINADAS;206;TETUAN;20.000,00
2020/000028;EQUIPAMIENTO CENTROS DE MAYORES DISTRITO DE TETUAN;1206;23103;62599;3;PROTECCIÓN Y PROMOCIÓN SOCIAL;1;CENTROS DE MAYORES;206;TETUAN;10.000,00
2020/000132;EQUIPAMIENTO CENTRO DE SERVICIOS SOCIALES VICENTE FERRER;1206;23106;62599;3;PROTECCIÓN Y PROMOCIÓN SOCIAL;2;CENTROS DE SERVICIOS SOCIALES;206;TETUAN;4.000,00
2020/000206;OBRAS DE CONSERVACION CENTROS DOCENTES DE ENSEÑANZA DISTRITO DE TETUAN;1206;32301;63200;5;EDUCACIÓN;0;COLEGIOS;206;TETUAN;100.000,00
2018/005159;LOCALES MERCADO SAN ENRIQUE. REFORMA Y ACONDICIONAMIENTO;1206;93302;63200;12;OTROS BIENES PÚBLICOS DE CARÁCTER SOCIAL;1;PARTICIPACIÓN CIUDADANA;206;TETUAN;1.379.966,00
2020/000208;OBRAS DE CONSERVACIÓN EDIFICIOS DISTRITO DE TETUAN;1206;93302;63200;0;INVERSIONES DE CARÁCTER GENERAL;3;EDIFICIOS PARA EL USO GENERAL;206;TETUAN;67.954,00
2018/001108;BARRIOS DE ALMENARA Y VENTILLA. PLAN INTEGRAL DE REMODELACIÓN;1206;17102;61921;9;MEDIO AMBIENTE;1;ZONAS AJARDINADAS;206;TETUAN;1.253,00
2020/000144;CENTRO DE MAYORES SANTA ENGRACIA. LAVAVAJILLAS;1207;23103;62599;3;PROTECCIÓN Y PROMOCIÓN SOCIAL;1;CENTROS DE MAYORES;207;CHAMBERI;2.000,00
2020/000145;EQUIPAMIENTO SERVICIOS ADMINISTRATIVOS DISTRITO CHAMBERÍ;1207;92001;62500;0;INVERSIONES DE CARÁCTER GENERAL;2;SERVICIOS ADMINISTRATIVOS  TERRITORIALES;207;CHAMBERI;5.000,00
2020/000111;EQUIPAMIENTO CENTROS DE MAYORES DISTRITO FUENCARRAL-EL PARDO;1208;23103;63599;3;PROTECCIÓN Y PROMOCIÓN SOCIAL;1;CENTROS DE MAYORES;208;FUENCARRAL-EL PARDO;30.000,00
2020/000171;EQUIPAMIENTO CENTROS DE SERVICIOS SOCIALES DISTRITO FUENCARRAL-EL PARDO;1208;23106;63599;3;PROTECCIÓN Y PROMOCIÓN SOCIAL;2;CENTROS DE SERVICIOS SOCIALES;208;FUENCARRAL-EL PARDO;20.000,00
2020/000012;OBRAS DE CONSERVACION CENTROS DOCENTES DE ENSEÑANZA DISTRITO DE FUENCARRAL-EL PARDO;1208;32301;63200;5;EDUCACIÓN;0;COLEGIOS;208;FUENCARRAL-EL PARDO;50.000,00
2020/000054;EQUIPAMIENTO CENTROS CULTURALES DISTRITO FUENCARRAL-EL PARDO;1208;33401;62599;10;CULTURA;3;CENTROS CULTURALES;208;FUENCARRAL-EL PARDO;5.000,00
2020/000054;EQUIPAMIENTO CENTROS CULTURALES DISTRITO FUENCARRAL-EL PARDO;1208;33401;63599;10;CULTURA;3;CENTROS CULTURALES;208;FUENCARRAL-EL PARDO;10.000,00
2020/000124;EQUIPAMIENTO CENTROS DEPORTIVOS MUNICIPALES DEL DISTRITO DE FUENCARRAL-EL PARDO;1208;34201;62300;11;DEPORTES, JUVENTUD  Y ESPARCIMIENTO;1;POLIDEPORTIVOS;208;FUENCARRAL-EL PARDO;10.000,00
2020/000124;EQUIPAMIENTO CENTROS DEPORTIVOS MUNICIPALES DEL DISTRITO DE FUENCARRAL-EL PARDO;1208;34201;62302;11;DEPORTES, JUVENTUD  Y ESPARCIMIENTO;1;POLIDEPORTIVOS;208;FUENCARRAL-EL PARDO;5.000,00
2020/000124;EQUIPAMIENTO CENTROS DEPORTIVOS MUNICIPALES DEL DISTRITO DE FUENCARRAL-EL PARDO;1208;34201;62599;11;DEPORTES, JUVENTUD  Y ESPARCIMIENTO;1;POLIDEPORTIVOS;208;FUENCARRAL-EL PARDO;5.000,00
2017/001286;DEPORTIVO BÁSICO MINGORRUBIO. ACONDICIONAMIENTO DE PISTAS;1208;34201;63200;11;DEPORTES, JUVENTUD  Y ESPARCIMIENTO;2;PISTAS DEPORTIVAS ELEMENTALES;208;FUENCARRAL-EL PARDO;350.000,00
2020/000029;OBRAS DE CONSERVACION INSTALACIONES DEPORTIVAS DISTRITO DE FUENCARRAL-EL PARDO;1208;34201;63200;11;DEPORTES, JUVENTUD  Y ESPARCIMIENTO;1;POLIDEPORTIVOS;208;FUENCARRAL-EL PARDO;50.000,00
2020/000001;EQUIPAMIENTO SERVICIOS ADMINISTRATIVOS DISTRITO FUENCARRAL-EL PARDO;1208;92001;62500;0;INVERSIONES DE CARÁCTER GENERAL;2;SERVICIOS ADMINISTRATIVOS  TERRITORIALES;208;FUENCARRAL-EL PARDO;46.000,00
2020/000061;OBRAS DE CONSERVACION EDIFICIOS DISTRITO FUENCARRAL-EL PARDO;1208;93302;63200;0;INVERSIONES DE CARÁCTER GENERAL;3;EDIFICIOS PARA EL USO GENERAL;208;FUENCARRAL-EL PARDO;50.000,00
2019/000438;PARQUE DE BEGOÑA. ACONDICIONAMIENTO (PLAN INTEGRAL BARRIO DE BEGOÑA);1208;17102;61999;9;MEDIO AMBIENTE;0;PARQUES;208;FUENCARRAL-EL PARDO;250.000,00
2020/000166;PLACAS CONMEMORATIVAS DISTRITO MONCLOA-ARAVACA. INSTALACIÓN;1209;33401;60999;10;CULTURA;5;PROMOCIÓN DE LA CULTURA;209;MONCLOA-ARAVACA;6.000,00
2020/000058;EQUIPAMIENTO SERVICIOS ADMINISTRATIVOS DISTRITO MONCLOA-ARAVACA;1209;92001;62302;0;INVERSIONES DE CARÁCTER GENERAL;2;SERVICIOS ADMINISTRATIVOS  TERRITORIALES;209;MONCLOA-ARAVACA;1.000,00
2020/000058;EQUIPAMIENTO SERVICIOS ADMINISTRATIVOS DISTRITO MONCLOA-ARAVACA;1209;92001;62500;0;INVERSIONES DE CARÁCTER GENERAL;2;SERVICIOS ADMINISTRATIVOS  TERRITORIALES;209;MONCLOA-ARAVACA;9.000,00
2020/000058;EQUIPAMIENTO SERVICIOS ADMINISTRATIVOS DISTRITO MONCLOA-ARAVACA;1209;92001;62599;0;INVERSIONES DE CARÁCTER GENERAL;2;SERVICIOS ADMINISTRATIVOS  TERRITORIALES;209;MONCLOA-ARAVACA;1.500,00
2020/000058;EQUIPAMIENTO SERVICIOS ADMINISTRATIVOS DISTRITO MONCLOA-ARAVACA;1209;92001;63302;0;INVERSIONES DE CARÁCTER GENERAL;2;SERVICIOS ADMINISTRATIVOS  TERRITORIALES;209;MONCLOA-ARAVACA;400
2020/000058;EQUIPAMIENTO SERVICIOS ADMINISTRATIVOS DISTRITO MONCLOA-ARAVACA;1209;92001;63500;0;INVERSIONES DE CARÁCTER GENERAL;2;SERVICIOS ADMINISTRATIVOS  TERRITORIALES;209;MONCLOA-ARAVACA;1.000,00
2020/000058;EQUIPAMIENTO SERVICIOS ADMINISTRATIVOS DISTRITO MONCLOA-ARAVACA;1209;92001;63599;0;INVERSIONES DE CARÁCTER GENERAL;2;SERVICIOS ADMINISTRATIVOS  TERRITORIALES;209;MONCLOA-ARAVACA;1.000,00
2020/000065;OBRAS DE CONSERVACIÓN CENTROS DOCENTES DE ENSEÑANZA DISTRITO DE LATINA;1210;32301;63200;5;EDUCACIÓN;0;COLEGIOS;210;LATINA;380.000,00
2020/000073;OBRAS DE CONSERVACIÓN INSTALACIONES DEPORTIVAS DISTRITO DE LATINA;1210;34201;63200;11;DEPORTES, JUVENTUD  Y ESPARCIMIENTO;1;POLIDEPORTIVOS;210;LATINA;100.000,00
2020/000088;OBRAS DE CONSERVACIÓN EDIFICIOS DISTRITO DE LATINA;1210;93302;63200;0;INVERSIONES DE CARÁCTER GENERAL;3;EDIFICIOS PARA EL USO GENERAL;210;LATINA;100.000,00
2020/000013;CENTRO DEPORTIVO LA MINA. OBRAS DE MEJORA;1211;34201;63200;11;DEPORTES, JUVENTUD  Y ESPARCIMIENTO;1;POLIDEPORTIVOS;211;CARABANCHEL;280.000,00
2020/000031;OBRAS DE CONSERVACIÓN DE EDIFICIOS DEL DISTRITO DE CARABANCHEL;1211;93302;63200;0;INVERSIONES DE CARÁCTER GENERAL;3;EDIFICIOS PARA EL USO GENERAL;211;CARABANCHEL;644.000,00
2020/000096;EQUIPAMIENTO AUDIOVISUAL CENTROS CULTURALES DISTRITO USERA;1212;33401;62599;10;CULTURA;3;CENTROS CULTURALES;212;USERA;6.011,00
2020/000096;EQUIPAMIENTO AUDIOVISUAL CENTROS CULTURALES DISTRITO USERA;1212;33401;63599;10;CULTURA;3;CENTROS CULTURALES;212;USERA;100.000,00
2020/000100;EQUIPAMIENTO CENTROS DEPORTIVOS DISTRITO USERA;1212;34201;62300;11;DEPORTES, JUVENTUD  Y ESPARCIMIENTO;1;POLIDEPORTIVOS;212;USERA;6.000,00
2020/000100;EQUIPAMIENTO CENTROS DEPORTIVOS DISTRITO USERA;1212;34201;62500;11;DEPORTES, JUVENTUD  Y ESPARCIMIENTO;1;POLIDEPORTIVOS;212;USERA;2.000,00
2020/000100;EQUIPAMIENTO CENTROS DEPORTIVOS DISTRITO USERA;1212;34201;62599;11;DEPORTES, JUVENTUD  Y ESPARCIMIENTO;1;POLIDEPORTIVOS;212;USERA;6.000,00
2020/000100;EQUIPAMIENTO CENTROS DEPORTIVOS DISTRITO USERA;1212;34201;63500;11;DEPORTES, JUVENTUD  Y ESPARCIMIENTO;1;POLIDEPORTIVOS;212;USERA;6.000,00
2020/000100;EQUIPAMIENTO CENTROS DEPORTIVOS DISTRITO USERA;1212;34201;63599;11;DEPORTES, JUVENTUD  Y ESPARCIMIENTO;1;POLIDEPORTIVOS;212;USERA;6.000,00
2020/000308;PLAZA DE LA ASOCIACIÓN, MESETA DE ORCASITAS. MEJORA DE LAS INSTALACIONES;1212;17102;60999;9;MEDIO AMBIENTE;1;ZONAS AJARDINADAS;212;USERA;35.000,00
2020/000309;PLAZA DEL PUEBLO , ORCASUR. MEJORA DE LAS INSTALACIONES;1212;17102;60999;9;MEDIO AMBIENTE;1;ZONAS AJARDINADAS;212;USERA;10.000,00
2019/000539;DEPORTIVO BÁSICO FRONTÓN SAN FERMÍN. INSTALACIÓN CUBIERTA;1212;34201;61999;11;DEPORTES, JUVENTUD  Y ESPARCIMIENTO;2;PISTAS DEPORTIVAS ELEMENTALES;212;USERA;48.399,00
2019/000575;DEPORTIVO BÁSICO FRONTÓN ZOFÍO. OBRAS DE ACONDICIONAMIENTO;1212;34201;61999;11;DEPORTES, JUVENTUD  Y ESPARCIMIENTO;2;PISTAS DEPORTIVAS ELEMENTALES;212;USERA;49.400,00
2020/000315;CENTRO DEPORTIVO MUNICIPAL DE ORCASITAS. OBRAS DE REFORMA;1212;34201;61999;11;DEPORTES, JUVENTUD  Y ESPARCIMIENTO;1;POLIDEPORTIVOS;212;USERA;109.000,00
2020/000187;EQUIPAMIENTO CENTROS DE SERVICIOS SOCIALES DISTRITO PUENTE DE VALLECAS;1213;23103;62500;3;PROTECCIÓN Y PROMOCIÓN SOCIAL;2;CENTROS DE SERVICIOS SOCIALES;213;PUENTE DE VALLECAS;2.500,00
2020/000187;EQUIPAMIENTO CENTROS DE SERVICIOS SOCIALES DISTRITO PUENTE DE VALLECAS;1213;23103;62599;3;PROTECCIÓN Y PROMOCIÓN SOCIAL;2;CENTROS DE SERVICIOS SOCIALES;213;PUENTE DE VALLECAS;2.500,00
2020/000179;SERVICIOS SALUBRIDAD PÚBLICA DISTRITO PUENTE DE VALLECAS. ÚTILES Y HERRAMIENTAS;1213;31101;62302;4;SALUD PÚBLICA;2;HIGIENE;213;PUENTE DE VALLECAS;500
2020/000182;EQUIPAMIENTO CENTROS CULTURALES DISTRITO PUENTE DE VALLECAS;1213;33401;63500;10;CULTURA;3;CENTROS CULTURALES;213;PUENTE DE VALLECAS;2.500,00
2020/000182;EQUIPAMIENTO CENTROS CULTURALES DISTRITO PUENTE DE VALLECAS;1213;33401;63599;10;CULTURA;3;CENTROS CULTURALES;213;PUENTE DE VALLECAS;2.500,00
2020/000203;EQUIPAMIENTO CENTROS DEPORTIVOS MUNICIPALES DISTRITO PUENTE DE VALLECAS;1213;34201;62500;11;DEPORTES, JUVENTUD  Y ESPARCIMIENTO;1;POLIDEPORTIVOS;213;PUENTE DE VALLECAS;5.000,00
2020/000203;EQUIPAMIENTO CENTROS DEPORTIVOS MUNICIPALES DISTRITO PUENTE DE VALLECAS;1213;34201;62599;11;DEPORTES, JUVENTUD  Y ESPARCIMIENTO;1;POLIDEPORTIVOS;213;PUENTE DE VALLECAS;10.000,00
2020/000203;EQUIPAMIENTO CENTROS DEPORTIVOS MUNICIPALES DISTRITO PUENTE DE VALLECAS;1213;34201;63500;11;DEPORTES, JUVENTUD  Y ESPARCIMIENTO;1;POLIDEPORTIVOS;213;PUENTE DE VALLECAS;5.000,00
2020/000203;EQUIPAMIENTO CENTROS DEPORTIVOS MUNICIPALES DISTRITO PUENTE DE VALLECAS;1213;34201;63599;11;DEPORTES, JUVENTUD  Y ESPARCIMIENTO;1;POLIDEPORTIVOS;213;PUENTE DE VALLECAS;2.000,00
2019/000433;DEPORTIVO BÁSICO RAMÓN PÉREZ DE AYALA. CERRAMIENTO, TECHADO Y OTRAS;1213;34201;63200;11;DEPORTES, JUVENTUD  Y ESPARCIMIENTO;2;PISTAS DEPORTIVAS ELEMENTALES;213;PUENTE DE VALLECAS;276.988,00
2020/000156;EQUIPAMIENTO CENTRO CULTURAL EL TORITO;1214;33401;62300;10;CULTURA;3;CENTROS CULTURALES;214;MORATALAZ;2.000,00
2020/000156;EQUIPAMIENTO CENTRO CULTURAL EL TORITO;1214;33401;62600;10;CULTURA;3;CENTROS CULTURALES;214;MORATALAZ;1.500,00
2020/000157;EQUIPAMIENTO SERVICIOS ADMINISTRATIVOS DISTRITO MORATALAZ;1214;92001;62500;0;INVERSIONES DE CARÁCTER GENERAL;2;SERVICIOS ADMINISTRATIVOS  TERRITORIALES;214;MORATALAZ;10.000,00
2020/000101;ACTUACIONES EN LA VÍA PÚBLICA DISTRITO CIUDAD LINEAL;1215;15322;61999;8;MANTENIMIENTO URBANO;2;VÍAS PÚBLICAS;215;CIUDAD LINEAL;15.521,00
2020/000089;EQUIPAMIENTO CENTROS DE MAYORES DISTRITO CIUDAD LINEAL;1215;23103;62300;3;PROTECCIÓN Y PROMOCIÓN SOCIAL;1;CENTROS DE MAYORES;215;CIUDAD LINEAL;1.500,00
2020/000089;EQUIPAMIENTO CENTROS DE MAYORES DISTRITO CIUDAD LINEAL;1215;23103;63599;3;PROTECCIÓN Y PROMOCIÓN SOCIAL;1;CENTROS DE MAYORES;215;CIUDAD LINEAL;25.000,00
2020/000052;EQUIPAMIENTO CENTROS INTEGRADOS DE EMERGENCIA SOCIAL DISTRITO CIUDAD LINEAL;1215;23106;62599;3;PROTECCIÓN Y PROMOCIÓN SOCIAL;8;SAMUR - SOCIAL;215;CIUDAD LINEAL;5.000,00
2020/000091;OBRAS DE CONSERVACIÓN CENTROS DOCENTES DE ENSEÑANZA DISTRITO DE CIUDAD LINEAL;1215;32301;63200;5;EDUCACIÓN;0;COLEGIOS;215;CIUDAD LINEAL;80.000,00
2020/000210;CENTRO MUSICAL JOAQUÍN TURINA, C/DALIA, 4. ADQUISICIÓN MOBILIARIO Y ENSERES;1215;32601;62599;5;EDUCACIÓN;3;ESCUELAS DE MÚSICA;215;CIUDAD LINEAL;160.000,00
2020/000094;PLACAS CONMEMORATIVAS DISTRITO CIUDAD LINEAL. INSTALACIÓN;1215;33401;60999;10;CULTURA;5;PROMOCIÓN DE LA CULTURA;215;CIUDAD LINEAL;1.500,00
2020/000036;EQUIPAMIENTO CENTROS CULTURALES DISTRITO DE CIUDAD LINEAL;1215;33401;62599;10;CULTURA;3;CENTROS CULTURALES;215;CIUDAD LINEAL;20.000,00
2019/009236;ZONA DEPORTIVA ENTRE C/GANDHI Y LARGO CABALLERO. CONSTRUCCIÓN (ID: 10088);1215;34201;60999;11;DEPORTES, JUVENTUD  Y ESPARCIMIENTO;2;PISTAS DEPORTIVAS ELEMENTALES;215;CIUDAD LINEAL;70.000,00
2020/000041;EQUIPAMIENTO CENTROS DEPORTIVOS DISTRITO CIUDAD LINEAL;1215;34201;62300;11;DEPORTES, JUVENTUD  Y ESPARCIMIENTO;1;POLIDEPORTIVOS;215;CIUDAD LINEAL;10.000,00
2020/000041;EQUIPAMIENTO CENTROS DEPORTIVOS DISTRITO CIUDAD LINEAL;1215;34201;62500;11;DEPORTES, JUVENTUD  Y ESPARCIMIENTO;1;POLIDEPORTIVOS;215;CIUDAD LINEAL;10.000,00
2020/000041;EQUIPAMIENTO CENTROS DEPORTIVOS DISTRITO CIUDAD LINEAL;1215;34201;62599;11;DEPORTES, JUVENTUD  Y ESPARCIMIENTO;1;POLIDEPORTIVOS;215;CIUDAD LINEAL;10.000,00
2020/000049;EQUIPAMIENTO SERVICIOS ADMINISTRATIVOS DISTRITO DE CIUDAD LINEAL;1215;92001;62500;0;INVERSIONES DE CARÁCTER GENERAL;2;SERVICIOS ADMINISTRATIVOS  TERRITORIALES;215;CIUDAD LINEAL;5.000,00
2020/000049;EQUIPAMIENTO SERVICIOS ADMINISTRATIVOS DISTRITO DE CIUDAD LINEAL;1215;92001;62599;0;INVERSIONES DE CARÁCTER GENERAL;2;SERVICIOS ADMINISTRATIVOS  TERRITORIALES;215;CIUDAD LINEAL;3.000,00
2020/000306;ÁREA DE MAYORES EN ZONA VERDE C/ASCAO C/V C/JOSÉ ARCONES GIL. ADECUACIÓN;1215;17102;61921;9;MEDIO AMBIENTE;1;ZONAS AJARDINADAS;215;CIUDAD LINEAL;57.100,00
2018/008027;AREAS DE COMPOSTAJE COMUNITARIO DISTRITO DE HORTALEZA. CONSTRUCCIÓN (ID: 1037);1216;17102;61913;9;MEDIO AMBIENTE;7;DESARROLLO MEDIO AMBIENTAL, SOSTENIBILIDAD;216;HORTALEZA;21.000,00
2020/000277;OBRAS DE CONSERVACIÓN CENTROS DOCENTES DE ENSEÑANZA DISTRITO DE HORTALEZA;1216;32301;63200;5;EDUCACIÓN;0;COLEGIOS;216;HORTALEZA;123.500,00
2020/000283;OBRAS DE CONSERVACIÓN INSTALACIONES DEPORTIVAS DISTRITO DE HORTALEZA;1216;34201;63200;11;DEPORTES, JUVENTUD  Y ESPARCIMIENTO;1;POLIDEPORTIVOS;216;HORTALEZA;123.500,00
2020/000285;OBRAS DE CONSERVACIÓN EDIFICIOS DISTRITO DE HORTALEZA;1216;93302;63200;0;INVERSIONES DE CARÁCTER GENERAL;3;EDIFICIOS PARA EL USO GENERAL;216;HORTALEZA;123.500,00
2018/008029;DEPORTIVO BÁSICO ÁMBITO APE 17.02 PARQUE CENTRAL DE INGENIEROS. CONSTRUCCIÓN (ID: 1040);1217;34201;60999;11;DEPORTES, JUVENTUD  Y ESPARCIMIENTO;2;PISTAS DEPORTIVAS ELEMENTALES;217;VILLAVERDE;129.839,00
2020/000080;EDIFICIO NAVAS DE TOLOSA. CONSTRUCCIÓN CENTRO CULTURAL Y DE MAYORES;1217;93302;62200;10;CULTURA;3;CENTROS CULTURALES;217;VILLAVERDE;100.000,00
2019/000512;ZONA VERDE PLAZA SAN AGAPITO. OBRAS DE MEJORA;1217;17102;61921;9;MEDIO AMBIENTE;1;ZONAS AJARDINADAS;217;VILLAVERDE;160.000,00
2020/000023;OBRAS DE CONSERVACIÓN CENTROS DOCENTES DE ENSEÑANZA DISTRITO DE VILLA DE VALLECAS;1218;32301;63200;5;EDUCACIÓN;0;COLEGIOS;218;VILLA DE VALLECAS;115.000,00
2019/009246;DEPORTIVO BÁSICO PEÑARANDA DE BRACAMONTE. CUBRICIÓN PISTA BALONCESTO (ID: 8669);1218;34201;60999;11;DEPORTES, JUVENTUD  Y ESPARCIMIENTO;2;PISTAS DEPORTIVAS ELEMENTALES;218;VILLA DE VALLECAS;96.000,00
2019/009248;PISTAS MINI DEPORTIVAS STELA MARIS. CONSTRUCCIÓN (ID: 8669);1218;34201;60999;11;DEPORTES, JUVENTUD  Y ESPARCIMIENTO;2;PISTAS DEPORTIVAS ELEMENTALES;218;VILLA DE VALLECAS;21.000,00
2020/000025;OBRAS DE CONSERVACIÓN INSTALACIONES DEPORTIVAS DISTRITO DE VILLA DE VALLECAS;1218;34201;63200;11;DEPORTES, JUVENTUD  Y ESPARCIMIENTO;1;POLIDEPORTIVOS;218;VILLA DE VALLECAS;115.000,00
2020/000026;OBRAS DE CONSERVACIÓN EDIFICIOS DISTRITO DE VILLA DE VALLECAS;1218;93302;63200;0;INVERSIONES DE CARÁCTER GENERAL;3;EDIFICIOS PARA EL USO GENERAL;218;VILLA DE VALLECAS;70.000,00
2019/000430;SOLAR ENTORNO MERCADO VILLA DE VALLECAS. ACONDICIONAMIENTO PARA APARCAMIENTO;1218;15322;61000;7;INFRAESTRUCTURAS;2;CONSTRUCCIÓN Y/O ADQUISICIÓN DE APARCAMIENTOS;218;VILLA DE VALLECAS;116.000,00
2019/000478;DEPORTIVO BÁSICO PARQUE REAL DE ARGANDA. INSTALACIÓN CIRCUITO SKATEPARK;1218;34201;60999;11;DEPORTES, JUVENTUD  Y ESPARCIMIENTO;2;PISTAS DEPORTIVAS ELEMENTALES;218;VILLA DE VALLECAS;60.000,00
2020/000126;CONSERVACIÓN Y REFORMA VÍAS PÚBLICAS DEL DISTRITO DE VICÁLVARO;1219;15322;61910;8;MANTENIMIENTO URBANO;2;VÍAS PÚBLICAS;219;VICALVARO;160.000,00
2020/000120;EQUIPAMIENTO CENTROS DE MAYORES DISTRITO VICÁLVARO;1219;23103;62599;3;PROTECCIÓN Y PROMOCIÓN SOCIAL;1;CENTROS DE MAYORES;219;VICALVARO;100
2020/000120;EQUIPAMIENTO CENTROS DE MAYORES DISTRITO VICÁLVARO;1219;23103;63599;3;PROTECCIÓN Y PROMOCIÓN SOCIAL;1;CENTROS DE MAYORES;219;VICALVARO;100
2020/000121;EQUIPAMIENTO CENTROS SERVICIOS SOCIALES DISTRITO VICÁLVARO;1219;23106;62599;3;PROTECCIÓN Y PROMOCIÓN SOCIAL;2;CENTROS DE SERVICIOS SOCIALES;219;VICALVARO;100
2020/000095;OBRAS DE CONSERVACIÓN CENTROS DOCENTES DE ENSEÑANZA DISTRITO DE VICÁLVARO;1219;32301;63200;5;EDUCACIÓN;0;COLEGIOS;219;VICALVARO;90.000,00
2020/000141;EQUIPAMIENTO CENTROS DEPORTIVOS DEL DISTRITO DE VICÁLVARO;1219;34201;62599;11;DEPORTES, JUVENTUD  Y ESPARCIMIENTO;1;POLIDEPORTIVOS;219;VICALVARO;100
2020/000139;OBRAS DE CONSERVACIÓN INSTALACIONES DEPORTIVAS DISTRITO DE VICÁLVARO;1219;34201;63200;11;DEPORTES, JUVENTUD  Y ESPARCIMIENTO;1;POLIDEPORTIVOS;219;VICALVARO;10.000,00
2020/000076;EQUIPAMIENTO SERVICIOS ADMINISTRATIVOS DEL DISTRITO DE VICALVARO;1219;92001;62500;0;INVERSIONES DE CARÁCTER GENERAL;2;SERVICIOS ADMINISTRATIVOS  TERRITORIALES;219;VICALVARO;100
2020/000063;OBRAS DE CONSERVACIÓN EDIFICIOS DISTRITO DE VICÁLVARO;1219;93302;63200;0;INVERSIONES DE CARÁCTER GENERAL;3;EDIFICIOS PARA EL USO GENERAL;219;VICALVARO;80.000,00
2020/000228;EQUIPAMIENTO SERVICIOS VÍAS PÚBLICAS DEL DISTRITO SAN BLAS-CANILLEJAS;1220;15322;62302;8;MANTENIMIENTO URBANO;2;VÍAS PÚBLICAS;220;SAN BLAS - CANILLEJAS;100
2020/000228;EQUIPAMIENTO SERVICIOS VÍAS PÚBLICAS DEL DISTRITO SAN BLAS-CANILLEJAS;1220;15322;62599;8;MANTENIMIENTO URBANO;2;VÍAS PÚBLICAS;220;SAN BLAS - CANILLEJAS;100
2020/000142;CENTROS DE DÍA DE MENORES DEL DISTRITO SAN BLAS-CANILLEJAS. MOBILIARIO;1220;23102;62500;3;PROTECCIÓN Y PROMOCIÓN SOCIAL;3;INFANCIA Y FAMILIA;220;SAN BLAS - CANILLEJAS;1.000,00
2020/000142;CENTROS DE DÍA DE MENORES DEL DISTRITO SAN BLAS-CANILLEJAS. MOBILIARIO;1220;23102;63500;3;PROTECCIÓN Y PROMOCIÓN SOCIAL;3;INFANCIA Y FAMILIA;220;SAN BLAS - CANILLEJAS;2.000,00
2020/000188;CENTROS DE MAYORES DEL DISTRITO SAN BLAS-CANILLEJAS. MOBILIARIO;1220;23103;62500;3;PROTECCIÓN Y PROMOCIÓN SOCIAL;1;CENTROS DE MAYORES;220;SAN BLAS - CANILLEJAS;15.000,00
2020/000188;CENTROS DE MAYORES DEL DISTRITO SAN BLAS-CANILLEJAS. MOBILIARIO;1220;23103;63500;3;PROTECCIÓN Y PROMOCIÓN SOCIAL;1;CENTROS DE MAYORES;220;SAN BLAS - CANILLEJAS;8.000,00
2020/000196;EQUIPAMIENTO CENTROS DE SERVICIOS SOCIALES DEL DISTRITO SAN BLAS-CANILLEJAS;1220;23106;62599;3;PROTECCIÓN Y PROMOCIÓN SOCIAL;2;CENTROS DE SERVICIOS SOCIALES;220;SAN BLAS - CANILLEJAS;8.000,00
2020/000196;EQUIPAMIENTO CENTROS DE SERVICIOS SOCIALES DEL DISTRITO SAN BLAS-CANILLEJAS;1220;23106;63599;3;PROTECCIÓN Y PROMOCIÓN SOCIAL;2;CENTROS DE SERVICIOS SOCIALES;220;SAN BLAS - CANILLEJAS;8.000,00
2020/000222;OBRAS DE CONSERVACIÓN CENTROS DOCENTES DE ENSEÑANZA DISTRITO SAN BLAS-CANILLEJAS;1220;32301;63200;5;EDUCACIÓN;0;COLEGIOS;220;SAN BLAS - CANILLEJAS;426.795,00
2020/000221;PLACAS CONMEMORATIVAS EN EL DISTRITO DE SAN BLAS-CANILLEJAS;1220;33401;60999;10;CULTURA;5;PROMOCIÓN DE LA CULTURA;220;SAN BLAS - CANILLEJAS;1.000,00
2020/000273;EQUIPAMIENTO CENTROS CULTURALES DISTRITO-SAN BLAS CANILLEJAS;1220;33401;63599;10;CULTURA;3;CENTROS CULTURALES;220;SAN BLAS - CANILLEJAS;50.000,00
2020/000225;OBRAS DE CONSERVACIÓN INSTALACIONES DEPORTIVAS DEL DISTRITO SAN BLAS-CANILLEJAS;1220;34201;63200;11;DEPORTES, JUVENTUD  Y ESPARCIMIENTO;1;POLIDEPORTIVOS;220;SAN BLAS - CANILLEJAS;7.000,00
2020/000212;EQUIPAMIENTO SERVICIOS ADMINISTRATIVOS DISTRITO SAN BLAS-CANILLEJAS;1220;92001;62302;0;INVERSIONES DE CARÁCTER GENERAL;2;SERVICIOS ADMINISTRATIVOS  TERRITORIALES;220;SAN BLAS - CANILLEJAS;500
2020/000214;SERVICIOS ADMINISTRATIVOS DISTRITO SAN BLAS-CANILLEJAS. MOBILIARIO;1220;92001;62500;0;INVERSIONES DE CARÁCTER GENERAL;2;SERVICIOS ADMINISTRATIVOS  TERRITORIALES;220;SAN BLAS - CANILLEJAS;12.500,00
2020/000212;EQUIPAMIENTO SERVICIOS ADMINISTRATIVOS DISTRITO SAN BLAS-CANILLEJAS;1220;92001;62599;0;INVERSIONES DE CARÁCTER GENERAL;2;SERVICIOS ADMINISTRATIVOS  TERRITORIALES;220;SAN BLAS - CANILLEJAS;5.000,00
2020/000212;EQUIPAMIENTO SERVICIOS ADMINISTRATIVOS DISTRITO SAN BLAS-CANILLEJAS;1220;92001;62601;0;INVERSIONES DE CARÁCTER GENERAL;2;SERVICIOS ADMINISTRATIVOS  TERRITORIALES;220;SAN BLAS - CANILLEJAS;500
2020/000212;EQUIPAMIENTO SERVICIOS ADMINISTRATIVOS DISTRITO SAN BLAS-CANILLEJAS;1220;92001;63302;0;INVERSIONES DE CARÁCTER GENERAL;2;SERVICIOS ADMINISTRATIVOS  TERRITORIALES;220;SAN BLAS - CANILLEJAS;500
2020/000214;SERVICIOS ADMINISTRATIVOS DISTRITO SAN BLAS-CANILLEJAS. MOBILIARIO;1220;92001;63500;0;INVERSIONES DE CARÁCTER GENERAL;2;SERVICIOS ADMINISTRATIVOS  TERRITORIALES;220;SAN BLAS - CANILLEJAS;2.500,00
2020/000212;EQUIPAMIENTO SERVICIOS ADMINISTRATIVOS DISTRITO SAN BLAS-CANILLEJAS;1220;92001;63599;0;INVERSIONES DE CARÁCTER GENERAL;2;SERVICIOS ADMINISTRATIVOS  TERRITORIALES;220;SAN BLAS - CANILLEJAS;1.500,00
2020/000275;OBRAS CONSERVACIÓN EDIFICIOS DISTRITO SAN BLAS-CANILLEJAS;1220;93302;63200;0;INVERSIONES DE CARÁCTER GENERAL;3;EDIFICIOS PARA EL USO GENERAL;220;SAN BLAS - CANILLEJAS;190.326,00
2019/000436;CENTRO DEPORTIVO SAN BLAS. ACONDICIONAMIENTO PAVIMENTO PABELLÓN CIRCULAR;1220;34201;63200;11;DEPORTES, JUVENTUD  Y ESPARCIMIENTO;1;POLIDEPORTIVOS;220;SAN BLAS - CANILLEJAS;176.328,00
2020/000224;CENTROS DEPORTIVOS MUNICIPALES DEL DISTRITO DE BARAJAS. MAQUINARIA;1221;34201;62300;11;DEPORTES, JUVENTUD  Y ESPARCIMIENTO;1;POLIDEPORTIVOS;221;BARAJAS;10.200,00
2020/000211;EQUIPAMIENTO SERVICIOS ADMINISTRATIVOS DISTRITO BARAJAS;1221;92001;62500;0;INVERSIONES DE CARÁCTER GENERAL;2;SERVICIOS ADMINISTRATIVOS  TERRITORIALES;221;BARAJAS;5.000,00
2020/000149;SERVICIOS INFORMÁTICA AYUNTAMIENTO DE MADRID. ADQUISICIÓN DE MAQUINARIA;501102;49101;62300;13;OTROS BIENES PÚBLICOS DE CARÁCTER ECONÓMICO;0;INFORMÁTICA;999;NO DISTRITALIZABLE;2.000,00
2020/000151;SERVICIOS INFORMÁTICA AYUNTAMIENTO DE MADRID. INSTALACIONES TÉCNICAS;501102;49101;62301;13;OTROS BIENES PÚBLICOS DE CARÁCTER ECONÓMICO;0;INFORMÁTICA;999;NO DISTRITALIZABLE;8.000,00
2020/000152;SERVICIOS INFORMÁTICA AYUNTAMIENTO DE MADRID. MOBILIARIO Y EQUIPOS DE OFICINA;501102;49101;62500;13;OTROS BIENES PÚBLICOS DE CARÁCTER ECONÓMICO;0;INFORMÁTICA;999;NO DISTRITALIZABLE;10.000,00
2018/000635;INFRAESTRUCTURA PARA REDES INTERNAS DE COMUNICACIONES;501102;49101;62600;13;OTROS BIENES PÚBLICOS DE CARÁCTER ECONÓMICO;2;COMUNICACIONES;999;NO DISTRITALIZABLE;671.490,00
2019/000610;DOTACIÓN INFORMÁTICA DE LOS ESPACIOS DE TRABAJO;501102;49101;62601;13;OTROS BIENES PÚBLICOS DE CARÁCTER ECONÓMICO;0;INFORMÁTICA;999;NO DISTRITALIZABLE;5.581.519,00
2017/000351;ADQUISICION Y DESARROLLO DE APLICACIONES;501102;49101;64100;13;OTROS BIENES PÚBLICOS DE CARÁCTER ECONÓMICO;0;INFORMÁTICA;999;NO DISTRITALIZABLE;1.571.085,00
2019/000042;ADQUISICIÓN Y DESARROLLO DE APLICACIONES;501102;49101;64100;13;OTROS BIENES PÚBLICOS DE CARÁCTER ECONÓMICO;0;INFORMÁTICA;999;NO DISTRITALIZABLE;95.598,00
2019/000610;DOTACIÓN INFORMÁTICA DE LOS ESPACIOS DE TRABAJO;501102;49101;64100;13;OTROS BIENES PÚBLICOS DE CARÁCTER ECONÓMICO;0;INFORMÁTICA;999;NO DISTRITALIZABLE;166.375,00
2020/000154;ADQUISICIÓN Y DESARROLLO DE APLICACIONES INFORMÁTICAS;501102;49101;64100;13;OTROS BIENES PÚBLICOS DE CARÁCTER ECONÓMICO;0;INFORMÁTICA;999;NO DISTRITALIZABLE;299.257,00
2020/000239;EQUIPAMIENTO DE LOS CENTRO DE LA AGENCIA PARA EL EMPLEO;503141;24100;62500;3;PROTECCIÓN Y PROMOCIÓN SOCIAL;7;CENTROS PARA LA PROMOCIÓN DE EMPLEO;998;VARIOS DISTRITOS;150.000,00
2020/000239;EQUIPAMIENTO DE LOS CENTRO DE LA AGENCIA PARA EL EMPLEO;503141;24100;62599;3;PROTECCIÓN Y PROMOCIÓN SOCIAL;7;CENTROS PARA LA PROMOCIÓN DE EMPLEO;998;VARIOS DISTRITOS;18.000,00
2020/000241;ADQUISICIÓN DE EQUIPOS PROCESOS DE INFORMACIÓN PARA LA AGENCIA DE EMPLEO;503141;24100;62601;3;PROTECCIÓN Y PROMOCIÓN SOCIAL;7;CENTROS PARA LA PROMOCIÓN DE EMPLEO;998;VARIOS DISTRITOS;75.000,00
2020/000238;OBRAS DE REFORMA DE LOS CENTROS DE LA AGENCIA PARA EL EMPLEO;503141;24100;63200;3;PROTECCIÓN Y PROMOCIÓN SOCIAL;7;CENTROS PARA LA PROMOCIÓN DE EMPLEO;998;VARIOS DISTRITOS;173.408,00
2020/000243;ADQUISICIÓN  MAQUINARIA E INSTALACIONES TÉCNICAS POLÍTICAS ACTIVAS DE EMPLEO;503141;24103;62300;3;PROTECCIÓN Y PROMOCIÓN SOCIAL;7;CENTROS PARA LA PROMOCIÓN DE EMPLEO;999;NO DISTRITALIZABLE;20.000,00
2020/000243;ADQUISICIÓN  MAQUINARIA E INSTALACIONES TÉCNICAS POLÍTICAS ACTIVAS DE EMPLEO;503141;24103;62301;3;PROTECCIÓN Y PROMOCIÓN SOCIAL;7;CENTROS PARA LA PROMOCIÓN DE EMPLEO;999;NO DISTRITALIZABLE;2.500,00
2020/000248;ADQUISICIÓN UTILES Y HERRAMIENTAS ACCIONES IINFORMATIVAS AGENCIA PARA EL EMPLEO;503141;24103;62302;3;PROTECCIÓN Y PROMOCIÓN SOCIAL;7;CENTROS PARA LA PROMOCIÓN DE EMPLEO;999;NO DISTRITALIZABLE;25.000,00
2020/000244;EQUIPAMIENTO CENTROS AGENCIA PARA EL EMPLEO PARA POLÍTICAS ACTIVAS DE EMPLEO;503141;24103;62500;3;PROTECCIÓN Y PROMOCIÓN SOCIAL;7;CENTROS PARA LA PROMOCIÓN DE EMPLEO;999;NO DISTRITALIZABLE;5.000,00
2020/000244;EQUIPAMIENTO CENTROS AGENCIA PARA EL EMPLEO PARA POLÍTICAS ACTIVAS DE EMPLEO;503141;24103;62599;3;PROTECCIÓN Y PROMOCIÓN SOCIAL;7;CENTROS PARA LA PROMOCIÓN DE EMPLEO;999;NO DISTRITALIZABLE;35.000,00
2020/000242;ADQUISICIÓN EQUIPOS COMUNICACIÓN Y AUDIO PARA CENTROS AGENCIA PARA EL EMPLEO;503141;24103;62600;3;PROTECCIÓN Y PROMOCIÓN SOCIAL;7;CENTROS PARA LA PROMOCIÓN DE EMPLEO;998;VARIOS DISTRITOS;4.000,00
2020/000247;ADQUISICIÓN EQUIPOS PARA PROCESOS DE DATOS PARA CENTROS FORMACIÓN AE;503141;24103;62601;3;PROTECCIÓN Y PROMOCIÓN SOCIAL;7;CENTROS PARA LA PROMOCIÓN DE EMPLEO;999;NO DISTRITALIZABLE;5.000,00
2020/000246;SEÑALIZACIÓN PARA ACCESIBILIDAD EN CENTROS DE LA AGENCIA PARA EL EMPLEO;503141;24103;62901;3;PROTECCIÓN Y PROMOCIÓN SOCIAL;7;CENTROS PARA LA PROMOCIÓN DE EMPLEO;999;NO DISTRITALIZABLE;7.500,00
2020/000245;REPARACIÓN MAQUINARIA CENTROS FORMACIÓN DE LA AGENCIA PARA EL EMPLEO;503141;24103;63300;3;PROTECCIÓN Y PROMOCIÓN SOCIAL;7;CENTROS PARA LA PROMOCIÓN DE EMPLEO;999;NO DISTRITALIZABLE;2.500,00
2020/000288;ADQUISICIÓN DE SONDAS CO2 PARA INSTALAR EN CLIMATIZADORES, C/ SACRAMENTO, 5;506170;93200;62301;0;INVERSIONES DE CARÁCTER GENERAL;1;SERVICIOS ADMINISTRATIVOS CENTRALES;999;NO DISTRITALIZABLE;4.500,00
2020/000108;MEDIDORES DE LASER, C/ SACRAMENTO, 1;506170;93200;62302;0;INVERSIONES DE CARÁCTER GENERAL;1;SERVICIOS ADMINISTRATIVOS CENTRALES;999;NO DISTRITALIZABLE;600
2020/000287;INSTALACIÓN DE ELEMENTOS DE PROTECCIÓN SOLAR EN EDIFICIOS C/ SACRAMENTO, 3 Y 9;506170;93200;62500;0;INVERSIONES DE CARÁCTER GENERAL;1;SERVICIOS ADMINISTRATIVOS CENTRALES;999;NO DISTRITALIZABLE;6.000,00
2020/000133;SUSTITUCIÓN DE HUMIDIFICADORES, C/ SACRAMENTO, 5;506170;93200;63301;0;INVERSIONES DE CARÁCTER GENERAL;1;SERVICIOS ADMINISTRATIVOS CENTRALES;999;NO DISTRITALIZABLE;52.000,00
2020/000135;EQUIPAMIENTO EN EDIFICIOS DE LA AGENCIA TRIBUTARIA MADRID;506170;93200;63500;0;INVERSIONES DE CARÁCTER GENERAL;1;SERVICIOS ADMINISTRATIVOS CENTRALES;999;NO DISTRITALIZABLE;60.700,00
2020/000005;MAQUINARIA PARA LOS DIFERENTES CENTROS DE MADRID SALUD;508120;31100;62300;4;SALUD PÚBLICA;0;PROMOCIÓN DE LA SALUD Y AT. SANITARIA;998;VARIOS DISTRITOS;575.513,00
2020/000006;INSTALACIONES TECNICAS PARA LOS DIFERENTES CENTROS DE MADRID SALUD;508120;31100;62301;4;SALUD PÚBLICA;0;PROMOCIÓN DE LA SALUD Y AT. SANITARIA;998;VARIOS DISTRITOS;15.000,00
2020/000007;EQUIPAMIENTO PARA LOS DIFERENTES CENTROS DE MADRID SALUD;508120;31100;62500;4;SALUD PÚBLICA;0;PROMOCIÓN DE LA SALUD Y AT. SANITARIA;998;VARIOS DISTRITOS;38.800,00
2020/000007;EQUIPAMIENTO PARA LOS DIFERENTES CENTROS DE MADRID SALUD;508120;31100;62599;4;SALUD PÚBLICA;0;PROMOCIÓN DE LA SALUD Y AT. SANITARIA;998;VARIOS DISTRITOS;46.500,00
2020/000008;SEÑALIZACIÓN PARA LOS DIFERENTES CENTROS DE MADRID SALUD;508120;31100;62901;4;SALUD PÚBLICA;0;PROMOCIÓN DE LA SALUD Y AT. SANITARIA;998;VARIOS DISTRITOS;18.000,00
2020/000010;OBRAS DE REFORMA EN LOS DIFERENTES CENTROS DE MADRID SALUD;508120;31100;63200;4;SALUD PÚBLICA;0;PROMOCIÓN DE LA SALUD Y AT. SANITARIA;999;NO DISTRITALIZABLE;86.300,00
2020/000006;INSTALACIONES TECNICAS PARA LOS DIFERENTES CENTROS DE MADRID SALUD;508120;31100;63301;4;SALUD PÚBLICA;0;PROMOCIÓN DE LA SALUD Y AT. SANITARIA;998;VARIOS DISTRITOS;80.000,00
2020/000009;APLICACIONES INFORMATICAS MADRID SALUD;508120;31100;64100;4;SALUD PÚBLICA;0;PROMOCIÓN DE LA SALUD Y AT. SANITARIA;999;NO DISTRITALIZABLE;17.400,00
;;;;;;;;;;;322.216.832,00
