Centro;Descripcion Centro;Capitulo;Descripcion Capitulo;Economico;Relación de partidas;Proy-Ppto-2020
001;AYUNTAMIENTO DE MADRID;1;IMPUESTOS DIRECTOS;10000;IMPUESTO SOBRE LA RENTA DE LAS PERSONAS FÍSICAS; 145.764.362,00   
001;AYUNTAMIENTO DE MADRID;1;IMPUESTOS DIRECTOS;11200;IMPUESTO S/BIENES INMUEBLES DE NATURALEZA RÚSTICA; 771.224,00   
001;AYUNTAMIENTO DE MADRID;1;IMPUESTOS DIRECTOS;11300;IMPUESTO S/ BIENES INMUEBLES DE NATURALEZA URBANA; 1.500.788.763,00   
001;AYUNTAMIENTO DE MADRID;1;IMPUESTOS DIRECTOS;11400;IMPUESTO S/ BIENES INMUEBLES CARACTER. ESPECIALES; 51.268.306,00   
001;AYUNTAMIENTO DE MADRID;1;IMPUESTOS DIRECTOS;11500;IMPUESTO SOBRE VEHÍCULOS DE TRACCIÓN MECÁNICA; 152.177.629,00   
001;AYUNTAMIENTO DE MADRID;1;IMPUESTOS DIRECTOS;11600;IMPUESTO S/ EL INCREMENTO DE VALOR DE LOS TERRENOS; 525.068.883,00   
001;AYUNTAMIENTO DE MADRID;1;IMPUESTOS DIRECTOS;13000;ACTIVIDADES EMPRESARIALES; 139.046.113,00   
001;AYUNTAMIENTO DE MADRID;1;IMPUESTOS DIRECTOS;13001;ACTIVIDADES PROFESIONALES Y ARTÍSTICAS; 3.227,00   
001;AYUNTAMIENTO DE MADRID;1;IMPUESTOS DIRECTOS;18900;IMPUESTOS DIRECTOS EXTINGUIDOS; 4.021,00   
001;AYUNTAMIENTO DE MADRID;2;IMPUESTOS INDIRECTOS;21000;IMPUESTO SOBRE EL VALOR AÑADIDO; 80.040.479,00   
001;AYUNTAMIENTO DE MADRID;2;IMPUESTOS INDIRECTOS;22000;IMPUESTO SOBRE EL ALCOHOL Y BEBIDAS DERIVADAS; 915.999,00   
001;AYUNTAMIENTO DE MADRID;2;IMPUESTOS INDIRECTOS;22001;IMPUESTO SOBRE LA CERVEZA; 330.769,00   
001;AYUNTAMIENTO DE MADRID;2;IMPUESTOS INDIRECTOS;22003;IMPUESTO SOBRE LABORES DE TABACO; 6.259.137,00   
001;AYUNTAMIENTO DE MADRID;2;IMPUESTOS INDIRECTOS;22004;IMPUESTO SOBRE HIDROCARBUROS; 7.620.173,00   
001;AYUNTAMIENTO DE MADRID;2;IMPUESTOS INDIRECTOS;22006;IMPUESTO SOBRE PRODUCTOS INTERMEDIOS; 24.512,00   
001;AYUNTAMIENTO DE MADRID;2;IMPUESTOS INDIRECTOS;29000;IMPUESTO S/CONSTRUCCIONES, INSTALAC. Y OBRAS; 106.802.448,00   
001;AYUNTAMIENTO DE MADRID;2;IMPUESTOS INDIRECTOS;29100;IMPUESTO COTOS DE CAZA Y PESCA; 355,00   
001;AYUNTAMIENTO DE MADRID;3;TASAS, PRECIOS PÚBLICOS Y OTROS INGRESOS;30200;RETIRADA CONTENEDORES DE LA VÍA PÚBLICA; 112.000,00   
001;AYUNTAMIENTO DE MADRID;3;TASAS, PRECIOS PÚBLICOS Y OTROS INGRESOS;30300;TASA POR GESTIÓN DE RESIDUOS; 30.022.413,00   
001;AYUNTAMIENTO DE MADRID;3;TASAS, PRECIOS PÚBLICOS Y OTROS INGRESOS;30301;VERTEDERO; 2.662.219,00   
001;AYUNTAMIENTO DE MADRID;3;TASAS, PRECIOS PÚBLICOS Y OTROS INGRESOS;30302;RECOGIDA DE DESECHOS E INCINERACIÓN; 80.107,00   
001;AYUNTAMIENTO DE MADRID;3;TASAS, PRECIOS PÚBLICOS Y OTROS INGRESOS;30500;SERVICIOS DE HIGIENE Y SALUD PÚBLICA; 87.206,00   
001;AYUNTAMIENTO DE MADRID;3;TASAS, PRECIOS PÚBLICOS Y OTROS INGRESOS;30600;MANTENIMIENTO DEL SERVICIO DE BOMBEROS; 15.886.392,00   
001;AYUNTAMIENTO DE MADRID;3;TASAS, PRECIOS PÚBLICOS Y OTROS INGRESOS;30900;BOLETIN AYUNTAMIENTO DE MADRID; 2.000,00   
001;AYUNTAMIENTO DE MADRID;3;TASAS, PRECIOS PÚBLICOS Y OTROS INGRESOS;30902;TRANSPORTES ESPECIALES; 11.204,00   
001;AYUNTAMIENTO DE MADRID;3;TASAS, PRECIOS PÚBLICOS Y OTROS INGRESOS;30903;COPIAS, FOTOCOPIAS Y FOTOGRAFÍAS; 126.022,00   
001;AYUNTAMIENTO DE MADRID;3;TASAS, PRECIOS PÚBLICOS Y OTROS INGRESOS;30904;GALERIAS MUNICIPALES DE SERVICIOS; 5.481.670,00   
001;AYUNTAMIENTO DE MADRID;3;TASAS, PRECIOS PÚBLICOS Y OTROS INGRESOS;30905;DERECHOS DE EXAMEN; 386.000,00   
001;AYUNTAMIENTO DE MADRID;3;TASAS, PRECIOS PÚBLICOS Y OTROS INGRESOS;30998;TASAS EXTINGUIDAS SERV. PÚBLICOS BÁSICOS; 155.051,00   
001;AYUNTAMIENTO DE MADRID;3;TASAS, PRECIOS PÚBLICOS Y OTROS INGRESOS;31100;SERVICIOS SANITARIOS; 900.000,00   
001;AYUNTAMIENTO DE MADRID;3;TASAS, PRECIOS PÚBLICOS Y OTROS INGRESOS;31600;PLANETARIO DE MADRID; 394.215,00   
001;AYUNTAMIENTO DE MADRID;3;TASAS, PRECIOS PÚBLICOS Y OTROS INGRESOS;31900;MATRIMONIOS CIVILES; 176.284,00   
001;AYUNTAMIENTO DE MADRID;3;TASAS, PRECIOS PÚBLICOS Y OTROS INGRESOS;32100;LICENCIAS URBANÍSTICAS; 16.695.277,00   
001;AYUNTAMIENTO DE MADRID;3;TASAS, PRECIOS PÚBLICOS Y OTROS INGRESOS;32199;OTRAS PRESTACIONES URBANÍSTICAS; 2.676.112,00   
001;AYUNTAMIENTO DE MADRID;3;TASAS, PRECIOS PÚBLICOS Y OTROS INGRESOS;32200;LICENCIAS DE PRIMERA OCUPACIÓN; 1.627.293,00   
001;AYUNTAMIENTO DE MADRID;3;TASAS, PRECIOS PÚBLICOS Y OTROS INGRESOS;32500;EXPEDICIÓN DOCUMENTOS ADMINISTRATIVOS; 1.099.958,00   
001;AYUNTAMIENTO DE MADRID;3;TASAS, PRECIOS PÚBLICOS Y OTROS INGRESOS;32600;RETIRADA DE VEHÍCULOS DE LA VÍA PÚBLICA; 8.000.000,00   
001;AYUNTAMIENTO DE MADRID;3;TASAS, PRECIOS PÚBLICOS Y OTROS INGRESOS;32900;AUTOTAXIS; 1.117.383,00   
001;AYUNTAMIENTO DE MADRID;3;TASAS, PRECIOS PÚBLICOS Y OTROS INGRESOS;32998;TASAS EXTINGUIDAS POR REALIZACIÓN DE ACTIVIDADES; 231.347,00   
001;AYUNTAMIENTO DE MADRID;3;TASAS, PRECIOS PÚBLICOS Y OTROS INGRESOS;32999;OTRAS TASAS POR REALIZACIÓN DE ACTIVIDADES; 20.140,00   
001;AYUNTAMIENTO DE MADRID;3;TASAS, PRECIOS PÚBLICOS Y OTROS INGRESOS;33000;ESTACIONAMIENTO DE VEHÍCULOS DE RESIDENTES; 5.226.640,00   
001;AYUNTAMIENTO DE MADRID;3;TASAS, PRECIOS PÚBLICOS Y OTROS INGRESOS;33001;ESTACIONAMIENTO DE VEHÍCULOS COMERC. E INDUSTR.; 5.778.188,00   
001;AYUNTAMIENTO DE MADRID;3;TASAS, PRECIOS PÚBLICOS Y OTROS INGRESOS;33003;TALLERES DE REPARACIÓN; 11.659,00   
001;AYUNTAMIENTO DE MADRID;3;TASAS, PRECIOS PÚBLICOS Y OTROS INGRESOS;33011;ESTACIONAMIENTO DE VEHÍCULOS LOTE 1; 15.801.482,00   
001;AYUNTAMIENTO DE MADRID;3;TASAS, PRECIOS PÚBLICOS Y OTROS INGRESOS;33012;ESTACIONAMIENTO DE VEHÍCULOS LOTE 2; 21.623.521,00   
001;AYUNTAMIENTO DE MADRID;3;TASAS, PRECIOS PÚBLICOS Y OTROS INGRESOS;33013;ESTACIONAMIENTO DE VEHÍCULOS LOTE 3; 14.203.638,00   
001;AYUNTAMIENTO DE MADRID;3;TASAS, PRECIOS PÚBLICOS Y OTROS INGRESOS;33017;ESTACIONAMIENTO DE VEHÍCULOS LOTE 4; 18.449.725,00   
001;AYUNTAMIENTO DE MADRID;3;TASAS, PRECIOS PÚBLICOS Y OTROS INGRESOS;33100;ENTRADA DE VEHÍCULOS; 28.988.569,00   
001;AYUNTAMIENTO DE MADRID;3;TASAS, PRECIOS PÚBLICOS Y OTROS INGRESOS;33200;EMPRESAS EXPLOTADORAS SERV. DE SUMINISTROS; 43.894.720,00   
001;AYUNTAMIENTO DE MADRID;3;TASAS, PRECIOS PÚBLICOS Y OTROS INGRESOS;33300;EMPRESAS EXPLOT. SERV. TELECOMUNICACIONES MÓVILES; 268.303,00   
001;AYUNTAMIENTO DE MADRID;3;TASAS, PRECIOS PÚBLICOS Y OTROS INGRESOS;33301;EMPRESAS EXPLOT. SERV. TELECOMUNICACIONES FIJAS; 16.392.552,00   
001;AYUNTAMIENTO DE MADRID;3;TASAS, PRECIOS PÚBLICOS Y OTROS INGRESOS;33400;TASA POR APERTURA DE CALAS Y ZANJAS; 227.751,00   
001;AYUNTAMIENTO DE MADRID;3;TASAS, PRECIOS PÚBLICOS Y OTROS INGRESOS;33500;TERRAZAS; 8.492.437,00   
001;AYUNTAMIENTO DE MADRID;3;TASAS, PRECIOS PÚBLICOS Y OTROS INGRESOS;33600;TASA CAJEROS AUTOMÁTICOS; 521.158,00   
001;AYUNTAMIENTO DE MADRID;3;TASAS, PRECIOS PÚBLICOS Y OTROS INGRESOS;33800;COMPENSACIÓN TELEFÓNICA, S.A. (LEY 15/87); 17.328.633,00   
001;AYUNTAMIENTO DE MADRID;3;TASAS, PRECIOS PÚBLICOS Y OTROS INGRESOS;33900;VALLAS Y ANDAMIOS; 9.187.430,00   
001;AYUNTAMIENTO DE MADRID;3;TASAS, PRECIOS PÚBLICOS Y OTROS INGRESOS;33901;PUESTOS; 1.244.563,00   
001;AYUNTAMIENTO DE MADRID;3;TASAS, PRECIOS PÚBLICOS Y OTROS INGRESOS;33902;FIESTAS CALLEJERAS; 7.250,00   
001;AYUNTAMIENTO DE MADRID;3;TASAS, PRECIOS PÚBLICOS Y OTROS INGRESOS;33903;USOS PARTICULARES DEL SUBSUELO; 328.464,00   
001;AYUNTAMIENTO DE MADRID;3;TASAS, PRECIOS PÚBLICOS Y OTROS INGRESOS;33904;SURTIDORES DE GASOLINA; 708.313,00   
001;AYUNTAMIENTO DE MADRID;3;TASAS, PRECIOS PÚBLICOS Y OTROS INGRESOS;33905;CONTENEDORES; 1.500.000,00   
001;AYUNTAMIENTO DE MADRID;3;TASAS, PRECIOS PÚBLICOS Y OTROS INGRESOS;33906;PUBLICIDAD EN VALLAS, ANDAMIOS Y SIMILARES; 130.239,00   
001;AYUNTAMIENTO DE MADRID;3;TASAS, PRECIOS PÚBLICOS Y OTROS INGRESOS;33907;ACCIONES PUBLICITARIAS EN LA VÍA PÚBLICA; 372.695,00   
001;AYUNTAMIENTO DE MADRID;3;TASAS, PRECIOS PÚBLICOS Y OTROS INGRESOS;33999;OTROS APROVECHAMIENTOS; 10.505.034,00   
001;AYUNTAMIENTO DE MADRID;3;TASAS, PRECIOS PÚBLICOS Y OTROS INGRESOS;34100;ASESORAMIENTO SANITARIO Y VACUNAS; 131.225,00   
001;AYUNTAMIENTO DE MADRID;3;TASAS, PRECIOS PÚBLICOS Y OTROS INGRESOS;34101;ANÁLISIS CLÍNICOS; 4.956,00   
001;AYUNTAMIENTO DE MADRID;3;TASAS, PRECIOS PÚBLICOS Y OTROS INGRESOS;34200;ESCUELA DE CERÁMICA; 110.738,00   
001;AYUNTAMIENTO DE MADRID;3;TASAS, PRECIOS PÚBLICOS Y OTROS INGRESOS;34202;ESCUELA DE SALUD PÚBLICA; 4.872,00   
001;AYUNTAMIENTO DE MADRID;3;TASAS, PRECIOS PÚBLICOS Y OTROS INGRESOS;34300;PISCINAS E INSTALACIONES DEPORTIVAS; 34.978.261,00   
001;AYUNTAMIENTO DE MADRID;3;TASAS, PRECIOS PÚBLICOS Y OTROS INGRESOS;34600;TALLERES CULTURALES; 11.004.198,00   
001;AYUNTAMIENTO DE MADRID;3;TASAS, PRECIOS PÚBLICOS Y OTROS INGRESOS;34601;ACTIVIDADES SOCIALES Y CULTURALES; 44.912,00   
001;AYUNTAMIENTO DE MADRID;3;TASAS, PRECIOS PÚBLICOS Y OTROS INGRESOS;34602;RESIDENCIAS MUNICIPALES; 95.651,00   
001;AYUNTAMIENTO DE MADRID;3;TASAS, PRECIOS PÚBLICOS Y OTROS INGRESOS;34606;CENTROS ESCOLARES ABIERTOS; 1.387.177,00   
001;AYUNTAMIENTO DE MADRID;3;TASAS, PRECIOS PÚBLICOS Y OTROS INGRESOS;34607;ESCUELAS INFANTILES MUNICIPALES; 180.576,00   
001;AYUNTAMIENTO DE MADRID;3;TASAS, PRECIOS PÚBLICOS Y OTROS INGRESOS;34699;OTROS SERVICIOS SOCIO CULTURALES; 20.000,00   
001;AYUNTAMIENTO DE MADRID;3;TASAS, PRECIOS PÚBLICOS Y OTROS INGRESOS;34700;OBRAS POR PASOS DE CARRUAJES; 111.550,00   
001;AYUNTAMIENTO DE MADRID;3;TASAS, PRECIOS PÚBLICOS Y OTROS INGRESOS;34701;OBRAS EN LA VÍA PUBLICA - DISTRITOS; 22.020,00   
001;AYUNTAMIENTO DE MADRID;3;TASAS, PRECIOS PÚBLICOS Y OTROS INGRESOS;34901;CASAS DE BAÑO; 46.194,00   
001;AYUNTAMIENTO DE MADRID;3;TASAS, PRECIOS PÚBLICOS Y OTROS INGRESOS;34999;OTROS PRECIOS PÚBLICOS; 2.027.940,00   
001;AYUNTAMIENTO DE MADRID;3;TASAS, PRECIOS PÚBLICOS Y OTROS INGRESOS;36000;VENTA DE EFECTOS INÚTILES; 1.575.000,00   
001;AYUNTAMIENTO DE MADRID;3;TASAS, PRECIOS PÚBLICOS Y OTROS INGRESOS;36001;REVISTAS Y DEMÁS PUBLICACIONES; 11.255,00   
001;AYUNTAMIENTO DE MADRID;3;TASAS, PRECIOS PÚBLICOS Y OTROS INGRESOS;36004;VENTA DE ELECTRICIDAD; 18.000,00   
001;AYUNTAMIENTO DE MADRID;3;TASAS, PRECIOS PÚBLICOS Y OTROS INGRESOS;36006;VENTA DE RESIDUOS; 33.315,00   
001;AYUNTAMIENTO DE MADRID;3;TASAS, PRECIOS PÚBLICOS Y OTROS INGRESOS;38900;PAGOS DE  EJERCICIOS ANTERIORES; 4.408.421,00   
001;AYUNTAMIENTO DE MADRID;3;TASAS, PRECIOS PÚBLICOS Y OTROS INGRESOS;38903;REINTEGROS PAGO IBI ESTACIONES REGENERADORAS AGUAS; 302.349,00   
001;AYUNTAMIENTO DE MADRID;3;TASAS, PRECIOS PÚBLICOS Y OTROS INGRESOS;38999;OTROS REINTEGROS; 6.000,00   
001;AYUNTAMIENTO DE MADRID;3;TASAS, PRECIOS PÚBLICOS Y OTROS INGRESOS;39100;INFRACCIONES URBANÍSTICAS; 1.096.882,00   
001;AYUNTAMIENTO DE MADRID;3;TASAS, PRECIOS PÚBLICOS Y OTROS INGRESOS;39110;INFRACCIONES TRIBUTARIAS Y ANÁLOGAS; 15.136.205,00   
001;AYUNTAMIENTO DE MADRID;3;TASAS, PRECIOS PÚBLICOS Y OTROS INGRESOS;39120;INFRACCIONES ORDENANZA DE CIRCULACIÓN; 191.732.497,00   
001;AYUNTAMIENTO DE MADRID;3;TASAS, PRECIOS PÚBLICOS Y OTROS INGRESOS;39130;MULTAS COERCITIVAS; 775.596,00   
001;AYUNTAMIENTO DE MADRID;3;TASAS, PRECIOS PÚBLICOS Y OTROS INGRESOS;39190;OTRAS MULTAS Y SANCIONES; 21.553.155,00   
001;AYUNTAMIENTO DE MADRID;3;TASAS, PRECIOS PÚBLICOS Y OTROS INGRESOS;39200;RECARGO POR EXTEMPORANEIDAD; 74.271,00   
001;AYUNTAMIENTO DE MADRID;3;TASAS, PRECIOS PÚBLICOS Y OTROS INGRESOS;39210;RECARGO EJECUTIVO; 4.275.972,00   
001;AYUNTAMIENTO DE MADRID;3;TASAS, PRECIOS PÚBLICOS Y OTROS INGRESOS;39211;RECARGO DE APREMIO; 21.645.098,00   
001;AYUNTAMIENTO DE MADRID;3;TASAS, PRECIOS PÚBLICOS Y OTROS INGRESOS;39300;INTERESES DE DEMORA; 17.857.978,00   
001;AYUNTAMIENTO DE MADRID;3;TASAS, PRECIOS PÚBLICOS Y OTROS INGRESOS;39710;OTROS INGRESOS POR APROVECHAMIENTOS URBANISTICOS; 13.784.922,00   
001;AYUNTAMIENTO DE MADRID;3;TASAS, PRECIOS PÚBLICOS Y OTROS INGRESOS;39901;RECURSOS EVENTUALES; 72.000,00   
001;AYUNTAMIENTO DE MADRID;3;TASAS, PRECIOS PÚBLICOS Y OTROS INGRESOS;39904;CONSUMOS EDIFICIOS MUNICIPALES; 94.054,00   
001;AYUNTAMIENTO DE MADRID;3;TASAS, PRECIOS PÚBLICOS Y OTROS INGRESOS;39905;INCAUTACIÓN GARANTÍAS DE CONTRATOS; 4.000,00   
001;AYUNTAMIENTO DE MADRID;3;TASAS, PRECIOS PÚBLICOS Y OTROS INGRESOS;39907;DEPORTES; 890,00   
001;AYUNTAMIENTO DE MADRID;3;TASAS, PRECIOS PÚBLICOS Y OTROS INGRESOS;39908;ACTIVIDADES AL AIRE LIBRE; 32.500,00   
001;AYUNTAMIENTO DE MADRID;3;TASAS, PRECIOS PÚBLICOS Y OTROS INGRESOS;39920;SISTEMA DE GESTIÓN DE ENVASES; 35.437.727,00   
001;AYUNTAMIENTO DE MADRID;3;TASAS, PRECIOS PÚBLICOS Y OTROS INGRESOS;39921;SISTEMA GESTIÓN RESIDUOS ELÉCTRICOS Y ELECTRÓNICOS; 200.000,00   
001;AYUNTAMIENTO DE MADRID;3;TASAS, PRECIOS PÚBLICOS Y OTROS INGRESOS;39922;LIQUIDACIÓN CANON CONTROL DE VERTIDOS; 4.225.968,00   
001;AYUNTAMIENTO DE MADRID;3;TASAS, PRECIOS PÚBLICOS Y OTROS INGRESOS;39923;INDEMNIZACIONES POR SENTENCIAS JUDICIALES Y SIMILA; 10.000,00   
001;AYUNTAMIENTO DE MADRID;3;TASAS, PRECIOS PÚBLICOS Y OTROS INGRESOS;39980;EMBARGOS Y/O COMPENSACIONES RECAUDACIÓN EJECUTIVA; 121.096,00   
001;AYUNTAMIENTO DE MADRID;3;TASAS, PRECIOS PÚBLICOS Y OTROS INGRESOS;39999;OTROS INGRESOS DIVERSOS; 20.048,00   
001;AYUNTAMIENTO DE MADRID;4;TRANSFERENCIAS CORRIENTES;42010;FONDO COMPLEMENTARIO DE FINANCIACIÓN; 1.521.478.584,00   
001;AYUNTAMIENTO DE MADRID;4;TRANSFERENCIAS CORRIENTES;42020;COMPENSACIÓN POR BENEFICIOS FISCALES; 614.362,00   
001;AYUNTAMIENTO DE MADRID;4;TRANSFERENCIAS CORRIENTES;42030;PACTO DE ESTADO CONTRA LA VIOLENCIA DE GÉNERO; 588.981,00   
001;AYUNTAMIENTO DE MADRID;4;TRANSFERENCIAS CORRIENTES;42102;DEL INSTITUTO NACIONAL DE ESTADÍSTICA (INE); 34.000,00   
001;AYUNTAMIENTO DE MADRID;4;TRANSFERENCIAS CORRIENTES;42300;DE LA S.E. LOTERÍAS Y APUESTAS DEL ESTADO; 350.000,00   
001;AYUNTAMIENTO DE MADRID;4;TRANSFERENCIAS CORRIENTES;45002;C. MADRID - ATENCIÓN DEPENDENCIA Y OTROS PROGRAMAS; 72.941.443,00   
001;AYUNTAMIENTO DE MADRID;4;TRANSFERENCIAS CORRIENTES;45003;COMUNIDAD DE MADRID - ATENCIÓN PERSONAS SIN HOGAR; 250.000,00   
001;AYUNTAMIENTO DE MADRID;4;TRANSFERENCIAS CORRIENTES;45032;COM.  DE MADRID - EDUCACIÓN. ABSENTISMO ESCOLAR; 400.000,00   
001;AYUNTAMIENTO DE MADRID;4;TRANSFERENCIAS CORRIENTES;45050;COM.  DE MADRID - CENTRO OCUPACIONAL VILLAVERDE; 789.324,00   
001;AYUNTAMIENTO DE MADRID;4;TRANSFERENCIAS CORRIENTES;45060;OTROS CONVENIOS DE LA COMUNIDAD DE MADRID; 810.000,00   
001;AYUNTAMIENTO DE MADRID;4;TRANSFERENCIAS CORRIENTES;45062;C. DE MADRID - ERRADICACIÓN VIOLENCIA DE GÉNERO; 428.889,00   
001;AYUNTAMIENTO DE MADRID;4;TRANSFERENCIAS CORRIENTES;45080;OTRAS SUBVENCIONES DE LA COMUNIDAD DE MADRID; 170.000,00   
001;AYUNTAMIENTO DE MADRID;4;TRANSFERENCIAS CORRIENTES;45180;OTRAS SUBV. DE OO.AA. Y AGENCIAS DE LA C.DE MADRID; 90.000,00   
001;AYUNTAMIENTO DE MADRID;4;TRANSFERENCIAS CORRIENTES;47001;FORO DE EMPRESAS; 560.000,00   
001;AYUNTAMIENTO DE MADRID;4;TRANSFERENCIAS CORRIENTES;48003;DE LA FUNDACIÓN ESPECIAL CAJAMADRID; 20.000,00   
001;AYUNTAMIENTO DE MADRID;5;INGRESOS PATRIMONIALES;53400;DE SOCIEDADES Y ENTIDADES DEPENDIENTES DEL AYTO.; 43.457.252,00   
001;AYUNTAMIENTO DE MADRID;5;INGRESOS PATRIMONIALES;53410;SOC. Y ENTID. NO DEPENDIENTES DE LAS ENTID LOCALES; 12.000.000,00   
001;AYUNTAMIENTO DE MADRID;5;INGRESOS PATRIMONIALES;54100;ARRENDAMIENTO DE INMUEBLES URBANOS; 105.711,00   
001;AYUNTAMIENTO DE MADRID;5;INGRESOS PATRIMONIALES;55001;CANON APARCAMIENTOS; 4.435.445,00   
001;AYUNTAMIENTO DE MADRID;5;INGRESOS PATRIMONIALES;55003;CANON PARQUE DE ATRACCIONES; 345.582,00   
001;AYUNTAMIENTO DE MADRID;5;INGRESOS PATRIMONIALES;55004;CANON PARQUE ZOOLÓGICO; 25.000,00   
001;AYUNTAMIENTO DE MADRID;5;INGRESOS PATRIMONIALES;55005;CANON CASA CONTRABANDISTAS; 903.000,00   
001;AYUNTAMIENTO DE MADRID;5;INGRESOS PATRIMONIALES;55007;CANON QUIOSCOS PARQUES Y JARDINES; 2.186.254,00   
001;AYUNTAMIENTO DE MADRID;5;INGRESOS PATRIMONIALES;55008;CANON CASETAS CLAUDIO MOYANO; 98.541,00   
001;AYUNTAMIENTO DE MADRID;5;INGRESOS PATRIMONIALES;55009;CANON M-30; 642.948,00   
001;AYUNTAMIENTO DE MADRID;5;INGRESOS PATRIMONIALES;55010;CANON PALACIO DE HIELO; 342.156,00   
001;AYUNTAMIENTO DE MADRID;5;INGRESOS PATRIMONIALES;55013;CANON RESTAURANTE PLATAFORMA PUENTE DEL REY; 95.325,00   
001;AYUNTAMIENTO DE MADRID;5;INGRESOS PATRIMONIALES;55014;CANON UTILIZACIÓN DEL SUELO; 230.976,00   
001;AYUNTAMIENTO DE MADRID;5;INGRESOS PATRIMONIALES;55015;CANON LOCALES COMERCIALES EN APARCAMIENTOS; 6.933,00   
001;AYUNTAMIENTO DE MADRID;5;INGRESOS PATRIMONIALES;55016;CANON INSTALACIONES DEPORTIVAS DISTRITOS; 1.954.718,00   
001;AYUNTAMIENTO DE MADRID;5;INGRESOS PATRIMONIALES;55017;CANON OTRAS INSTALACIONES DISTRITOS; 82.526,00   
001;AYUNTAMIENTO DE MADRID;5;INGRESOS PATRIMONIALES;55018;CANON MERCADOS DISTRITO Y CENTROS COMERCIALES; 980.000,00   
001;AYUNTAMIENTO DE MADRID;5;INGRESOS PATRIMONIALES;55020;CANON COLUMNAS INFORMATIVAS; 13.645.169,00   
001;AYUNTAMIENTO DE MADRID;5;INGRESOS PATRIMONIALES;55022;CANON ESTACIÓN TRANSPORTES MERCANCÍAS; 371.000,00   
001;AYUNTAMIENTO DE MADRID;5;INGRESOS PATRIMONIALES;55027;CANON ESTACIÓN SUR DE AUTOBUSES; 168.375,00   
001;AYUNTAMIENTO DE MADRID;5;INGRESOS PATRIMONIALES;55028;CANON TRANSPORTE TURÍSTICO EN MADRID; 4.057.171,00   
001;AYUNTAMIENTO DE MADRID;5;INGRESOS PATRIMONIALES;55029;CANON QUIOSCOS DE LOTERÍAS; 17.050,00   
001;AYUNTAMIENTO DE MADRID;5;INGRESOS PATRIMONIALES;55030;CANON QUIOSCOS DE PRENSA Y TABACOS; 444.703,00   
001;AYUNTAMIENTO DE MADRID;5;INGRESOS PATRIMONIALES;55031;CANON CAFETERIAS Y QUIOSCOS EN INST. DEPORTIVAS; 942.619,00   
001;AYUNTAMIENTO DE MADRID;5;INGRESOS PATRIMONIALES;55032;CANON MÁQUINAS VENDING EN INST.MUNICIPALES; 292.520,00   
001;AYUNTAMIENTO DE MADRID;5;INGRESOS PATRIMONIALES;55036;APARCAMIENTO Mº JUSTICIA PZA.VILLA PARIS; 501.263,00   
001;AYUNTAMIENTO DE MADRID;5;INGRESOS PATRIMONIALES;55037;CANON HOTEL CASA DE LA CARNICERÍA; 420.000,00   
001;AYUNTAMIENTO DE MADRID;5;INGRESOS PATRIMONIALES;55039;CANON GESTIÓN RECOGIDA ROPA USADA; 1.065.925,00   
001;AYUNTAMIENTO DE MADRID;5;INGRESOS PATRIMONIALES;55040;CANON RECOGIDA Y GESTIÓN DEL ACEITE VEGETAL USADO; 50.000,00   
001;AYUNTAMIENTO DE MADRID;5;INGRESOS PATRIMONIALES;55042;CANON PALACIO MUNICIPAL DE CONGRESOS; 400.000,00   
001;AYUNTAMIENTO DE MADRID;5;INGRESOS PATRIMONIALES;55099;CANON PERIÓDICO POR OTRAS CONCESIONES; 89.863,00   
001;AYUNTAMIENTO DE MADRID;5;INGRESOS PATRIMONIALES;55100;CANON MERCADILLOS OCASIONALES Y OTRAS INSTALAC.; 11.000,00   
001;AYUNTAMIENTO DE MADRID;5;INGRESOS PATRIMONIALES;55199;CANON NO PERIÓDICO POR OTRAS CONCESIONES; 37.272,00   
001;AYUNTAMIENTO DE MADRID;5;INGRESOS PATRIMONIALES;55200;DERECHO DE SUPERFICIE CON CONTRAPREST. PERIÓDICA; 6.209.875,00   
001;AYUNTAMIENTO DE MADRID;5;INGRESOS PATRIMONIALES;55500;APROVECHAMIENTOS ESPECIALES; 482.805,00   
001;AYUNTAMIENTO DE MADRID;5;INGRESOS PATRIMONIALES;59999;OTROS INGRESOS PATRIMONIALES; 40.752,00   
001;AYUNTAMIENTO DE MADRID;6;ENAJENACIÓN DE INVERSIONES REALES;60300;VENTA DE PARCELAS; 45.394.374,00   
001;AYUNTAMIENTO DE MADRID;6;ENAJENACIÓN DE INVERSIONES REALES;60900;SUELO CEDIDO EN DERECHO DE SUPERFICIE; 5.000,00   
001;AYUNTAMIENTO DE MADRID;7;TRANSFERENCIAS DE CAPITAL;79199;OTRAS TRANSFERENCIAS DEL FEDER; 13.963.635,00   
501;INFORMÁTICA DEL AYUNTAMIENTO DE MADRID;3;TASAS, PRECIOS PÚBLICOS Y OTROS INGRESOS;36000;VENTA DE EFECTOS INÚTILES; 4.800,00   
501;INFORMÁTICA DEL AYUNTAMIENTO DE MADRID;4;TRANSFERENCIAS CORRIENTES;40000;DE LA ADM. GRAL. DEL AYUNTAMIENTO DE MADRID; 93.449.080,00   
501;INFORMÁTICA DEL AYUNTAMIENTO DE MADRID;5;INGRESOS PATRIMONIALES;55032;CANON MÁQUINAS VENDING EN INST.MUNICIPALES; 15.128,00   
501;INFORMÁTICA DEL AYUNTAMIENTO DE MADRID;7;TRANSFERENCIAS DE CAPITAL;70000;DE LA ADMINISTRACIÓN GENERAL AYUNTAMIENTO MADRID; 8.405.324,00   
503;AGENCIA PARA EL EMPLEO DE MADRID;4;TRANSFERENCIAS CORRIENTES;40000;DE LA ADM. GRAL. DEL AYUNTAMIENTO DE MADRID; 31.884.585,00   
503;AGENCIA PARA EL EMPLEO DE MADRID;4;TRANSFERENCIAS CORRIENTES;45053;C. DE MADRID. PROGRAMAS DE EMPLEO; 17.167.080,00   
503;AGENCIA PARA EL EMPLEO DE MADRID;4;TRANSFERENCIAS CORRIENTES;49899;DE OTROS PROGRAMAS DE LA UNIÓN EUROPEA; 40.065,00   
503;AGENCIA PARA EL EMPLEO DE MADRID;5;INGRESOS PATRIMONIALES;55032;CANON MÁQUINAS VENDING EN INST.MUNICIPALES; 4.786,00   
503;AGENCIA PARA EL EMPLEO DE MADRID;7;TRANSFERENCIAS DE CAPITAL;70000;DE LA ADMINISTRACIÓN GENERAL AYUNTAMIENTO MADRID; 522.908,00   
506;AGENCIA TRIBUTARIA MADRID;3;TASAS, PRECIOS PÚBLICOS Y OTROS INGRESOS;30903;COPIAS, FOTOCOPIAS Y FOTOGRAFÍAS; 2.000,00   
506;AGENCIA TRIBUTARIA MADRID;4;TRANSFERENCIAS CORRIENTES;40000;DE LA ADM. GRAL. DEL AYUNTAMIENTO DE MADRID; 59.948.047,00   
506;AGENCIA TRIBUTARIA MADRID;5;INGRESOS PATRIMONIALES;55032;CANON MÁQUINAS VENDING EN INST.MUNICIPALES; 3.200,00   
506;AGENCIA TRIBUTARIA MADRID;7;TRANSFERENCIAS DE CAPITAL;70000;DE LA ADMINISTRACIÓN GENERAL AYUNTAMIENTO MADRID; 123.800,00   
508;MADRID SALUD;4;TRANSFERENCIAS CORRIENTES;40000;DE LA ADM. GRAL. DEL AYUNTAMIENTO DE MADRID; 89.365.571,00   
508;MADRID SALUD;7;TRANSFERENCIAS DE CAPITAL;70000;DE LA ADMINISTRACIÓN GENERAL AYUNTAMIENTO MADRID; 877.513,00   
509;AGENCIA DE ACTIVIDADES;4;TRANSFERENCIAS CORRIENTES;40000;DE LA ADM. GRAL. DEL AYUNTAMIENTO DE MADRID; 14.676.300,00   
902;CONSORC. PLAN REHAB. Y EQUIP. DE TEATROS;7;TRANSFERENCIAS DE CAPITAL;70000;DE LA ADMINISTRACIÓN GENERAL AYUNTAMIENTO MADRID; 125.000,00   
902;CONSORC. PLAN REHAB. Y EQUIP. DE TEATROS;7;TRANSFERENCIAS DE CAPITAL;72190;DE OTROS ORGANISMOS AUTÓNOMOS Y AGENCIAS; 125.000,00   
902;CONSORC. PLAN REHAB. Y EQUIP. DE TEATROS;7;TRANSFERENCIAS DE CAPITAL;75099;OTRAS TRANSFERENCIAS DE LA COMUNIDAD DE MADRID; 125.000,00   
